id,tau,E,train_len,train_ind_i,knn,Tp_flag,Tp,lag,Tp_lag_total,sample,weighted,target_var,col_var,surr_var,surr_num,col_var_id,target_var_id
1786473082676,1,5,,0,20,,1,-41,32,100,False,TSI,temp,neither,0,Erb22daGMST,Wu18TSI
1786473082677,1,5,,0,20,,1,-40,32,100,False,TSI,temp,neither,0,Erb22daGMST,Wu18TSI
1786473082678,1,5,,0,20,,1,-39,32,100,False,TSI,temp,neither,0,Erb22daGMST,Wu18TSI
1786473082680,1,5,,0,20,,1,-38,32,100,False,TSI,temp,neither,0,Erb22daGMST,Wu18TSI
1786473082681,1,5,,0,20,,1,-37,32,100,False,TSI,temp,neither,0,Erb22daGMST,Wu18TSI
1786473082682,1,5,,0,20,,1,-36,32,100,False,TSI,temp,neither,0,Erb22daGMST,Wu18TSI
1786473082684,1,5,,0,20,,1,-35,32,100,False,TSI,temp,neither,0,Erb22daGMST,Wu18TSI
1786473082685,1,5,,0,20,,1,-34,32,100,False,TSI,temp,neither,0,Erb22daGMST,Wu18TSI
1786473082686,1,5,,0,20,,1,-33,32,100,False,TSI,temp,neither,0,Erb22daGMST,Wu18TSI
1786473082687,1,5,,0,20,,1,-32,32,100,False,TSI,temp,neither,0,Erb22daGMST,Wu18TSI
1786473082689,1,5,,0,20,,1,-31,32,100,False,TSI,temp,neither,0,Erb22daGMST,Wu18TSI
1786473082690,1,5,,0,20,,1,-30,32,100,False,TSI,temp,neither,0,Erb22daGMST,Wu18TSI
1786473082691,1,5,,0,20,,1,-29,32,100,False,TSI,temp,neither,0,Erb22daGMST,Wu18TSI
1786473082692,1,5,,0,20,,1,-28,32,100,False,TSI,temp,neither,0,Erb22daGMST,Wu18TSI
1786473082694,1,5,,0,20,,1,-27,32,100,False,TSI,temp,neither,0,Erb22daGMST,Wu18TSI
1786473082695,1,5,,0,20,,1,-26,32,100,False,TSI,temp,neither,0,Erb22daGMST,Wu18TSI
1786473082696,1,5,,0,20,,1,-25,32,100,False,TSI,temp,neither,0,Erb22daGMST,Wu18TSI
1786473082697,1,5,,0,20,,1,-24,32,100,False,TSI,temp,neither,0,Erb22daGMST,Wu18TSI
1786473082699,1,5,,0,20,,1,-23,32,100,False,TSI,temp,neither,0,Erb22daGMST,Wu18TSI
1786473082700,1,5,,0,20,,1,-22,32,100,False,TSI,temp,neither,0,Erb22daGMST,Wu18TSI
1786473082701,1,5,,0,20,,1,-21,32,100,False,TSI,temp,neither,0,Erb22daGMST,Wu18TSI
1786473082702,1,5,,0,20,,1,-20,32,100,False,TSI,temp,neither,0,Erb22daGMST,Wu18TSI
1786473082704,1,5,,0,20,,1,-19,32,100,False,TSI,temp,neither,0,Erb22daGMST,Wu18TSI
1786473082705,1,5,,0,20,,1,-18,32,100,False,TSI,temp,neither,0,Erb22daGMST,Wu18TSI
1786473082706,1,5,,0,20,,1,-17,32,100,False,TSI,temp,neither,0,Erb22daGMST,Wu18TSI
1786473082708,1,5,,0,20,,1,-16,32,100,False,TSI,temp,neither,0,Erb22daGMST,Wu18TSI
1786473082709,1,5,,0,20,,1,-15,32,100,False,TSI,temp,neither,0,Erb22daGMST,Wu18TSI
1786473082710,1,5,,0,20,,1,-14,32,100,False,TSI,temp,neither,0,Erb22daGMST,Wu18TSI
1786473082711,1,5,,0,20,,1,-13,32,100,False,TSI,temp,neither,0,Erb22daGMST,Wu18TSI
1786473082713,1,5,,0,20,,1,-12,32,100,False,TSI,temp,neither,0,Erb22daGMST,Wu18TSI
1786473082714,1,5,,0,20,,1,-11,32,100,False,TSI,temp,neither,0,Erb22daGMST,Wu18TSI
1786473082715,1,5,,0,20,,1,-10,32,100,False,TSI,temp,neither,0,Erb22daGMST,Wu18TSI
1786473082716,1,5,,0,20,,1,-9,32,100,False,TSI,temp,neither,0,Erb22daGMST,Wu18TSI
1786473082718,1,5,,0,20,,1,-8,32,100,False,TSI,temp,neither,0,Erb22daGMST,Wu18TSI
1786473082719,1,5,,0,20,,1,-7,32,100,False,TSI,temp,neither,0,Erb22daGMST,Wu18TSI
1786473082720,1,5,,0,20,,1,-6,32,100,False,TSI,temp,neither,0,Erb22daGMST,Wu18TSI
1786473082722,1,5,,0,20,,1,-5,32,100,False,TSI,temp,neither,0,Erb22daGMST,Wu18TSI
1786473082723,1,5,,0,20,,1,-4,32,100,False,TSI,temp,neither,0,Erb22daGMST,Wu18TSI
1786473082724,1,5,,0,20,,1,-3,32,100,False,TSI,temp,neither,0,Erb22daGMST,Wu18TSI
1786473082725,1,5,,0,20,,1,-2,32,100,False,TSI,temp,neither,0,Erb22daGMST,Wu18TSI
1786473082727,1,5,,0,20,,1,-1,32,100,False,TSI,temp,neither,0,Erb22daGMST,Wu18TSI
1786473082728,1,5,,0,20,,1,0,32,100,False,TSI,temp,neither,0,Erb22daGMST,Wu18TSI
1786473082729,1,5,,0,20,,1,1,32,100,False,TSI,temp,neither,0,Erb22daGMST,Wu18TSI
1786473082730,1,5,,0,20,,1,2,32,100,False,TSI,temp,neither,0,Erb22daGMST,Wu18TSI
1786473082732,1,5,,0,20,,1,3,32,100,False,TSI,temp,neither,0,Erb22daGMST,Wu18TSI
1786473082733,1,5,,0,20,,1,4,32,100,False,TSI,temp,neither,0,Erb22daGMST,Wu18TSI
1786473082734,1,5,,0,20,,1,5,32,100,False,TSI,temp,neither,0,Erb22daGMST,Wu18TSI
1786473082735,1,5,,0,20,,1,6,32,100,False,TSI,temp,neither,0,Erb22daGMST,Wu18TSI
1786473082737,1,5,,0,20,,1,7,32,100,False,TSI,temp,neither,0,Erb22daGMST,Wu18TSI
1786473082738,1,5,,0,20,,1,8,32,100,False,TSI,temp,neither,0,Erb22daGMST,Wu18TSI
1786473082739,1,5,,0,20,,1,9,32,100,False,TSI,temp,neither,0,Erb22daGMST,Wu18TSI
1786473082741,1,5,,0,20,,1,10,32,100,False,TSI,temp,neither,0,Erb22daGMST,Wu18TSI
1786473082742,1,5,,0,20,,1,11,32,100,False,TSI,temp,neither,0,Erb22daGMST,Wu18TSI
1786473082743,1,5,,0,20,,1,12,32,100,False,TSI,temp,neither,0,Erb22daGMST,Wu18TSI
1786473082744,1,5,,0,20,,1,13,32,100,False,TSI,temp,neither,0,Erb22daGMST,Wu18TSI
1786473082746,1,5,,0,20,,1,14,32,100,False,TSI,temp,neither,0,Erb22daGMST,Wu18TSI
1786473082747,1,5,,0,20,,1,15,32,100,False,TSI,temp,neither,0,Erb22daGMST,Wu18TSI
1786473082748,1,5,,0,20,,1,16,32,100,False,TSI,temp,neither,0,Erb22daGMST,Wu18TSI
1786473082749,1,5,,0,20,,1,17,32,100,False,TSI,temp,neither,0,Erb22daGMST,Wu18TSI
1786473082751,1,5,,0,20,,1,18,32,100,False,TSI,temp,neither,0,Erb22daGMST,Wu18TSI
1786473082752,1,5,,0,20,,1,19,32,100,False,TSI,temp,neither,0,Erb22daGMST,Wu18TSI
1786473082753,1,5,,0,20,,1,20,32,100,False,TSI,temp,neither,0,Erb22daGMST,Wu18TSI
1786473082755,1,5,,0,20,,1,21,32,100,False,TSI,temp,neither,0,Erb22daGMST,Wu18TSI
1786473082756,1,5,,0,20,,1,22,32,100,False,TSI,temp,neither,0,Erb22daGMST,Wu18TSI
1786473082757,1,5,,0,20,,1,23,32,100,False,TSI,temp,neither,0,Erb22daGMST,Wu18TSI
1786473082758,1,5,,0,20,,1,24,32,100,False,TSI,temp,neither,0,Erb22daGMST,Wu18TSI
1786473082760,1,5,,0,20,,1,25,32,100,False,TSI,temp,neither,0,Erb22daGMST,Wu18TSI
1786473082761,1,5,,0,20,,1,26,32,100,False,TSI,temp,neither,0,Erb22daGMST,Wu18TSI
1786473082762,1,5,,0,20,,1,27,32,100,False,TSI,temp,neither,0,Erb22daGMST,Wu18TSI
1786473082763,1,5,,0,20,,1,28,32,100,False,TSI,temp,neither,0,Erb22daGMST,Wu18TSI
1786473082765,1,5,,0,20,,1,29,32,100,False,TSI,temp,neither,0,Erb22daGMST,Wu18TSI
1786473082766,1,5,,0,20,,1,30,32,100,False,TSI,temp,neither,0,Erb22daGMST,Wu18TSI
1786473082767,1,5,,0,20,,1,31,32,100,False,TSI,temp,neither,0,Erb22daGMST,Wu18TSI
1786473082769,1,5,,0,20,,1,32,32,100,False,TSI,temp,neither,0,Erb22daGMST,Wu18TSI
1786473082770,1,5,,0,20,,1,33,32,100,False,TSI,temp,neither,0,Erb22daGMST,Wu18TSI
1786473082771,1,5,,0,20,,1,34,32,100,False,TSI,temp,neither,0,Erb22daGMST,Wu18TSI
1786473082772,1,5,,0,20,,1,35,32,100,False,TSI,temp,neither,0,Erb22daGMST,Wu18TSI
1786473082774,1,5,,0,20,,1,36,32,100,False,TSI,temp,neither,0,Erb22daGMST,Wu18TSI
1786473082775,1,5,,0,20,,1,37,32,100,False,TSI,temp,neither,0,Erb22daGMST,Wu18TSI
1786473082776,1,5,,0,20,,1,38,32,100,False,TSI,temp,neither,0,Erb22daGMST,Wu18TSI
1786473082778,1,5,,0,20,,1,39,32,100,False,TSI,temp,neither,0,Erb22daGMST,Wu18TSI
1786473082779,1,5,,0,20,,1,40,32,100,False,TSI,temp,neither,0,Erb22daGMST,Wu18TSI
1786473082780,1,6,,0,20,,1,-41,32,100,False,TSI,temp,neither,0,Erb22daGMST,Wu18TSI
1786473082781,1,6,,0,20,,1,-40,32,100,False,TSI,temp,neither,0,Erb22daGMST,Wu18TSI
1786473082783,1,6,,0,20,,1,-39,32,100,False,TSI,temp,neither,0,Erb22daGMST,Wu18TSI
1786473082784,1,6,,0,20,,1,-38,32,100,False,TSI,temp,neither,0,Erb22daGMST,Wu18TSI
1786473082785,1,6,,0,20,,1,-37,32,100,False,TSI,temp,neither,0,Erb22daGMST,Wu18TSI
1786473082786,1,6,,0,20,,1,-36,32,100,False,TSI,temp,neither,0,Erb22daGMST,Wu18TSI
1786473082788,1,6,,0,20,,1,-35,32,100,False,TSI,temp,neither,0,Erb22daGMST,Wu18TSI
1786473082789,1,6,,0,20,,1,-34,32,100,False,TSI,temp,neither,0,Erb22daGMST,Wu18TSI
1786473082790,1,6,,0,20,,1,-33,32,100,False,TSI,temp,neither,0,Erb22daGMST,Wu18TSI
1786473082791,1,6,,0,20,,1,-32,32,100,False,TSI,temp,neither,0,Erb22daGMST,Wu18TSI
1786473082793,1,6,,0,20,,1,-31,32,100,False,TSI,temp,neither,0,Erb22daGMST,Wu18TSI
1786473082794,1,6,,0,20,,1,-30,32,100,False,TSI,temp,neither,0,Erb22daGMST,Wu18TSI
1786473082795,1,6,,0,20,,1,-29,32,100,False,TSI,temp,neither,0,Erb22daGMST,Wu18TSI
1786473082797,1,6,,0,20,,1,-28,32,100,False,TSI,temp,neither,0,Erb22daGMST,Wu18TSI
1786473082798,1,6,,0,20,,1,-27,32,100,False,TSI,temp,neither,0,Erb22daGMST,Wu18TSI
1786473082799,1,6,,0,20,,1,-26,32,100,False,TSI,temp,neither,0,Erb22daGMST,Wu18TSI
1786473082800,1,6,,0,20,,1,-25,32,100,False,TSI,temp,neither,0,Erb22daGMST,Wu18TSI
1786473082802,1,6,,0,20,,1,-24,32,100,False,TSI,temp,neither,0,Erb22daGMST,Wu18TSI
1786473082803,1,6,,0,20,,1,-23,32,100,False,TSI,temp,neither,0,Erb22daGMST,Wu18TSI
1786473082804,1,6,,0,20,,1,-22,32,100,False,TSI,temp,neither,0,Erb22daGMST,Wu18TSI
1786473082806,1,6,,0,20,,1,-21,32,100,False,TSI,temp,neither,0,Erb22daGMST,Wu18TSI
1786473082807,1,6,,0,20,,1,-20,32,100,False,TSI,temp,neither,0,Erb22daGMST,Wu18TSI
1786473082808,1,6,,0,20,,1,-19,32,100,False,TSI,temp,neither,0,Erb22daGMST,Wu18TSI
1786473082809,1,6,,0,20,,1,-18,32,100,False,TSI,temp,neither,0,Erb22daGMST,Wu18TSI
1786473082811,1,6,,0,20,,1,-17,32,100,False,TSI,temp,neither,0,Erb22daGMST,Wu18TSI
1786473082812,1,6,,0,20,,1,-16,32,100,False,TSI,temp,neither,0,Erb22daGMST,Wu18TSI
1786473082813,1,6,,0,20,,1,-15,32,100,False,TSI,temp,neither,0,Erb22daGMST,Wu18TSI
1786473082814,1,6,,0,20,,1,-14,32,100,False,TSI,temp,neither,0,Erb22daGMST,Wu18TSI
1786473082816,1,6,,0,20,,1,-13,32,100,False,TSI,temp,neither,0,Erb22daGMST,Wu18TSI
1786473082817,1,6,,0,20,,1,-12,32,100,False,TSI,temp,neither,0,Erb22daGMST,Wu18TSI
1786473082818,1,6,,0,20,,1,-11,32,100,False,TSI,temp,neither,0,Erb22daGMST,Wu18TSI
1786473082820,1,6,,0,20,,1,-10,32,100,False,TSI,temp,neither,0,Erb22daGMST,Wu18TSI
1786473082821,1,6,,0,20,,1,-9,32,100,False,TSI,temp,neither,0,Erb22daGMST,Wu18TSI
1786473082822,1,6,,0,20,,1,-8,32,100,False,TSI,temp,neither,0,Erb22daGMST,Wu18TSI
1786473082823,1,6,,0,20,,1,-7,32,100,False,TSI,temp,neither,0,Erb22daGMST,Wu18TSI
1786473082825,1,6,,0,20,,1,-6,32,100,False,TSI,temp,neither,0,Erb22daGMST,Wu18TSI
1786473082826,1,6,,0,20,,1,-5,32,100,False,TSI,temp,neither,0,Erb22daGMST,Wu18TSI
1786473082827,1,6,,0,20,,1,-4,32,100,False,TSI,temp,neither,0,Erb22daGMST,Wu18TSI
1786473082828,1,6,,0,20,,1,-3,32,100,False,TSI,temp,neither,0,Erb22daGMST,Wu18TSI
1786473082830,1,6,,0,20,,1,-2,32,100,False,TSI,temp,neither,0,Erb22daGMST,Wu18TSI
1786473082831,1,6,,0,20,,1,-1,32,100,False,TSI,temp,neither,0,Erb22daGMST,Wu18TSI
1786473082832,1,6,,0,20,,1,0,32,100,False,TSI,temp,neither,0,Erb22daGMST,Wu18TSI
1786473082833,1,6,,0,20,,1,1,32,100,False,TSI,temp,neither,0,Erb22daGMST,Wu18TSI
1786473082835,1,6,,0,20,,1,2,32,100,False,TSI,temp,neither,0,Erb22daGMST,Wu18TSI
1786473082836,1,6,,0,20,,1,3,32,100,False,TSI,temp,neither,0,Erb22daGMST,Wu18TSI
1786473082837,1,6,,0,20,,1,4,32,100,False,TSI,temp,neither,0,Erb22daGMST,Wu18TSI
1786473082839,1,6,,0,20,,1,5,32,100,False,TSI,temp,neither,0,Erb22daGMST,Wu18TSI
1786473082840,1,6,,0,20,,1,6,32,100,False,TSI,temp,neither,0,Erb22daGMST,Wu18TSI
1786473082841,1,6,,0,20,,1,7,32,100,False,TSI,temp,neither,0,Erb22daGMST,Wu18TSI
1786473082842,1,6,,0,20,,1,8,32,100,False,TSI,temp,neither,0,Erb22daGMST,Wu18TSI
1786473082844,1,6,,0,20,,1,9,32,100,False,TSI,temp,neither,0,Erb22daGMST,Wu18TSI
1786473082845,1,6,,0,20,,1,10,32,100,False,TSI,temp,neither,0,Erb22daGMST,Wu18TSI
1786473082846,1,6,,0,20,,1,11,32,100,False,TSI,temp,neither,0,Erb22daGMST,Wu18TSI
1786473082847,1,6,,0,20,,1,12,32,100,False,TSI,temp,neither,0,Erb22daGMST,Wu18TSI
1786473082849,1,6,,0,20,,1,13,32,100,False,TSI,temp,neither,0,Erb22daGMST,Wu18TSI
1786473082850,1,6,,0,20,,1,14,32,100,False,TSI,temp,neither,0,Erb22daGMST,Wu18TSI
1786473082851,1,6,,0,20,,1,15,32,100,False,TSI,temp,neither,0,Erb22daGMST,Wu18TSI
1786473082853,1,6,,0,20,,1,16,32,100,False,TSI,temp,neither,0,Erb22daGMST,Wu18TSI
1786473082854,1,6,,0,20,,1,17,32,100,False,TSI,temp,neither,0,Erb22daGMST,Wu18TSI
1786473082855,1,6,,0,20,,1,18,32,100,False,TSI,temp,neither,0,Erb22daGMST,Wu18TSI
1786473082856,1,6,,0,20,,1,19,32,100,False,TSI,temp,neither,0,Erb22daGMST,Wu18TSI
1786473082858,1,6,,0,20,,1,20,32,100,False,TSI,temp,neither,0,Erb22daGMST,Wu18TSI
1786473082859,1,6,,0,20,,1,21,32,100,False,TSI,temp,neither,0,Erb22daGMST,Wu18TSI
1786473082860,1,6,,0,20,,1,22,32,100,False,TSI,temp,neither,0,Erb22daGMST,Wu18TSI
1786473082861,1,6,,0,20,,1,23,32,100,False,TSI,temp,neither,0,Erb22daGMST,Wu18TSI
1786473082863,1,6,,0,20,,1,24,32,100,False,TSI,temp,neither,0,Erb22daGMST,Wu18TSI
1786473082864,1,6,,0,20,,1,25,32,100,False,TSI,temp,neither,0,Erb22daGMST,Wu18TSI
1786473082865,1,6,,0,20,,1,26,32,100,False,TSI,temp,neither,0,Erb22daGMST,Wu18TSI
1786473082866,1,6,,0,20,,1,27,32,100,False,TSI,temp,neither,0,Erb22daGMST,Wu18TSI
1786473082868,1,6,,0,20,,1,28,32,100,False,TSI,temp,neither,0,Erb22daGMST,Wu18TSI
1786473082869,1,6,,0,20,,1,29,32,100,False,TSI,temp,neither,0,Erb22daGMST,Wu18TSI
1786473082870,1,6,,0,20,,1,30,32,100,False,TSI,temp,neither,0,Erb22daGMST,Wu18TSI
1786473082872,1,6,,0,20,,1,31,32,100,False,TSI,temp,neither,0,Erb22daGMST,Wu18TSI
1786473082873,1,6,,0,20,,1,32,32,100,False,TSI,temp,neither,0,Erb22daGMST,Wu18TSI
1786473082874,1,6,,0,20,,1,33,32,100,False,TSI,temp,neither,0,Erb22daGMST,Wu18TSI
1786473082875,1,6,,0,20,,1,34,32,100,False,TSI,temp,neither,0,Erb22daGMST,Wu18TSI
1786473082877,1,6,,0,20,,1,35,32,100,False,TSI,temp,neither,0,Erb22daGMST,Wu18TSI
1786473082878,1,6,,0,20,,1,36,32,100,False,TSI,temp,neither,0,Erb22daGMST,Wu18TSI
1786473082879,1,6,,0,20,,1,37,32,100,False,TSI,temp,neither,0,Erb22daGMST,Wu18TSI
1786473082880,1,6,,0,20,,1,38,32,100,False,TSI,temp,neither,0,Erb22daGMST,Wu18TSI
1786473082882,1,6,,0,20,,1,39,32,100,False,TSI,temp,neither,0,Erb22daGMST,Wu18TSI
1786473082883,1,6,,0,20,,1,40,32,100,False,TSI,temp,neither,0,Erb22daGMST,Wu18TSI
1786473082884,1,7,,0,20,,1,-41,32,100,False,TSI,temp,neither,0,Erb22daGMST,Wu18TSI
1786473082886,1,7,,0,20,,1,-40,32,100,False,TSI,temp,neither,0,Erb22daGMST,Wu18TSI
1786473082887,1,7,,0,20,,1,-39,32,100,False,TSI,temp,neither,0,Erb22daGMST,Wu18TSI
1786473082888,1,7,,0,20,,1,-38,32,100,False,TSI,temp,neither,0,Erb22daGMST,Wu18TSI
1786473082889,1,7,,0,20,,1,-37,32,100,False,TSI,temp,neither,0,Erb22daGMST,Wu18TSI
1786473082891,1,7,,0,20,,1,-36,32,100,False,TSI,temp,neither,0,Erb22daGMST,Wu18TSI
1786473082892,1,7,,0,20,,1,-35,32,100,False,TSI,temp,neither,0,Erb22daGMST,Wu18TSI
1786473082893,1,7,,0,20,,1,-34,32,100,False,TSI,temp,neither,0,Erb22daGMST,Wu18TSI
1786473082894,1,7,,0,20,,1,-33,32,100,False,TSI,temp,neither,0,Erb22daGMST,Wu18TSI
1786473082896,1,7,,0,20,,1,-32,32,100,False,TSI,temp,neither,0,Erb22daGMST,Wu18TSI
1786473082897,1,7,,0,20,,1,-31,32,100,False,TSI,temp,neither,0,Erb22daGMST,Wu18TSI
1786473082898,1,7,,0,20,,1,-30,32,100,False,TSI,temp,neither,0,Erb22daGMST,Wu18TSI
1786473082900,1,7,,0,20,,1,-29,32,100,False,TSI,temp,neither,0,Erb22daGMST,Wu18TSI
1786473082901,1,7,,0,20,,1,-28,32,100,False,TSI,temp,neither,0,Erb22daGMST,Wu18TSI
1786473082902,1,7,,0,20,,1,-27,32,100,False,TSI,temp,neither,0,Erb22daGMST,Wu18TSI
1786473082903,1,7,,0,20,,1,-26,32,100,False,TSI,temp,neither,0,Erb22daGMST,Wu18TSI
1786473082905,1,7,,0,20,,1,-25,32,100,False,TSI,temp,neither,0,Erb22daGMST,Wu18TSI
1786473082906,1,7,,0,20,,1,-24,32,100,False,TSI,temp,neither,0,Erb22daGMST,Wu18TSI
1786473082907,1,7,,0,20,,1,-23,32,100,False,TSI,temp,neither,0,Erb22daGMST,Wu18TSI
1786473082908,1,7,,0,20,,1,-22,32,100,False,TSI,temp,neither,0,Erb22daGMST,Wu18TSI
1786473082910,1,7,,0,20,,1,-21,32,100,False,TSI,temp,neither,0,Erb22daGMST,Wu18TSI
1786473082911,1,7,,0,20,,1,-20,32,100,False,TSI,temp,neither,0,Erb22daGMST,Wu18TSI
1786473082912,1,7,,0,20,,1,-19,32,100,False,TSI,temp,neither,0,Erb22daGMST,Wu18TSI
1786473082914,1,7,,0,20,,1,-18,32,100,False,TSI,temp,neither,0,Erb22daGMST,Wu18TSI
1786473082915,1,7,,0,20,,1,-17,32,100,False,TSI,temp,neither,0,Erb22daGMST,Wu18TSI
1786473082916,1,7,,0,20,,1,-16,32,100,False,TSI,temp,neither,0,Erb22daGMST,Wu18TSI
1786473082917,1,7,,0,20,,1,-15,32,100,False,TSI,temp,neither,0,Erb22daGMST,Wu18TSI
1786473082919,1,7,,0,20,,1,-14,32,100,False,TSI,temp,neither,0,Erb22daGMST,Wu18TSI
1786473082920,1,7,,0,20,,1,-13,32,100,False,TSI,temp,neither,0,Erb22daGMST,Wu18TSI
1786473082921,1,7,,0,20,,1,-12,32,100,False,TSI,temp,neither,0,Erb22daGMST,Wu18TSI
1786473082922,1,7,,0,20,,1,-11,32,100,False,TSI,temp,neither,0,Erb22daGMST,Wu18TSI
1786473082924,1,7,,0,20,,1,-10,32,100,False,TSI,temp,neither,0,Erb22daGMST,Wu18TSI
1786473082925,1,7,,0,20,,1,-9,32,100,False,TSI,temp,neither,0,Erb22daGMST,Wu18TSI
1786473082926,1,7,,0,20,,1,-8,32,100,False,TSI,temp,neither,0,Erb22daGMST,Wu18TSI
1786473082928,1,7,,0,20,,1,-7,32,100,False,TSI,temp,neither,0,Erb22daGMST,Wu18TSI
1786473082929,1,7,,0,20,,1,-6,32,100,False,TSI,temp,neither,0,Erb22daGMST,Wu18TSI
1786473082930,1,7,,0,20,,1,-5,32,100,False,TSI,temp,neither,0,Erb22daGMST,Wu18TSI
1786473082932,1,7,,0,20,,1,-4,32,100,False,TSI,temp,neither,0,Erb22daGMST,Wu18TSI
1786473082933,1,7,,0,20,,1,-3,32,100,False,TSI,temp,neither,0,Erb22daGMST,Wu18TSI
1786473082934,1,7,,0,20,,1,-2,32,100,False,TSI,temp,neither,0,Erb22daGMST,Wu18TSI
1786473082935,1,7,,0,20,,1,-1,32,100,False,TSI,temp,neither,0,Erb22daGMST,Wu18TSI
1786473082937,1,7,,0,20,,1,0,32,100,False,TSI,temp,neither,0,Erb22daGMST,Wu18TSI
1786473082938,1,7,,0,20,,1,1,32,100,False,TSI,temp,neither,0,Erb22daGMST,Wu18TSI
1786473082939,1,7,,0,20,,1,2,32,100,False,TSI,temp,neither,0,Erb22daGMST,Wu18TSI
1786473082940,1,7,,0,20,,1,3,32,100,False,TSI,temp,neither,0,Erb22daGMST,Wu18TSI
1786473082942,1,7,,0,20,,1,4,32,100,False,TSI,temp,neither,0,Erb22daGMST,Wu18TSI
1786473082943,1,7,,0,20,,1,5,32,100,False,TSI,temp,neither,0,Erb22daGMST,Wu18TSI
1786473082944,1,7,,0,20,,1,6,32,100,False,TSI,temp,neither,0,Erb22daGMST,Wu18TSI
1786473082945,1,7,,0,20,,1,7,32,100,False,TSI,temp,neither,0,Erb22daGMST,Wu18TSI
1786473082946,1,7,,0,20,,1,8,32,100,False,TSI,temp,neither,0,Erb22daGMST,Wu18TSI
1786473082948,1,7,,0,20,,1,9,32,100,False,TSI,temp,neither,0,Erb22daGMST,Wu18TSI
1786473082949,1,7,,0,20,,1,10,32,100,False,TSI,temp,neither,0,Erb22daGMST,Wu18TSI
1786473082950,1,7,,0,20,,1,11,32,100,False,TSI,temp,neither,0,Erb22daGMST,Wu18TSI
1786473082951,1,7,,0,20,,1,12,32,100,False,TSI,temp,neither,0,Erb22daGMST,Wu18TSI
1786473082953,1,7,,0,20,,1,13,32,100,False,TSI,temp,neither,0,Erb22daGMST,Wu18TSI
1786473082954,1,7,,0,20,,1,14,32,100,False,TSI,temp,neither,0,Erb22daGMST,Wu18TSI
1786473082955,1,7,,0,20,,1,15,32,100,False,TSI,temp,neither,0,Erb22daGMST,Wu18TSI
1786473082956,1,7,,0,20,,1,16,32,100,False,TSI,temp,neither,0,Erb22daGMST,Wu18TSI
1786473082958,1,7,,0,20,,1,17,32,100,False,TSI,temp,neither,0,Erb22daGMST,Wu18TSI
1786473082959,1,7,,0,20,,1,18,32,100,False,TSI,temp,neither,0,Erb22daGMST,Wu18TSI
1786473082960,1,7,,0,20,,1,19,32,100,False,TSI,temp,neither,0,Erb22daGMST,Wu18TSI
1786473082961,1,7,,0,20,,1,20,32,100,False,TSI,temp,neither,0,Erb22daGMST,Wu18TSI
1786473082963,1,7,,0,20,,1,21,32,100,False,TSI,temp,neither,0,Erb22daGMST,Wu18TSI
1786473082964,1,7,,0,20,,1,22,32,100,False,TSI,temp,neither,0,Erb22daGMST,Wu18TSI
1786473082965,1,7,,0,20,,1,23,32,100,False,TSI,temp,neither,0,Erb22daGMST,Wu18TSI
1786473082967,1,7,,0,20,,1,24,32,100,False,TSI,temp,neither,0,Erb22daGMST,Wu18TSI
1786473082968,1,7,,0,20,,1,25,32,100,False,TSI,temp,neither,0,Erb22daGMST,Wu18TSI
1786473082969,1,7,,0,20,,1,26,32,100,False,TSI,temp,neither,0,Erb22daGMST,Wu18TSI
1786473082970,1,7,,0,20,,1,27,32,100,False,TSI,temp,neither,0,Erb22daGMST,Wu18TSI
1786473082972,1,7,,0,20,,1,28,32,100,False,TSI,temp,neither,0,Erb22daGMST,Wu18TSI
1786473082973,1,7,,0,20,,1,29,32,100,False,TSI,temp,neither,0,Erb22daGMST,Wu18TSI
1786473082974,1,7,,0,20,,1,30,32,100,False,TSI,temp,neither,0,Erb22daGMST,Wu18TSI
1786473082975,1,7,,0,20,,1,31,32,100,False,TSI,temp,neither,0,Erb22daGMST,Wu18TSI
1786473082977,1,7,,0,20,,1,32,32,100,False,TSI,temp,neither,0,Erb22daGMST,Wu18TSI
1786473082978,1,7,,0,20,,1,33,32,100,False,TSI,temp,neither,0,Erb22daGMST,Wu18TSI
1786473082979,1,7,,0,20,,1,34,32,100,False,TSI,temp,neither,0,Erb22daGMST,Wu18TSI
1786473082980,1,7,,0,20,,1,35,32,100,False,TSI,temp,neither,0,Erb22daGMST,Wu18TSI
1786473082982,1,7,,0,20,,1,36,32,100,False,TSI,temp,neither,0,Erb22daGMST,Wu18TSI
1786473082983,1,7,,0,20,,1,37,32,100,False,TSI,temp,neither,0,Erb22daGMST,Wu18TSI
1786473082984,1,7,,0,20,,1,38,32,100,False,TSI,temp,neither,0,Erb22daGMST,Wu18TSI
1786473082985,1,7,,0,20,,1,39,32,100,False,TSI,temp,neither,0,Erb22daGMST,Wu18TSI
1786473082987,1,7,,0,20,,1,40,32,100,False,TSI,temp,neither,0,Erb22daGMST,Wu18TSI
1786473082988,2,5,,0,20,,1,-41,32,100,False,TSI,temp,neither,0,Erb22daGMST,Wu18TSI
1786473082989,2,5,,0,20,,1,-40,32,100,False,TSI,temp,neither,0,Erb22daGMST,Wu18TSI
1786473082991,2,5,,0,20,,1,-39,32,100,False,TSI,temp,neither,0,Erb22daGMST,Wu18TSI
1786473082992,2,5,,0,20,,1,-38,32,100,False,TSI,temp,neither,0,Erb22daGMST,Wu18TSI
1786473082993,2,5,,0,20,,1,-37,32,100,False,TSI,temp,neither,0,Erb22daGMST,Wu18TSI
1786473082994,2,5,,0,20,,1,-36,32,100,False,TSI,temp,neither,0,Erb22daGMST,Wu18TSI
1786473082996,2,5,,0,20,,1,-35,32,100,False,TSI,temp,neither,0,Erb22daGMST,Wu18TSI
1786473082997,2,5,,0,20,,1,-34,32,100,False,TSI,temp,neither,0,Erb22daGMST,Wu18TSI
1786473082998,2,5,,0,20,,1,-33,32,100,False,TSI,temp,neither,0,Erb22daGMST,Wu18TSI
1786473082999,2,5,,0,20,,1,-32,32,100,False,TSI,temp,neither,0,Erb22daGMST,Wu18TSI
1786473083001,2,5,,0,20,,1,-31,32,100,False,TSI,temp,neither,0,Erb22daGMST,Wu18TSI
1786473083002,2,5,,0,20,,1,-30,32,100,False,TSI,temp,neither,0,Erb22daGMST,Wu18TSI
1786473083003,2,5,,0,20,,1,-29,32,100,False,TSI,temp,neither,0,Erb22daGMST,Wu18TSI
1786473083004,2,5,,0,20,,1,-28,32,100,False,TSI,temp,neither,0,Erb22daGMST,Wu18TSI
1786473083006,2,5,,0,20,,1,-27,32,100,False,TSI,temp,neither,0,Erb22daGMST,Wu18TSI
1786473083007,2,5,,0,20,,1,-26,32,100,False,TSI,temp,neither,0,Erb22daGMST,Wu18TSI
1786473083008,2,5,,0,20,,1,-25,32,100,False,TSI,temp,neither,0,Erb22daGMST,Wu18TSI
1786473083009,2,5,,0,20,,1,-24,32,100,False,TSI,temp,neither,0,Erb22daGMST,Wu18TSI
1786473083010,2,5,,0,20,,1,-23,32,100,False,TSI,temp,neither,0,Erb22daGMST,Wu18TSI
1786473083012,2,5,,0,20,,1,-22,32,100,False,TSI,temp,neither,0,Erb22daGMST,Wu18TSI
1786473083013,2,5,,0,20,,1,-21,32,100,False,TSI,temp,neither,0,Erb22daGMST,Wu18TSI
1786473083014,2,5,,0,20,,1,-20,32,100,False,TSI,temp,neither,0,Erb22daGMST,Wu18TSI
1786473083015,2,5,,0,20,,1,-19,32,100,False,TSI,temp,neither,0,Erb22daGMST,Wu18TSI
1786473083017,2,5,,0,20,,1,-18,32,100,False,TSI,temp,neither,0,Erb22daGMST,Wu18TSI
1786473083018,2,5,,0,20,,1,-17,32,100,False,TSI,temp,neither,0,Erb22daGMST,Wu18TSI
1786473083019,2,5,,0,20,,1,-16,32,100,False,TSI,temp,neither,0,Erb22daGMST,Wu18TSI
1786473083020,2,5,,0,20,,1,-15,32,100,False,TSI,temp,neither,0,Erb22daGMST,Wu18TSI
1786473083022,2,5,,0,20,,1,-14,32,100,False,TSI,temp,neither,0,Erb22daGMST,Wu18TSI
1786473083023,2,5,,0,20,,1,-13,32,100,False,TSI,temp,neither,0,Erb22daGMST,Wu18TSI
1786473083024,2,5,,0,20,,1,-12,32,100,False,TSI,temp,neither,0,Erb22daGMST,Wu18TSI
1786473083026,2,5,,0,20,,1,-11,32,100,False,TSI,temp,neither,0,Erb22daGMST,Wu18TSI
1786473083027,2,5,,0,20,,1,-10,32,100,False,TSI,temp,neither,0,Erb22daGMST,Wu18TSI
1786473083028,2,5,,0,20,,1,-9,32,100,False,TSI,temp,neither,0,Erb22daGMST,Wu18TSI
1786473083029,2,5,,0,20,,1,-8,32,100,False,TSI,temp,neither,0,Erb22daGMST,Wu18TSI
1786473083031,2,5,,0,20,,1,-7,32,100,False,TSI,temp,neither,0,Erb22daGMST,Wu18TSI
1786473083032,2,5,,0,20,,1,-6,32,100,False,TSI,temp,neither,0,Erb22daGMST,Wu18TSI
1786473083033,2,5,,0,20,,1,-5,32,100,False,TSI,temp,neither,0,Erb22daGMST,Wu18TSI
1786473083034,2,5,,0,20,,1,-4,32,100,False,TSI,temp,neither,0,Erb22daGMST,Wu18TSI
1786473083036,2,5,,0,20,,1,-3,32,100,False,TSI,temp,neither,0,Erb22daGMST,Wu18TSI
1786473083037,2,5,,0,20,,1,-2,32,100,False,TSI,temp,neither,0,Erb22daGMST,Wu18TSI
1786473083038,2,5,,0,20,,1,-1,32,100,False,TSI,temp,neither,0,Erb22daGMST,Wu18TSI
1786473083039,2,5,,0,20,,1,0,32,100,False,TSI,temp,neither,0,Erb22daGMST,Wu18TSI
1786473083041,2,5,,0,20,,1,1,32,100,False,TSI,temp,neither,0,Erb22daGMST,Wu18TSI
1786473083042,2,5,,0,20,,1,2,32,100,False,TSI,temp,neither,0,Erb22daGMST,Wu18TSI
1786473083043,2,5,,0,20,,1,3,32,100,False,TSI,temp,neither,0,Erb22daGMST,Wu18TSI
1786473083044,2,5,,0,20,,1,4,32,100,False,TSI,temp,neither,0,Erb22daGMST,Wu18TSI
1786473083046,2,5,,0,20,,1,5,32,100,False,TSI,temp,neither,0,Erb22daGMST,Wu18TSI
1786473083047,2,5,,0,20,,1,6,32,100,False,TSI,temp,neither,0,Erb22daGMST,Wu18TSI
1786473083048,2,5,,0,20,,1,7,32,100,False,TSI,temp,neither,0,Erb22daGMST,Wu18TSI
1786473083050,2,5,,0,20,,1,8,32,100,False,TSI,temp,neither,0,Erb22daGMST,Wu18TSI
1786473083051,2,5,,0,20,,1,9,32,100,False,TSI,temp,neither,0,Erb22daGMST,Wu18TSI
1786473083052,2,5,,0,20,,1,10,32,100,False,TSI,temp,neither,0,Erb22daGMST,Wu18TSI
1786473083053,2,5,,0,20,,1,11,32,100,False,TSI,temp,neither,0,Erb22daGMST,Wu18TSI
1786473083055,2,5,,0,20,,1,12,32,100,False,TSI,temp,neither,0,Erb22daGMST,Wu18TSI
1786473083056,2,5,,0,20,,1,13,32,100,False,TSI,temp,neither,0,Erb22daGMST,Wu18TSI
1786473083057,2,5,,0,20,,1,14,32,100,False,TSI,temp,neither,0,Erb22daGMST,Wu18TSI
1786473083058,2,5,,0,20,,1,15,32,100,False,TSI,temp,neither,0,Erb22daGMST,Wu18TSI
1786473083060,2,5,,0,20,,1,16,32,100,False,TSI,temp,neither,0,Erb22daGMST,Wu18TSI
1786473083061,2,5,,0,20,,1,17,32,100,False,TSI,temp,neither,0,Erb22daGMST,Wu18TSI
1786473083062,2,5,,0,20,,1,18,32,100,False,TSI,temp,neither,0,Erb22daGMST,Wu18TSI
1786473083063,2,5,,0,20,,1,19,32,100,False,TSI,temp,neither,0,Erb22daGMST,Wu18TSI
1786473083065,2,5,,0,20,,1,20,32,100,False,TSI,temp,neither,0,Erb22daGMST,Wu18TSI
1786473083066,2,5,,0,20,,1,21,32,100,False,TSI,temp,neither,0,Erb22daGMST,Wu18TSI
1786473083067,2,5,,0,20,,1,22,32,100,False,TSI,temp,neither,0,Erb22daGMST,Wu18TSI
1786473083068,2,5,,0,20,,1,23,32,100,False,TSI,temp,neither,0,Erb22daGMST,Wu18TSI
1786473083070,2,5,,0,20,,1,24,32,100,False,TSI,temp,neither,0,Erb22daGMST,Wu18TSI
1786473083071,2,5,,0,20,,1,25,32,100,False,TSI,temp,neither,0,Erb22daGMST,Wu18TSI
1786473083072,2,5,,0,20,,1,26,32,100,False,TSI,temp,neither,0,Erb22daGMST,Wu18TSI
1786473083073,2,5,,0,20,,1,27,32,100,False,TSI,temp,neither,0,Erb22daGMST,Wu18TSI
1786473083075,2,5,,0,20,,1,28,32,100,False,TSI,temp,neither,0,Erb22daGMST,Wu18TSI
1786473083076,2,5,,0,20,,1,29,32,100,False,TSI,temp,neither,0,Erb22daGMST,Wu18TSI
1786473083077,2,5,,0,20,,1,30,32,100,False,TSI,temp,neither,0,Erb22daGMST,Wu18TSI
1786473083079,2,5,,0,20,,1,31,32,100,False,TSI,temp,neither,0,Erb22daGMST,Wu18TSI
1786473083080,2,5,,0,20,,1,32,32,100,False,TSI,temp,neither,0,Erb22daGMST,Wu18TSI
1786473083081,2,5,,0,20,,1,33,32,100,False,TSI,temp,neither,0,Erb22daGMST,Wu18TSI
1786473083082,2,5,,0,20,,1,34,32,100,False,TSI,temp,neither,0,Erb22daGMST,Wu18TSI
1786473083084,2,5,,0,20,,1,35,32,100,False,TSI,temp,neither,0,Erb22daGMST,Wu18TSI
1786473083085,2,5,,0,20,,1,36,32,100,False,TSI,temp,neither,0,Erb22daGMST,Wu18TSI
1786473083086,2,5,,0,20,,1,37,32,100,False,TSI,temp,neither,0,Erb22daGMST,Wu18TSI
1786473083087,2,5,,0,20,,1,38,32,100,False,TSI,temp,neither,0,Erb22daGMST,Wu18TSI
1786473083089,2,5,,0,20,,1,39,32,100,False,TSI,temp,neither,0,Erb22daGMST,Wu18TSI
1786473083090,2,5,,0,20,,1,40,32,100,False,TSI,temp,neither,0,Erb22daGMST,Wu18TSI
1786473083091,2,6,,0,20,,1,-41,32,100,False,TSI,temp,neither,0,Erb22daGMST,Wu18TSI
1786473083092,2,6,,0,20,,1,-40,32,100,False,TSI,temp,neither,0,Erb22daGMST,Wu18TSI
1786473083094,2,6,,0,20,,1,-39,32,100,False,TSI,temp,neither,0,Erb22daGMST,Wu18TSI
1786473083095,2,6,,0,20,,1,-38,32,100,False,TSI,temp,neither,0,Erb22daGMST,Wu18TSI
1786473083096,2,6,,0,20,,1,-37,32,100,False,TSI,temp,neither,0,Erb22daGMST,Wu18TSI
1786473083098,2,6,,0,20,,1,-36,32,100,False,TSI,temp,neither,0,Erb22daGMST,Wu18TSI
1786473083099,2,6,,0,20,,1,-35,32,100,False,TSI,temp,neither,0,Erb22daGMST,Wu18TSI
1786473083100,2,6,,0,20,,1,-34,32,100,False,TSI,temp,neither,0,Erb22daGMST,Wu18TSI
1786473083101,2,6,,0,20,,1,-33,32,100,False,TSI,temp,neither,0,Erb22daGMST,Wu18TSI
1786473083103,2,6,,0,20,,1,-32,32,100,False,TSI,temp,neither,0,Erb22daGMST,Wu18TSI
1786473083104,2,6,,0,20,,1,-31,32,100,False,TSI,temp,neither,0,Erb22daGMST,Wu18TSI
1786473083105,2,6,,0,20,,1,-30,32,100,False,TSI,temp,neither,0,Erb22daGMST,Wu18TSI
1786473083106,2,6,,0,20,,1,-29,32,100,False,TSI,temp,neither,0,Erb22daGMST,Wu18TSI
1786473083108,2,6,,0,20,,1,-28,32,100,False,TSI,temp,neither,0,Erb22daGMST,Wu18TSI
1786473083109,2,6,,0,20,,1,-27,32,100,False,TSI,temp,neither,0,Erb22daGMST,Wu18TSI
1786473083110,2,6,,0,20,,1,-26,32,100,False,TSI,temp,neither,0,Erb22daGMST,Wu18TSI
1786473083111,2,6,,0,20,,1,-25,32,100,False,TSI,temp,neither,0,Erb22daGMST,Wu18TSI
1786473083113,2,6,,0,20,,1,-24,32,100,False,TSI,temp,neither,0,Erb22daGMST,Wu18TSI
1786473083114,2,6,,0,20,,1,-23,32,100,False,TSI,temp,neither,0,Erb22daGMST,Wu18TSI
1786473083115,2,6,,0,20,,1,-22,32,100,False,TSI,temp,neither,0,Erb22daGMST,Wu18TSI
1786473083117,2,6,,0,20,,1,-21,32,100,False,TSI,temp,neither,0,Erb22daGMST,Wu18TSI
1786473083118,2,6,,0,20,,1,-20,32,100,False,TSI,temp,neither,0,Erb22daGMST,Wu18TSI
1786473083119,2,6,,0,20,,1,-19,32,100,False,TSI,temp,neither,0,Erb22daGMST,Wu18TSI
1786473083120,2,6,,0,20,,1,-18,32,100,False,TSI,temp,neither,0,Erb22daGMST,Wu18TSI
1786473083122,2,6,,0,20,,1,-17,32,100,False,TSI,temp,neither,0,Erb22daGMST,Wu18TSI
1786473083123,2,6,,0,20,,1,-16,32,100,False,TSI,temp,neither,0,Erb22daGMST,Wu18TSI
1786473083124,2,6,,0,20,,1,-15,32,100,False,TSI,temp,neither,0,Erb22daGMST,Wu18TSI
1786473083126,2,6,,0,20,,1,-14,32,100,False,TSI,temp,neither,0,Erb22daGMST,Wu18TSI
1786473083127,2,6,,0,20,,1,-13,32,100,False,TSI,temp,neither,0,Erb22daGMST,Wu18TSI
1786473083128,2,6,,0,20,,1,-12,32,100,False,TSI,temp,neither,0,Erb22daGMST,Wu18TSI
1786473083129,2,6,,0,20,,1,-11,32,100,False,TSI,temp,neither,0,Erb22daGMST,Wu18TSI
1786473083131,2,6,,0,20,,1,-10,32,100,False,TSI,temp,neither,0,Erb22daGMST,Wu18TSI
1786473083132,2,6,,0,20,,1,-9,32,100,False,TSI,temp,neither,0,Erb22daGMST,Wu18TSI
1786473083133,2,6,,0,20,,1,-8,32,100,False,TSI,temp,neither,0,Erb22daGMST,Wu18TSI
1786473083134,2,6,,0,20,,1,-7,32,100,False,TSI,temp,neither,0,Erb22daGMST,Wu18TSI
1786473083136,2,6,,0,20,,1,-6,32,100,False,TSI,temp,neither,0,Erb22daGMST,Wu18TSI
1786473083137,2,6,,0,20,,1,-5,32,100,False,TSI,temp,neither,0,Erb22daGMST,Wu18TSI
1786473083138,2,6,,0,20,,1,-4,32,100,False,TSI,temp,neither,0,Erb22daGMST,Wu18TSI
1786473083140,2,6,,0,20,,1,-3,32,100,False,TSI,temp,neither,0,Erb22daGMST,Wu18TSI
1786473083141,2,6,,0,20,,1,-2,32,100,False,TSI,temp,neither,0,Erb22daGMST,Wu18TSI
1786473083142,2,6,,0,20,,1,-1,32,100,False,TSI,temp,neither,0,Erb22daGMST,Wu18TSI
1786473083143,2,6,,0,20,,1,0,32,100,False,TSI,temp,neither,0,Erb22daGMST,Wu18TSI
1786473083145,2,6,,0,20,,1,1,32,100,False,TSI,temp,neither,0,Erb22daGMST,Wu18TSI
1786473083146,2,6,,0,20,,1,2,32,100,False,TSI,temp,neither,0,Erb22daGMST,Wu18TSI
1786473083147,2,6,,0,20,,1,3,32,100,False,TSI,temp,neither,0,Erb22daGMST,Wu18TSI
1786473083148,2,6,,0,20,,1,4,32,100,False,TSI,temp,neither,0,Erb22daGMST,Wu18TSI
1786473083150,2,6,,0,20,,1,5,32,100,False,TSI,temp,neither,0,Erb22daGMST,Wu18TSI
1786473083151,2,6,,0,20,,1,6,32,100,False,TSI,temp,neither,0,Erb22daGMST,Wu18TSI
1786473083152,2,6,,0,20,,1,7,32,100,False,TSI,temp,neither,0,Erb22daGMST,Wu18TSI
1786473083154,2,6,,0,20,,1,8,32,100,False,TSI,temp,neither,0,Erb22daGMST,Wu18TSI
1786473083155,2,6,,0,20,,1,9,32,100,False,TSI,temp,neither,0,Erb22daGMST,Wu18TSI
1786473083156,2,6,,0,20,,1,10,32,100,False,TSI,temp,neither,0,Erb22daGMST,Wu18TSI
1786473083157,2,6,,0,20,,1,11,32,100,False,TSI,temp,neither,0,Erb22daGMST,Wu18TSI
1786473083159,2,6,,0,20,,1,12,32,100,False,TSI,temp,neither,0,Erb22daGMST,Wu18TSI
1786473083160,2,6,,0,20,,1,13,32,100,False,TSI,temp,neither,0,Erb22daGMST,Wu18TSI
1786473083161,2,6,,0,20,,1,14,32,100,False,TSI,temp,neither,0,Erb22daGMST,Wu18TSI
1786473083162,2,6,,0,20,,1,15,32,100,False,TSI,temp,neither,0,Erb22daGMST,Wu18TSI
1786473083164,2,6,,0,20,,1,16,32,100,False,TSI,temp,neither,0,Erb22daGMST,Wu18TSI
1786473083165,2,6,,0,20,,1,17,32,100,False,TSI,temp,neither,0,Erb22daGMST,Wu18TSI
1786473083166,2,6,,0,20,,1,18,32,100,False,TSI,temp,neither,0,Erb22daGMST,Wu18TSI
1786473083168,2,6,,0,20,,1,19,32,100,False,TSI,temp,neither,0,Erb22daGMST,Wu18TSI
1786473083169,2,6,,0,20,,1,20,32,100,False,TSI,temp,neither,0,Erb22daGMST,Wu18TSI
1786473083170,2,6,,0,20,,1,21,32,100,False,TSI,temp,neither,0,Erb22daGMST,Wu18TSI
1786473083171,2,6,,0,20,,1,22,32,100,False,TSI,temp,neither,0,Erb22daGMST,Wu18TSI
1786473083173,2,6,,0,20,,1,23,32,100,False,TSI,temp,neither,0,Erb22daGMST,Wu18TSI
1786473083174,2,6,,0,20,,1,24,32,100,False,TSI,temp,neither,0,Erb22daGMST,Wu18TSI
1786473083175,2,6,,0,20,,1,25,32,100,False,TSI,temp,neither,0,Erb22daGMST,Wu18TSI
1786473083176,2,6,,0,20,,1,26,32,100,False,TSI,temp,neither,0,Erb22daGMST,Wu18TSI
1786473083178,2,6,,0,20,,1,27,32,100,False,TSI,temp,neither,0,Erb22daGMST,Wu18TSI
1786473083179,2,6,,0,20,,1,28,32,100,False,TSI,temp,neither,0,Erb22daGMST,Wu18TSI
1786473083180,2,6,,0,20,,1,29,32,100,False,TSI,temp,neither,0,Erb22daGMST,Wu18TSI
1786473083182,2,6,,0,20,,1,30,32,100,False,TSI,temp,neither,0,Erb22daGMST,Wu18TSI
1786473083183,2,6,,0,20,,1,31,32,100,False,TSI,temp,neither,0,Erb22daGMST,Wu18TSI
1786473083184,2,6,,0,20,,1,32,32,100,False,TSI,temp,neither,0,Erb22daGMST,Wu18TSI
1786473083185,2,6,,0,20,,1,33,32,100,False,TSI,temp,neither,0,Erb22daGMST,Wu18TSI
1786473083186,2,6,,0,20,,1,34,32,100,False,TSI,temp,neither,0,Erb22daGMST,Wu18TSI
1786473083188,2,6,,0,20,,1,35,32,100,False,TSI,temp,neither,0,Erb22daGMST,Wu18TSI
1786473083189,2,6,,0,20,,1,36,32,100,False,TSI,temp,neither,0,Erb22daGMST,Wu18TSI
1786473083190,2,6,,0,20,,1,37,32,100,False,TSI,temp,neither,0,Erb22daGMST,Wu18TSI
1786473083192,2,6,,0,20,,1,38,32,100,False,TSI,temp,neither,0,Erb22daGMST,Wu18TSI
1786473083193,2,6,,0,20,,1,39,32,100,False,TSI,temp,neither,0,Erb22daGMST,Wu18TSI
1786473083194,2,6,,0,20,,1,40,32,100,False,TSI,temp,neither,0,Erb22daGMST,Wu18TSI
1786473083195,2,7,,0,20,,1,-41,32,100,False,TSI,temp,neither,0,Erb22daGMST,Wu18TSI
1786473083197,2,7,,0,20,,1,-40,32,100,False,TSI,temp,neither,0,Erb22daGMST,Wu18TSI
1786473083198,2,7,,0,20,,1,-39,32,100,False,TSI,temp,neither,0,Erb22daGMST,Wu18TSI
1786473083199,2,7,,0,20,,1,-38,32,100,False,TSI,temp,neither,0,Erb22daGMST,Wu18TSI
1786473083200,2,7,,0,20,,1,-37,32,100,False,TSI,temp,neither,0,Erb22daGMST,Wu18TSI
1786473083202,2,7,,0,20,,1,-36,32,100,False,TSI,temp,neither,0,Erb22daGMST,Wu18TSI
1786473083203,2,7,,0,20,,1,-35,32,100,False,TSI,temp,neither,0,Erb22daGMST,Wu18TSI
1786473083204,2,7,,0,20,,1,-34,32,100,False,TSI,temp,neither,0,Erb22daGMST,Wu18TSI
1786473083206,2,7,,0,20,,1,-33,32,100,False,TSI,temp,neither,0,Erb22daGMST,Wu18TSI
1786473083207,2,7,,0,20,,1,-32,32,100,False,TSI,temp,neither,0,Erb22daGMST,Wu18TSI
1786473083208,2,7,,0,20,,1,-31,32,100,False,TSI,temp,neither,0,Erb22daGMST,Wu18TSI
1786473083209,2,7,,0,20,,1,-30,32,100,False,TSI,temp,neither,0,Erb22daGMST,Wu18TSI
1786473083211,2,7,,0,20,,1,-29,32,100,False,TSI,temp,neither,0,Erb22daGMST,Wu18TSI
1786473083212,2,7,,0,20,,1,-28,32,100,False,TSI,temp,neither,0,Erb22daGMST,Wu18TSI
1786473083213,2,7,,0,20,,1,-27,32,100,False,TSI,temp,neither,0,Erb22daGMST,Wu18TSI
1786473083214,2,7,,0,20,,1,-26,32,100,False,TSI,temp,neither,0,Erb22daGMST,Wu18TSI
1786473083216,2,7,,0,20,,1,-25,32,100,False,TSI,temp,neither,0,Erb22daGMST,Wu18TSI
1786473083217,2,7,,0,20,,1,-24,32,100,False,TSI,temp,neither,0,Erb22daGMST,Wu18TSI
1786473083218,2,7,,0,20,,1,-23,32,100,False,TSI,temp,neither,0,Erb22daGMST,Wu18TSI
1786473083220,2,7,,0,20,,1,-22,32,100,False,TSI,temp,neither,0,Erb22daGMST,Wu18TSI
1786473083221,2,7,,0,20,,1,-21,32,100,False,TSI,temp,neither,0,Erb22daGMST,Wu18TSI
1786473083222,2,7,,0,20,,1,-20,32,100,False,TSI,temp,neither,0,Erb22daGMST,Wu18TSI
1786473083223,2,7,,0,20,,1,-19,32,100,False,TSI,temp,neither,0,Erb22daGMST,Wu18TSI
1786473083225,2,7,,0,20,,1,-18,32,100,False,TSI,temp,neither,0,Erb22daGMST,Wu18TSI
1786473083226,2,7,,0,20,,1,-17,32,100,False,TSI,temp,neither,0,Erb22daGMST,Wu18TSI
1786473083227,2,7,,0,20,,1,-16,32,100,False,TSI,temp,neither,0,Erb22daGMST,Wu18TSI
1786473083228,2,7,,0,20,,1,-15,32,100,False,TSI,temp,neither,0,Erb22daGMST,Wu18TSI
1786473083230,2,7,,0,20,,1,-14,32,100,False,TSI,temp,neither,0,Erb22daGMST,Wu18TSI
1786473083231,2,7,,0,20,,1,-13,32,100,False,TSI,temp,neither,0,Erb22daGMST,Wu18TSI
1786473083232,2,7,,0,20,,1,-12,32,100,False,TSI,temp,neither,0,Erb22daGMST,Wu18TSI
1786473083233,2,7,,0,20,,1,-11,32,100,False,TSI,temp,neither,0,Erb22daGMST,Wu18TSI
1786473083235,2,7,,0,20,,1,-10,32,100,False,TSI,temp,neither,0,Erb22daGMST,Wu18TSI
1786473083236,2,7,,0,20,,1,-9,32,100,False,TSI,temp,neither,0,Erb22daGMST,Wu18TSI
1786473083237,2,7,,0,20,,1,-8,32,100,False,TSI,temp,neither,0,Erb22daGMST,Wu18TSI
1786473083239,2,7,,0,20,,1,-7,32,100,False,TSI,temp,neither,0,Erb22daGMST,Wu18TSI
1786473083240,2,7,,0,20,,1,-6,32,100,False,TSI,temp,neither,0,Erb22daGMST,Wu18TSI
1786473083241,2,7,,0,20,,1,-5,32,100,False,TSI,temp,neither,0,Erb22daGMST,Wu18TSI
1786473083242,2,7,,0,20,,1,-4,32,100,False,TSI,temp,neither,0,Erb22daGMST,Wu18TSI
1786473083244,2,7,,0,20,,1,-3,32,100,False,TSI,temp,neither,0,Erb22daGMST,Wu18TSI
1786473083245,2,7,,0,20,,1,-2,32,100,False,TSI,temp,neither,0,Erb22daGMST,Wu18TSI
1786473083246,2,7,,0,20,,1,-1,32,100,False,TSI,temp,neither,0,Erb22daGMST,Wu18TSI
1786473083247,2,7,,0,20,,1,0,32,100,False,TSI,temp,neither,0,Erb22daGMST,Wu18TSI
1786473083249,2,7,,0,20,,1,1,32,100,False,TSI,temp,neither,0,Erb22daGMST,Wu18TSI
1786473083250,2,7,,0,20,,1,2,32,100,False,TSI,temp,neither,0,Erb22daGMST,Wu18TSI
1786473083251,2,7,,0,20,,1,3,32,100,False,TSI,temp,neither,0,Erb22daGMST,Wu18TSI
1786473083253,2,7,,0,20,,1,4,32,100,False,TSI,temp,neither,0,Erb22daGMST,Wu18TSI
1786473083254,2,7,,0,20,,1,5,32,100,False,TSI,temp,neither,0,Erb22daGMST,Wu18TSI
1786473083255,2,7,,0,20,,1,6,32,100,False,TSI,temp,neither,0,Erb22daGMST,Wu18TSI
1786473083256,2,7,,0,20,,1,7,32,100,False,TSI,temp,neither,0,Erb22daGMST,Wu18TSI
1786473083258,2,7,,0,20,,1,8,32,100,False,TSI,temp,neither,0,Erb22daGMST,Wu18TSI
1786473083259,2,7,,0,20,,1,9,32,100,False,TSI,temp,neither,0,Erb22daGMST,Wu18TSI
1786473083260,2,7,,0,20,,1,10,32,100,False,TSI,temp,neither,0,Erb22daGMST,Wu18TSI
1786473083261,2,7,,0,20,,1,11,32,100,False,TSI,temp,neither,0,Erb22daGMST,Wu18TSI
1786473083263,2,7,,0,20,,1,12,32,100,False,TSI,temp,neither,0,Erb22daGMST,Wu18TSI
1786473083264,2,7,,0,20,,1,13,32,100,False,TSI,temp,neither,0,Erb22daGMST,Wu18TSI
1786473083265,2,7,,0,20,,1,14,32,100,False,TSI,temp,neither,0,Erb22daGMST,Wu18TSI
1786473083267,2,7,,0,20,,1,15,32,100,False,TSI,temp,neither,0,Erb22daGMST,Wu18TSI
1786473083268,2,7,,0,20,,1,16,32,100,False,TSI,temp,neither,0,Erb22daGMST,Wu18TSI
1786473083269,2,7,,0,20,,1,17,32,100,False,TSI,temp,neither,0,Erb22daGMST,Wu18TSI
1786473083270,2,7,,0,20,,1,18,32,100,False,TSI,temp,neither,0,Erb22daGMST,Wu18TSI
1786473083272,2,7,,0,20,,1,19,32,100,False,TSI,temp,neither,0,Erb22daGMST,Wu18TSI
1786473083273,2,7,,0,20,,1,20,32,100,False,TSI,temp,neither,0,Erb22daGMST,Wu18TSI
1786473083274,2,7,,0,20,,1,21,32,100,False,TSI,temp,neither,0,Erb22daGMST,Wu18TSI
1786473083276,2,7,,0,20,,1,22,32,100,False,TSI,temp,neither,0,Erb22daGMST,Wu18TSI
1786473083277,2,7,,0,20,,1,23,32,100,False,TSI,temp,neither,0,Erb22daGMST,Wu18TSI
1786473083278,2,7,,0,20,,1,24,32,100,False,TSI,temp,neither,0,Erb22daGMST,Wu18TSI
1786473083279,2,7,,0,20,,1,25,32,100,False,TSI,temp,neither,0,Erb22daGMST,Wu18TSI
1786473083281,2,7,,0,20,,1,26,32,100,False,TSI,temp,neither,0,Erb22daGMST,Wu18TSI
1786473083282,2,7,,0,20,,1,27,32,100,False,TSI,temp,neither,0,Erb22daGMST,Wu18TSI
1786473083283,2,7,,0,20,,1,28,32,100,False,TSI,temp,neither,0,Erb22daGMST,Wu18TSI
1786473083285,2,7,,0,20,,1,29,32,100,False,TSI,temp,neither,0,Erb22daGMST,Wu18TSI
1786473083286,2,7,,0,20,,1,30,32,100,False,TSI,temp,neither,0,Erb22daGMST,Wu18TSI
1786473083287,2,7,,0,20,,1,31,32,100,False,TSI,temp,neither,0,Erb22daGMST,Wu18TSI
1786473083288,2,7,,0,20,,1,32,32,100,False,TSI,temp,neither,0,Erb22daGMST,Wu18TSI
1786473083290,2,7,,0,20,,1,33,32,100,False,TSI,temp,neither,0,Erb22daGMST,Wu18TSI
1786473083291,2,7,,0,20,,1,34,32,100,False,TSI,temp,neither,0,Erb22daGMST,Wu18TSI
1786473083292,2,7,,0,20,,1,35,32,100,False,TSI,temp,neither,0,Erb22daGMST,Wu18TSI
1786473083293,2,7,,0,20,,1,36,32,100,False,TSI,temp,neither,0,Erb22daGMST,Wu18TSI
1786473083295,2,7,,0,20,,1,37,32,100,False,TSI,temp,neither,0,Erb22daGMST,Wu18TSI
1786473083296,2,7,,0,20,,1,38,32,100,False,TSI,temp,neither,0,Erb22daGMST,Wu18TSI
1786473083297,2,7,,0,20,,1,39,32,100,False,TSI,temp,neither,0,Erb22daGMST,Wu18TSI
1786473083298,2,7,,0,20,,1,40,32,100,False,TSI,temp,neither,0,Erb22daGMST,Wu18TSI
1786473083300,3,5,,0,20,,1,-41,32,100,False,TSI,temp,neither,0,Erb22daGMST,Wu18TSI
1786473083301,3,5,,0,20,,1,-40,32,100,False,TSI,temp,neither,0,Erb22daGMST,Wu18TSI
1786473083302,3,5,,0,20,,1,-39,32,100,False,TSI,temp,neither,0,Erb22daGMST,Wu18TSI
1786473083304,3,5,,0,20,,1,-38,32,100,False,TSI,temp,neither,0,Erb22daGMST,Wu18TSI
1786473083305,3,5,,0,20,,1,-37,32,100,False,TSI,temp,neither,0,Erb22daGMST,Wu18TSI
1786473083306,3,5,,0,20,,1,-36,32,100,False,TSI,temp,neither,0,Erb22daGMST,Wu18TSI
1786473083308,3,5,,0,20,,1,-35,32,100,False,TSI,temp,neither,0,Erb22daGMST,Wu18TSI
1786473083309,3,5,,0,20,,1,-34,32,100,False,TSI,temp,neither,0,Erb22daGMST,Wu18TSI
1786473083310,3,5,,0,20,,1,-33,32,100,False,TSI,temp,neither,0,Erb22daGMST,Wu18TSI
1786473083311,3,5,,0,20,,1,-32,32,100,False,TSI,temp,neither,0,Erb22daGMST,Wu18TSI
1786473083313,3,5,,0,20,,1,-31,32,100,False,TSI,temp,neither,0,Erb22daGMST,Wu18TSI
1786473083314,3,5,,0,20,,1,-30,32,100,False,TSI,temp,neither,0,Erb22daGMST,Wu18TSI
1786473083315,3,5,,0,20,,1,-29,32,100,False,TSI,temp,neither,0,Erb22daGMST,Wu18TSI
1786473083317,3,5,,0,20,,1,-28,32,100,False,TSI,temp,neither,0,Erb22daGMST,Wu18TSI
1786473083318,3,5,,0,20,,1,-27,32,100,False,TSI,temp,neither,0,Erb22daGMST,Wu18TSI
1786473083319,3,5,,0,20,,1,-26,32,100,False,TSI,temp,neither,0,Erb22daGMST,Wu18TSI
1786473083320,3,5,,0,20,,1,-25,32,100,False,TSI,temp,neither,0,Erb22daGMST,Wu18TSI
1786473083322,3,5,,0,20,,1,-24,32,100,False,TSI,temp,neither,0,Erb22daGMST,Wu18TSI
1786473083323,3,5,,0,20,,1,-23,32,100,False,TSI,temp,neither,0,Erb22daGMST,Wu18TSI
1786473083324,3,5,,0,20,,1,-22,32,100,False,TSI,temp,neither,0,Erb22daGMST,Wu18TSI
1786473083326,3,5,,0,20,,1,-21,32,100,False,TSI,temp,neither,0,Erb22daGMST,Wu18TSI
1786473083327,3,5,,0,20,,1,-20,32,100,False,TSI,temp,neither,0,Erb22daGMST,Wu18TSI
1786473083328,3,5,,0,20,,1,-19,32,100,False,TSI,temp,neither,0,Erb22daGMST,Wu18TSI
1786473083329,3,5,,0,20,,1,-18,32,100,False,TSI,temp,neither,0,Erb22daGMST,Wu18TSI
1786473083331,3,5,,0,20,,1,-17,32,100,False,TSI,temp,neither,0,Erb22daGMST,Wu18TSI
1786473083332,3,5,,0,20,,1,-16,32,100,False,TSI,temp,neither,0,Erb22daGMST,Wu18TSI
1786473083333,3,5,,0,20,,1,-15,32,100,False,TSI,temp,neither,0,Erb22daGMST,Wu18TSI
1786473083334,3,5,,0,20,,1,-14,32,100,False,TSI,temp,neither,0,Erb22daGMST,Wu18TSI
1786473083336,3,5,,0,20,,1,-13,32,100,False,TSI,temp,neither,0,Erb22daGMST,Wu18TSI
1786473083337,3,5,,0,20,,1,-12,32,100,False,TSI,temp,neither,0,Erb22daGMST,Wu18TSI
1786473083338,3,5,,0,20,,1,-11,32,100,False,TSI,temp,neither,0,Erb22daGMST,Wu18TSI
1786473083340,3,5,,0,20,,1,-10,32,100,False,TSI,temp,neither,0,Erb22daGMST,Wu18TSI
1786473083341,3,5,,0,20,,1,-9,32,100,False,TSI,temp,neither,0,Erb22daGMST,Wu18TSI
1786473083342,3,5,,0,20,,1,-8,32,100,False,TSI,temp,neither,0,Erb22daGMST,Wu18TSI
1786473083344,3,5,,0,20,,1,-7,32,100,False,TSI,temp,neither,0,Erb22daGMST,Wu18TSI
1786473083345,3,5,,0,20,,1,-6,32,100,False,TSI,temp,neither,0,Erb22daGMST,Wu18TSI
1786473083346,3,5,,0,20,,1,-5,32,100,False,TSI,temp,neither,0,Erb22daGMST,Wu18TSI
1786473083347,3,5,,0,20,,1,-4,32,100,False,TSI,temp,neither,0,Erb22daGMST,Wu18TSI
1786473083349,3,5,,0,20,,1,-3,32,100,False,TSI,temp,neither,0,Erb22daGMST,Wu18TSI
1786473083350,3,5,,0,20,,1,-2,32,100,False,TSI,temp,neither,0,Erb22daGMST,Wu18TSI
1786473083351,3,5,,0,20,,1,-1,32,100,False,TSI,temp,neither,0,Erb22daGMST,Wu18TSI
1786473083352,3,5,,0,20,,1,0,32,100,False,TSI,temp,neither,0,Erb22daGMST,Wu18TSI
1786473083354,3,5,,0,20,,1,1,32,100,False,TSI,temp,neither,0,Erb22daGMST,Wu18TSI
1786473083355,3,5,,0,20,,1,2,32,100,False,TSI,temp,neither,0,Erb22daGMST,Wu18TSI
1786473083356,3,5,,0,20,,1,3,32,100,False,TSI,temp,neither,0,Erb22daGMST,Wu18TSI
1786473083357,3,5,,0,20,,1,4,32,100,False,TSI,temp,neither,0,Erb22daGMST,Wu18TSI
1786473083359,3,5,,0,20,,1,5,32,100,False,TSI,temp,neither,0,Erb22daGMST,Wu18TSI
1786473083360,3,5,,0,20,,1,6,32,100,False,TSI,temp,neither,0,Erb22daGMST,Wu18TSI
1786473083361,3,5,,0,20,,1,7,32,100,False,TSI,temp,neither,0,Erb22daGMST,Wu18TSI
1786473083362,3,5,,0,20,,1,8,32,100,False,TSI,temp,neither,0,Erb22daGMST,Wu18TSI
1786473083364,3,5,,0,20,,1,9,32,100,False,TSI,temp,neither,0,Erb22daGMST,Wu18TSI
1786473083365,3,5,,0,20,,1,10,32,100,False,TSI,temp,neither,0,Erb22daGMST,Wu18TSI
1786473083366,3,5,,0,20,,1,11,32,100,False,TSI,temp,neither,0,Erb22daGMST,Wu18TSI
1786473083368,3,5,,0,20,,1,12,32,100,False,TSI,temp,neither,0,Erb22daGMST,Wu18TSI
1786473083369,3,5,,0,20,,1,13,32,100,False,TSI,temp,neither,0,Erb22daGMST,Wu18TSI
1786473083370,3,5,,0,20,,1,14,32,100,False,TSI,temp,neither,0,Erb22daGMST,Wu18TSI
1786473083371,3,5,,0,20,,1,15,32,100,False,TSI,temp,neither,0,Erb22daGMST,Wu18TSI
1786473083373,3,5,,0,20,,1,16,32,100,False,TSI,temp,neither,0,Erb22daGMST,Wu18TSI
1786473083374,3,5,,0,20,,1,17,32,100,False,TSI,temp,neither,0,Erb22daGMST,Wu18TSI
1786473083375,3,5,,0,20,,1,18,32,100,False,TSI,temp,neither,0,Erb22daGMST,Wu18TSI
1786473083377,3,5,,0,20,,1,19,32,100,False,TSI,temp,neither,0,Erb22daGMST,Wu18TSI
1786473083378,3,5,,0,20,,1,20,32,100,False,TSI,temp,neither,0,Erb22daGMST,Wu18TSI
1786473083379,3,5,,0,20,,1,21,32,100,False,TSI,temp,neither,0,Erb22daGMST,Wu18TSI
1786473083380,3,5,,0,20,,1,22,32,100,False,TSI,temp,neither,0,Erb22daGMST,Wu18TSI
1786473083382,3,5,,0,20,,1,23,32,100,False,TSI,temp,neither,0,Erb22daGMST,Wu18TSI
1786473083383,3,5,,0,20,,1,24,32,100,False,TSI,temp,neither,0,Erb22daGMST,Wu18TSI
1786473083384,3,5,,0,20,,1,25,32,100,False,TSI,temp,neither,0,Erb22daGMST,Wu18TSI
1786473083386,3,5,,0,20,,1,26,32,100,False,TSI,temp,neither,0,Erb22daGMST,Wu18TSI
1786473083387,3,5,,0,20,,1,27,32,100,False,TSI,temp,neither,0,Erb22daGMST,Wu18TSI
1786473083388,3,5,,0,20,,1,28,32,100,False,TSI,temp,neither,0,Erb22daGMST,Wu18TSI
1786473083389,3,5,,0,20,,1,29,32,100,False,TSI,temp,neither,0,Erb22daGMST,Wu18TSI
1786473083391,3,5,,0,20,,1,30,32,100,False,TSI,temp,neither,0,Erb22daGMST,Wu18TSI
1786473083393,3,5,,0,20,,1,31,32,100,False,TSI,temp,neither,0,Erb22daGMST,Wu18TSI
1786473083394,3,5,,0,20,,1,32,32,100,False,TSI,temp,neither,0,Erb22daGMST,Wu18TSI
1786473083395,3,5,,0,20,,1,33,32,100,False,TSI,temp,neither,0,Erb22daGMST,Wu18TSI
1786473083397,3,5,,0,20,,1,34,32,100,False,TSI,temp,neither,0,Erb22daGMST,Wu18TSI
1786473083398,3,5,,0,20,,1,35,32,100,False,TSI,temp,neither,0,Erb22daGMST,Wu18TSI
1786473083399,3,5,,0,20,,1,36,32,100,False,TSI,temp,neither,0,Erb22daGMST,Wu18TSI
1786473083400,3,5,,0,20,,1,37,32,100,False,TSI,temp,neither,0,Erb22daGMST,Wu18TSI
1786473083402,3,5,,0,20,,1,38,32,100,False,TSI,temp,neither,0,Erb22daGMST,Wu18TSI
1786473083403,3,5,,0,20,,1,39,32,100,False,TSI,temp,neither,0,Erb22daGMST,Wu18TSI
1786473083404,3,5,,0,20,,1,40,32,100,False,TSI,temp,neither,0,Erb22daGMST,Wu18TSI
1786473083405,3,6,,0,20,,1,-41,32,100,False,TSI,temp,neither,0,Erb22daGMST,Wu18TSI
1786473083407,3,6,,0,20,,1,-40,32,100,False,TSI,temp,neither,0,Erb22daGMST,Wu18TSI
1786473083408,3,6,,0,20,,1,-39,32,100,False,TSI,temp,neither,0,Erb22daGMST,Wu18TSI
1786473083409,3,6,,0,20,,1,-38,32,100,False,TSI,temp,neither,0,Erb22daGMST,Wu18TSI
1786473083411,3,6,,0,20,,1,-37,32,100,False,TSI,temp,neither,0,Erb22daGMST,Wu18TSI
1786473083412,3,6,,0,20,,1,-36,32,100,False,TSI,temp,neither,0,Erb22daGMST,Wu18TSI
1786473083413,3,6,,0,20,,1,-35,32,100,False,TSI,temp,neither,0,Erb22daGMST,Wu18TSI
1786473083414,3,6,,0,20,,1,-34,32,100,False,TSI,temp,neither,0,Erb22daGMST,Wu18TSI
1786473083416,3,6,,0,20,,1,-33,32,100,False,TSI,temp,neither,0,Erb22daGMST,Wu18TSI
1786473083417,3,6,,0,20,,1,-32,32,100,False,TSI,temp,neither,0,Erb22daGMST,Wu18TSI
1786473083418,3,6,,0,20,,1,-31,32,100,False,TSI,temp,neither,0,Erb22daGMST,Wu18TSI
1786473083419,3,6,,0,20,,1,-30,32,100,False,TSI,temp,neither,0,Erb22daGMST,Wu18TSI
1786473083421,3,6,,0,20,,1,-29,32,100,False,TSI,temp,neither,0,Erb22daGMST,Wu18TSI
1786473083422,3,6,,0,20,,1,-28,32,100,False,TSI,temp,neither,0,Erb22daGMST,Wu18TSI
1786473083423,3,6,,0,20,,1,-27,32,100,False,TSI,temp,neither,0,Erb22daGMST,Wu18TSI
1786473083424,3,6,,0,20,,1,-26,32,100,False,TSI,temp,neither,0,Erb22daGMST,Wu18TSI
1786473083425,3,6,,0,20,,1,-25,32,100,False,TSI,temp,neither,0,Erb22daGMST,Wu18TSI
1786473083427,3,6,,0,20,,1,-24,32,100,False,TSI,temp,neither,0,Erb22daGMST,Wu18TSI
1786473083428,3,6,,0,20,,1,-23,32,100,False,TSI,temp,neither,0,Erb22daGMST,Wu18TSI
1786473083429,3,6,,0,20,,1,-22,32,100,False,TSI,temp,neither,0,Erb22daGMST,Wu18TSI
1786473083431,3,6,,0,20,,1,-21,32,100,False,TSI,temp,neither,0,Erb22daGMST,Wu18TSI
1786473083432,3,6,,0,20,,1,-20,32,100,False,TSI,temp,neither,0,Erb22daGMST,Wu18TSI
1786473083433,3,6,,0,20,,1,-19,32,100,False,TSI,temp,neither,0,Erb22daGMST,Wu18TSI
1786473083434,3,6,,0,20,,1,-18,32,100,False,TSI,temp,neither,0,Erb22daGMST,Wu18TSI
1786473083435,3,6,,0,20,,1,-17,32,100,False,TSI,temp,neither,0,Erb22daGMST,Wu18TSI
1786473083437,3,6,,0,20,,1,-16,32,100,False,TSI,temp,neither,0,Erb22daGMST,Wu18TSI
1786473083438,3,6,,0,20,,1,-15,32,100,False,TSI,temp,neither,0,Erb22daGMST,Wu18TSI
1786473083439,3,6,,0,20,,1,-14,32,100,False,TSI,temp,neither,0,Erb22daGMST,Wu18TSI
1786473083440,3,6,,0,20,,1,-13,32,100,False,TSI,temp,neither,0,Erb22daGMST,Wu18TSI
1786473083442,3,6,,0,20,,1,-12,32,100,False,TSI,temp,neither,0,Erb22daGMST,Wu18TSI
1786473083443,3,6,,0,20,,1,-11,32,100,False,TSI,temp,neither,0,Erb22daGMST,Wu18TSI
1786473083444,3,6,,0,20,,1,-10,32,100,False,TSI,temp,neither,0,Erb22daGMST,Wu18TSI
1786473083445,3,6,,0,20,,1,-9,32,100,False,TSI,temp,neither,0,Erb22daGMST,Wu18TSI
1786473083447,3,6,,0,20,,1,-8,32,100,False,TSI,temp,neither,0,Erb22daGMST,Wu18TSI
1786473083448,3,6,,0,20,,1,-7,32,100,False,TSI,temp,neither,0,Erb22daGMST,Wu18TSI
1786473083449,3,6,,0,20,,1,-6,32,100,False,TSI,temp,neither,0,Erb22daGMST,Wu18TSI
1786473083450,3,6,,0,20,,1,-5,32,100,False,TSI,temp,neither,0,Erb22daGMST,Wu18TSI
1786473083452,3,6,,0,20,,1,-4,32,100,False,TSI,temp,neither,0,Erb22daGMST,Wu18TSI
1786473083453,3,6,,0,20,,1,-3,32,100,False,TSI,temp,neither,0,Erb22daGMST,Wu18TSI
1786473083454,3,6,,0,20,,1,-2,32,100,False,TSI,temp,neither,0,Erb22daGMST,Wu18TSI
1786473083456,3,6,,0,20,,1,-1,32,100,False,TSI,temp,neither,0,Erb22daGMST,Wu18TSI
1786473083457,3,6,,0,20,,1,0,32,100,False,TSI,temp,neither,0,Erb22daGMST,Wu18TSI
1786473083458,3,6,,0,20,,1,1,32,100,False,TSI,temp,neither,0,Erb22daGMST,Wu18TSI
1786473083459,3,6,,0,20,,1,2,32,100,False,TSI,temp,neither,0,Erb22daGMST,Wu18TSI
1786473083461,3,6,,0,20,,1,3,32,100,False,TSI,temp,neither,0,Erb22daGMST,Wu18TSI
1786473083462,3,6,,0,20,,1,4,32,100,False,TSI,temp,neither,0,Erb22daGMST,Wu18TSI
1786473083463,3,6,,0,20,,1,5,32,100,False,TSI,temp,neither,0,Erb22daGMST,Wu18TSI
1786473083464,3,6,,0,20,,1,6,32,100,False,TSI,temp,neither,0,Erb22daGMST,Wu18TSI
1786473083466,3,6,,0,20,,1,7,32,100,False,TSI,temp,neither,0,Erb22daGMST,Wu18TSI
1786473083467,3,6,,0,20,,1,8,32,100,False,TSI,temp,neither,0,Erb22daGMST,Wu18TSI
1786473083468,3,6,,0,20,,1,9,32,100,False,TSI,temp,neither,0,Erb22daGMST,Wu18TSI
1786473083469,3,6,,0,20,,1,10,32,100,False,TSI,temp,neither,0,Erb22daGMST,Wu18TSI
1786473083471,3,6,,0,20,,1,11,32,100,False,TSI,temp,neither,0,Erb22daGMST,Wu18TSI
1786473083472,3,6,,0,20,,1,12,32,100,False,TSI,temp,neither,0,Erb22daGMST,Wu18TSI
1786473083473,3,6,,0,20,,1,13,32,100,False,TSI,temp,neither,0,Erb22daGMST,Wu18TSI
1786473083474,3,6,,0,20,,1,14,32,100,False,TSI,temp,neither,0,Erb22daGMST,Wu18TSI
1786473083476,3,6,,0,20,,1,15,32,100,False,TSI,temp,neither,0,Erb22daGMST,Wu18TSI
1786473083477,3,6,,0,20,,1,16,32,100,False,TSI,temp,neither,0,Erb22daGMST,Wu18TSI
1786473083478,3,6,,0,20,,1,17,32,100,False,TSI,temp,neither,0,Erb22daGMST,Wu18TSI
1786473083480,3,6,,0,20,,1,18,32,100,False,TSI,temp,neither,0,Erb22daGMST,Wu18TSI
1786473083481,3,6,,0,20,,1,19,32,100,False,TSI,temp,neither,0,Erb22daGMST,Wu18TSI
1786473083482,3,6,,0,20,,1,20,32,100,False,TSI,temp,neither,0,Erb22daGMST,Wu18TSI
1786473083483,3,6,,0,20,,1,21,32,100,False,TSI,temp,neither,0,Erb22daGMST,Wu18TSI
1786473083488,3,6,,0,20,,1,22,32,100,False,TSI,temp,neither,0,Erb22daGMST,Wu18TSI
1786473083494,3,6,,0,20,,1,23,32,100,False,TSI,temp,neither,0,Erb22daGMST,Wu18TSI
1786473083496,3,6,,0,20,,1,24,32,100,False,TSI,temp,neither,0,Erb22daGMST,Wu18TSI
1786473083497,3,6,,0,20,,1,25,32,100,False,TSI,temp,neither,0,Erb22daGMST,Wu18TSI
1786473083498,3,6,,0,20,,1,26,32,100,False,TSI,temp,neither,0,Erb22daGMST,Wu18TSI
1786473083500,3,6,,0,20,,1,27,32,100,False,TSI,temp,neither,0,Erb22daGMST,Wu18TSI
1786473083501,3,6,,0,20,,1,28,32,100,False,TSI,temp,neither,0,Erb22daGMST,Wu18TSI
1786473083502,3,6,,0,20,,1,29,32,100,False,TSI,temp,neither,0,Erb22daGMST,Wu18TSI
1786473083503,3,6,,0,20,,1,30,32,100,False,TSI,temp,neither,0,Erb22daGMST,Wu18TSI
1786473083505,3,6,,0,20,,1,31,32,100,False,TSI,temp,neither,0,Erb22daGMST,Wu18TSI
1786473083506,3,6,,0,20,,1,32,32,100,False,TSI,temp,neither,0,Erb22daGMST,Wu18TSI
1786473083507,3,6,,0,20,,1,33,32,100,False,TSI,temp,neither,0,Erb22daGMST,Wu18TSI
1786473083508,3,6,,0,20,,1,34,32,100,False,TSI,temp,neither,0,Erb22daGMST,Wu18TSI
1786473083510,3,6,,0,20,,1,35,32,100,False,TSI,temp,neither,0,Erb22daGMST,Wu18TSI
1786473083511,3,6,,0,20,,1,36,32,100,False,TSI,temp,neither,0,Erb22daGMST,Wu18TSI
1786473083512,3,6,,0,20,,1,37,32,100,False,TSI,temp,neither,0,Erb22daGMST,Wu18TSI
1786473083513,3,6,,0,20,,1,38,32,100,False,TSI,temp,neither,0,Erb22daGMST,Wu18TSI
1786473083515,3,6,,0,20,,1,39,32,100,False,TSI,temp,neither,0,Erb22daGMST,Wu18TSI
1786473083516,3,6,,0,20,,1,40,32,100,False,TSI,temp,neither,0,Erb22daGMST,Wu18TSI
1786473083517,3,7,,0,20,,1,-41,32,100,False,TSI,temp,neither,0,Erb22daGMST,Wu18TSI
1786473083518,3,7,,0,20,,1,-40,32,100,False,TSI,temp,neither,0,Erb22daGMST,Wu18TSI
1786473083520,3,7,,0,20,,1,-39,32,100,False,TSI,temp,neither,0,Erb22daGMST,Wu18TSI
1786473083521,3,7,,0,20,,1,-38,32,100,False,TSI,temp,neither,0,Erb22daGMST,Wu18TSI
1786473083522,3,7,,0,20,,1,-37,32,100,False,TSI,temp,neither,0,Erb22daGMST,Wu18TSI
1786473083523,3,7,,0,20,,1,-36,32,100,False,TSI,temp,neither,0,Erb22daGMST,Wu18TSI
1786473083525,3,7,,0,20,,1,-35,32,100,False,TSI,temp,neither,0,Erb22daGMST,Wu18TSI
1786473083526,3,7,,0,20,,1,-34,32,100,False,TSI,temp,neither,0,Erb22daGMST,Wu18TSI
1786473083527,3,7,,0,20,,1,-33,32,100,False,TSI,temp,neither,0,Erb22daGMST,Wu18TSI
1786473083529,3,7,,0,20,,1,-32,32,100,False,TSI,temp,neither,0,Erb22daGMST,Wu18TSI
1786473083530,3,7,,0,20,,1,-31,32,100,False,TSI,temp,neither,0,Erb22daGMST,Wu18TSI
1786473083531,3,7,,0,20,,1,-30,32,100,False,TSI,temp,neither,0,Erb22daGMST,Wu18TSI
1786473083532,3,7,,0,20,,1,-29,32,100,False,TSI,temp,neither,0,Erb22daGMST,Wu18TSI
1786473083534,3,7,,0,20,,1,-28,32,100,False,TSI,temp,neither,0,Erb22daGMST,Wu18TSI
1786473083535,3,7,,0,20,,1,-27,32,100,False,TSI,temp,neither,0,Erb22daGMST,Wu18TSI
1786473083536,3,7,,0,20,,1,-26,32,100,False,TSI,temp,neither,0,Erb22daGMST,Wu18TSI
1786473083537,3,7,,0,20,,1,-25,32,100,False,TSI,temp,neither,0,Erb22daGMST,Wu18TSI
1786473083538,3,7,,0,20,,1,-24,32,100,False,TSI,temp,neither,0,Erb22daGMST,Wu18TSI
1786473083540,3,7,,0,20,,1,-23,32,100,False,TSI,temp,neither,0,Erb22daGMST,Wu18TSI
1786473083541,3,7,,0,20,,1,-22,32,100,False,TSI,temp,neither,0,Erb22daGMST,Wu18TSI
1786473083542,3,7,,0,20,,1,-21,32,100,False,TSI,temp,neither,0,Erb22daGMST,Wu18TSI
1786473083543,3,7,,0,20,,1,-20,32,100,False,TSI,temp,neither,0,Erb22daGMST,Wu18TSI
1786473083545,3,7,,0,20,,1,-19,32,100,False,TSI,temp,neither,0,Erb22daGMST,Wu18TSI
1786473083546,3,7,,0,20,,1,-18,32,100,False,TSI,temp,neither,0,Erb22daGMST,Wu18TSI
1786473083547,3,7,,0,20,,1,-17,32,100,False,TSI,temp,neither,0,Erb22daGMST,Wu18TSI
1786473083548,3,7,,0,20,,1,-16,32,100,False,TSI,temp,neither,0,Erb22daGMST,Wu18TSI
1786473083550,3,7,,0,20,,1,-15,32,100,False,TSI,temp,neither,0,Erb22daGMST,Wu18TSI
1786473083551,3,7,,0,20,,1,-14,32,100,False,TSI,temp,neither,0,Erb22daGMST,Wu18TSI
1786473083552,3,7,,0,20,,1,-13,32,100,False,TSI,temp,neither,0,Erb22daGMST,Wu18TSI
1786473083554,3,7,,0,20,,1,-12,32,100,False,TSI,temp,neither,0,Erb22daGMST,Wu18TSI
1786473083555,3,7,,0,20,,1,-11,32,100,False,TSI,temp,neither,0,Erb22daGMST,Wu18TSI
1786473083556,3,7,,0,20,,1,-10,32,100,False,TSI,temp,neither,0,Erb22daGMST,Wu18TSI
1786473083557,3,7,,0,20,,1,-9,32,100,False,TSI,temp,neither,0,Erb22daGMST,Wu18TSI
1786473083559,3,7,,0,20,,1,-8,32,100,False,TSI,temp,neither,0,Erb22daGMST,Wu18TSI
1786473083560,3,7,,0,20,,1,-7,32,100,False,TSI,temp,neither,0,Erb22daGMST,Wu18TSI
1786473083561,3,7,,0,20,,1,-6,32,100,False,TSI,temp,neither,0,Erb22daGMST,Wu18TSI
1786473083562,3,7,,0,20,,1,-5,32,100,False,TSI,temp,neither,0,Erb22daGMST,Wu18TSI
1786473083563,3,7,,0,20,,1,-4,32,100,False,TSI,temp,neither,0,Erb22daGMST,Wu18TSI
1786473083565,3,7,,0,20,,1,-3,32,100,False,TSI,temp,neither,0,Erb22daGMST,Wu18TSI
1786473083566,3,7,,0,20,,1,-2,32,100,False,TSI,temp,neither,0,Erb22daGMST,Wu18TSI
1786473083567,3,7,,0,20,,1,-1,32,100,False,TSI,temp,neither,0,Erb22daGMST,Wu18TSI
1786473083569,3,7,,0,20,,1,0,32,100,False,TSI,temp,neither,0,Erb22daGMST,Wu18TSI
1786473083570,3,7,,0,20,,1,1,32,100,False,TSI,temp,neither,0,Erb22daGMST,Wu18TSI
1786473083571,3,7,,0,20,,1,2,32,100,False,TSI,temp,neither,0,Erb22daGMST,Wu18TSI
1786473083572,3,7,,0,20,,1,3,32,100,False,TSI,temp,neither,0,Erb22daGMST,Wu18TSI
1786473083574,3,7,,0,20,,1,4,32,100,False,TSI,temp,neither,0,Erb22daGMST,Wu18TSI
1786473083575,3,7,,0,20,,1,5,32,100,False,TSI,temp,neither,0,Erb22daGMST,Wu18TSI
1786473083576,3,7,,0,20,,1,6,32,100,False,TSI,temp,neither,0,Erb22daGMST,Wu18TSI
1786473083577,3,7,,0,20,,1,7,32,100,False,TSI,temp,neither,0,Erb22daGMST,Wu18TSI
1786473083579,3,7,,0,20,,1,8,32,100,False,TSI,temp,neither,0,Erb22daGMST,Wu18TSI
1786473083580,3,7,,0,20,,1,9,32,100,False,TSI,temp,neither,0,Erb22daGMST,Wu18TSI
1786473083581,3,7,,0,20,,1,10,32,100,False,TSI,temp,neither,0,Erb22daGMST,Wu18TSI
1786473083582,3,7,,0,20,,1,11,32,100,False,TSI,temp,neither,0,Erb22daGMST,Wu18TSI
1786473083584,3,7,,0,20,,1,12,32,100,False,TSI,temp,neither,0,Erb22daGMST,Wu18TSI
1786473083585,3,7,,0,20,,1,13,32,100,False,TSI,temp,neither,0,Erb22daGMST,Wu18TSI
1786473083586,3,7,,0,20,,1,14,32,100,False,TSI,temp,neither,0,Erb22daGMST,Wu18TSI
1786473083588,3,7,,0,20,,1,15,32,100,False,TSI,temp,neither,0,Erb22daGMST,Wu18TSI
1786473083589,3,7,,0,20,,1,16,32,100,False,TSI,temp,neither,0,Erb22daGMST,Wu18TSI
1786473083590,3,7,,0,20,,1,17,32,100,False,TSI,temp,neither,0,Erb22daGMST,Wu18TSI
1786473083591,3,7,,0,20,,1,18,32,100,False,TSI,temp,neither,0,Erb22daGMST,Wu18TSI
1786473083593,3,7,,0,20,,1,19,32,100,False,TSI,temp,neither,0,Erb22daGMST,Wu18TSI
1786473083594,3,7,,0,20,,1,20,32,100,False,TSI,temp,neither,0,Erb22daGMST,Wu18TSI
1786473083595,3,7,,0,20,,1,21,32,100,False,TSI,temp,neither,0,Erb22daGMST,Wu18TSI
1786473083596,3,7,,0,20,,1,22,32,100,False,TSI,temp,neither,0,Erb22daGMST,Wu18TSI
1786473083598,3,7,,0,20,,1,23,32,100,False,TSI,temp,neither,0,Erb22daGMST,Wu18TSI
1786473083599,3,7,,0,20,,1,24,32,100,False,TSI,temp,neither,0,Erb22daGMST,Wu18TSI
1786473083600,3,7,,0,20,,1,25,32,100,False,TSI,temp,neither,0,Erb22daGMST,Wu18TSI
1786473083601,3,7,,0,20,,1,26,32,100,False,TSI,temp,neither,0,Erb22daGMST,Wu18TSI
1786473083603,3,7,,0,20,,1,27,32,100,False,TSI,temp,neither,0,Erb22daGMST,Wu18TSI
1786473083604,3,7,,0,20,,1,28,32,100,False,TSI,temp,neither,0,Erb22daGMST,Wu18TSI
1786473083605,3,7,,0,20,,1,29,32,100,False,TSI,temp,neither,0,Erb22daGMST,Wu18TSI
1786473083607,3,7,,0,20,,1,30,32,100,False,TSI,temp,neither,0,Erb22daGMST,Wu18TSI
1786473083608,3,7,,0,20,,1,31,32,100,False,TSI,temp,neither,0,Erb22daGMST,Wu18TSI
1786473083609,3,7,,0,20,,1,32,32,100,False,TSI,temp,neither,0,Erb22daGMST,Wu18TSI
1786473083610,3,7,,0,20,,1,33,32,100,False,TSI,temp,neither,0,Erb22daGMST,Wu18TSI
1786473083612,3,7,,0,20,,1,34,32,100,False,TSI,temp,neither,0,Erb22daGMST,Wu18TSI
1786473083613,3,7,,0,20,,1,35,32,100,False,TSI,temp,neither,0,Erb22daGMST,Wu18TSI
1786473083614,3,7,,0,20,,1,36,32,100,False,TSI,temp,neither,0,Erb22daGMST,Wu18TSI
1786473083615,3,7,,0,20,,1,37,32,100,False,TSI,temp,neither,0,Erb22daGMST,Wu18TSI
1786473083617,3,7,,0,20,,1,38,32,100,False,TSI,temp,neither,0,Erb22daGMST,Wu18TSI
1786473083618,3,7,,0,20,,1,39,32,100,False,TSI,temp,neither,0,Erb22daGMST,Wu18TSI
1786473083619,3,7,,0,20,,1,40,32,100,False,TSI,temp,neither,0,Erb22daGMST,Wu18TSI
1786473083621,4,5,,0,20,,1,-41,32,100,False,TSI,temp,neither,0,Erb22daGMST,Wu18TSI
1786473083622,4,5,,0,20,,1,-40,32,100,False,TSI,temp,neither,0,Erb22daGMST,Wu18TSI
1786473083623,4,5,,0,20,,1,-39,32,100,False,TSI,temp,neither,0,Erb22daGMST,Wu18TSI
1786473083624,4,5,,0,20,,1,-38,32,100,False,TSI,temp,neither,0,Erb22daGMST,Wu18TSI
1786473083626,4,5,,0,20,,1,-37,32,100,False,TSI,temp,neither,0,Erb22daGMST,Wu18TSI
1786473083627,4,5,,0,20,,1,-36,32,100,False,TSI,temp,neither,0,Erb22daGMST,Wu18TSI
1786473083628,4,5,,0,20,,1,-35,32,100,False,TSI,temp,neither,0,Erb22daGMST,Wu18TSI
1786473083629,4,5,,0,20,,1,-34,32,100,False,TSI,temp,neither,0,Erb22daGMST,Wu18TSI
1786473083631,4,5,,0,20,,1,-33,32,100,False,TSI,temp,neither,0,Erb22daGMST,Wu18TSI
1786473083632,4,5,,0,20,,1,-32,32,100,False,TSI,temp,neither,0,Erb22daGMST,Wu18TSI
1786473083633,4,5,,0,20,,1,-31,32,100,False,TSI,temp,neither,0,Erb22daGMST,Wu18TSI
1786473083635,4,5,,0,20,,1,-30,32,100,False,TSI,temp,neither,0,Erb22daGMST,Wu18TSI
1786473083636,4,5,,0,20,,1,-29,32,100,False,TSI,temp,neither,0,Erb22daGMST,Wu18TSI
1786473083637,4,5,,0,20,,1,-28,32,100,False,TSI,temp,neither,0,Erb22daGMST,Wu18TSI
1786473083638,4,5,,0,20,,1,-27,32,100,False,TSI,temp,neither,0,Erb22daGMST,Wu18TSI
1786473083640,4,5,,0,20,,1,-26,32,100,False,TSI,temp,neither,0,Erb22daGMST,Wu18TSI
1786473083641,4,5,,0,20,,1,-25,32,100,False,TSI,temp,neither,0,Erb22daGMST,Wu18TSI
1786473083642,4,5,,0,20,,1,-24,32,100,False,TSI,temp,neither,0,Erb22daGMST,Wu18TSI
1786473083643,4,5,,0,20,,1,-23,32,100,False,TSI,temp,neither,0,Erb22daGMST,Wu18TSI
1786473083645,4,5,,0,20,,1,-22,32,100,False,TSI,temp,neither,0,Erb22daGMST,Wu18TSI
1786473083646,4,5,,0,20,,1,-21,32,100,False,TSI,temp,neither,0,Erb22daGMST,Wu18TSI
1786473083647,4,5,,0,20,,1,-20,32,100,False,TSI,temp,neither,0,Erb22daGMST,Wu18TSI
1786473083649,4,5,,0,20,,1,-19,32,100,False,TSI,temp,neither,0,Erb22daGMST,Wu18TSI
1786473083650,4,5,,0,20,,1,-18,32,100,False,TSI,temp,neither,0,Erb22daGMST,Wu18TSI
1786473083651,4,5,,0,20,,1,-17,32,100,False,TSI,temp,neither,0,Erb22daGMST,Wu18TSI
1786473083652,4,5,,0,20,,1,-16,32,100,False,TSI,temp,neither,0,Erb22daGMST,Wu18TSI
1786473083654,4,5,,0,20,,1,-15,32,100,False,TSI,temp,neither,0,Erb22daGMST,Wu18TSI
1786473083655,4,5,,0,20,,1,-14,32,100,False,TSI,temp,neither,0,Erb22daGMST,Wu18TSI
1786473083656,4,5,,0,20,,1,-13,32,100,False,TSI,temp,neither,0,Erb22daGMST,Wu18TSI
1786473083657,4,5,,0,20,,1,-12,32,100,False,TSI,temp,neither,0,Erb22daGMST,Wu18TSI
1786473083659,4,5,,0,20,,1,-11,32,100,False,TSI,temp,neither,0,Erb22daGMST,Wu18TSI
1786473083660,4,5,,0,20,,1,-10,32,100,False,TSI,temp,neither,0,Erb22daGMST,Wu18TSI
1786473083661,4,5,,0,20,,1,-9,32,100,False,TSI,temp,neither,0,Erb22daGMST,Wu18TSI
1786473083663,4,5,,0,20,,1,-8,32,100,False,TSI,temp,neither,0,Erb22daGMST,Wu18TSI
1786473083664,4,5,,0,20,,1,-7,32,100,False,TSI,temp,neither,0,Erb22daGMST,Wu18TSI
1786473083665,4,5,,0,20,,1,-6,32,100,False,TSI,temp,neither,0,Erb22daGMST,Wu18TSI
1786473083666,4,5,,0,20,,1,-5,32,100,False,TSI,temp,neither,0,Erb22daGMST,Wu18TSI
1786473083668,4,5,,0,20,,1,-4,32,100,False,TSI,temp,neither,0,Erb22daGMST,Wu18TSI
1786473083669,4,5,,0,20,,1,-3,32,100,False,TSI,temp,neither,0,Erb22daGMST,Wu18TSI
1786473083670,4,5,,0,20,,1,-2,32,100,False,TSI,temp,neither,0,Erb22daGMST,Wu18TSI
1786473083671,4,5,,0,20,,1,-1,32,100,False,TSI,temp,neither,0,Erb22daGMST,Wu18TSI
1786473083673,4,5,,0,20,,1,0,32,100,False,TSI,temp,neither,0,Erb22daGMST,Wu18TSI
1786473083674,4,5,,0,20,,1,1,32,100,False,TSI,temp,neither,0,Erb22daGMST,Wu18TSI
1786473083675,4,5,,0,20,,1,2,32,100,False,TSI,temp,neither,0,Erb22daGMST,Wu18TSI
1786473083677,4,5,,0,20,,1,3,32,100,False,TSI,temp,neither,0,Erb22daGMST,Wu18TSI
1786473083678,4,5,,0,20,,1,4,32,100,False,TSI,temp,neither,0,Erb22daGMST,Wu18TSI
1786473083679,4,5,,0,20,,1,5,32,100,False,TSI,temp,neither,0,Erb22daGMST,Wu18TSI
1786473083680,4,5,,0,20,,1,6,32,100,False,TSI,temp,neither,0,Erb22daGMST,Wu18TSI
1786473083682,4,5,,0,20,,1,7,32,100,False,TSI,temp,neither,0,Erb22daGMST,Wu18TSI
1786473083683,4,5,,0,20,,1,8,32,100,False,TSI,temp,neither,0,Erb22daGMST,Wu18TSI
1786473083684,4,5,,0,20,,1,9,32,100,False,TSI,temp,neither,0,Erb22daGMST,Wu18TSI
1786473083685,4,5,,0,20,,1,10,32,100,False,TSI,temp,neither,0,Erb22daGMST,Wu18TSI
1786473083687,4,5,,0,20,,1,11,32,100,False,TSI,temp,neither,0,Erb22daGMST,Wu18TSI
1786473083688,4,5,,0,20,,1,12,32,100,False,TSI,temp,neither,0,Erb22daGMST,Wu18TSI
1786473083689,4,5,,0,20,,1,13,32,100,False,TSI,temp,neither,0,Erb22daGMST,Wu18TSI
1786473083691,4,5,,0,20,,1,14,32,100,False,TSI,temp,neither,0,Erb22daGMST,Wu18TSI
1786473083692,4,5,,0,20,,1,15,32,100,False,TSI,temp,neither,0,Erb22daGMST,Wu18TSI
1786473083693,4,5,,0,20,,1,16,32,100,False,TSI,temp,neither,0,Erb22daGMST,Wu18TSI
1786473083694,4,5,,0,20,,1,17,32,100,False,TSI,temp,neither,0,Erb22daGMST,Wu18TSI
1786473083696,4,5,,0,20,,1,18,32,100,False,TSI,temp,neither,0,Erb22daGMST,Wu18TSI
1786473083697,4,5,,0,20,,1,19,32,100,False,TSI,temp,neither,0,Erb22daGMST,Wu18TSI
1786473083698,4,5,,0,20,,1,20,32,100,False,TSI,temp,neither,0,Erb22daGMST,Wu18TSI
1786473083700,4,5,,0,20,,1,21,32,100,False,TSI,temp,neither,0,Erb22daGMST,Wu18TSI
1786473083701,4,5,,0,20,,1,22,32,100,False,TSI,temp,neither,0,Erb22daGMST,Wu18TSI
1786473083702,4,5,,0,20,,1,23,32,100,False,TSI,temp,neither,0,Erb22daGMST,Wu18TSI
1786473083703,4,5,,0,20,,1,24,32,100,False,TSI,temp,neither,0,Erb22daGMST,Wu18TSI
1786473083705,4,5,,0,20,,1,25,32,100,False,TSI,temp,neither,0,Erb22daGMST,Wu18TSI
1786473083706,4,5,,0,20,,1,26,32,100,False,TSI,temp,neither,0,Erb22daGMST,Wu18TSI
1786473083707,4,5,,0,20,,1,27,32,100,False,TSI,temp,neither,0,Erb22daGMST,Wu18TSI
1786473083709,4,5,,0,20,,1,28,32,100,False,TSI,temp,neither,0,Erb22daGMST,Wu18TSI
1786473083710,4,5,,0,20,,1,29,32,100,False,TSI,temp,neither,0,Erb22daGMST,Wu18TSI
1786473083711,4,5,,0,20,,1,30,32,100,False,TSI,temp,neither,0,Erb22daGMST,Wu18TSI
1786473083712,4,5,,0,20,,1,31,32,100,False,TSI,temp,neither,0,Erb22daGMST,Wu18TSI
1786473083714,4,5,,0,20,,1,32,32,100,False,TSI,temp,neither,0,Erb22daGMST,Wu18TSI
1786473083715,4,5,,0,20,,1,33,32,100,False,TSI,temp,neither,0,Erb22daGMST,Wu18TSI
1786473083716,4,5,,0,20,,1,34,32,100,False,TSI,temp,neither,0,Erb22daGMST,Wu18TSI
1786473083717,4,5,,0,20,,1,35,32,100,False,TSI,temp,neither,0,Erb22daGMST,Wu18TSI
1786473083719,4,5,,0,20,,1,36,32,100,False,TSI,temp,neither,0,Erb22daGMST,Wu18TSI
1786473083720,4,5,,0,20,,1,37,32,100,False,TSI,temp,neither,0,Erb22daGMST,Wu18TSI
1786473083721,4,5,,0,20,,1,38,32,100,False,TSI,temp,neither,0,Erb22daGMST,Wu18TSI
1786473083723,4,5,,0,20,,1,39,32,100,False,TSI,temp,neither,0,Erb22daGMST,Wu18TSI
1786473083724,4,5,,0,20,,1,40,32,100,False,TSI,temp,neither,0,Erb22daGMST,Wu18TSI
1786473083725,4,6,,0,20,,1,-41,32,100,False,TSI,temp,neither,0,Erb22daGMST,Wu18TSI
1786473083726,4,6,,0,20,,1,-40,32,100,False,TSI,temp,neither,0,Erb22daGMST,Wu18TSI
1786473083728,4,6,,0,20,,1,-39,32,100,False,TSI,temp,neither,0,Erb22daGMST,Wu18TSI
1786473083729,4,6,,0,20,,1,-38,32,100,False,TSI,temp,neither,0,Erb22daGMST,Wu18TSI
1786473083730,4,6,,0,20,,1,-37,32,100,False,TSI,temp,neither,0,Erb22daGMST,Wu18TSI
1786473083731,4,6,,0,20,,1,-36,32,100,False,TSI,temp,neither,0,Erb22daGMST,Wu18TSI
1786473083733,4,6,,0,20,,1,-35,32,100,False,TSI,temp,neither,0,Erb22daGMST,Wu18TSI
1786473083734,4,6,,0,20,,1,-34,32,100,False,TSI,temp,neither,0,Erb22daGMST,Wu18TSI
1786473083735,4,6,,0,20,,1,-33,32,100,False,TSI,temp,neither,0,Erb22daGMST,Wu18TSI
1786473083737,4,6,,0,20,,1,-32,32,100,False,TSI,temp,neither,0,Erb22daGMST,Wu18TSI
1786473083738,4,6,,0,20,,1,-31,32,100,False,TSI,temp,neither,0,Erb22daGMST,Wu18TSI
1786473083739,4,6,,0,20,,1,-30,32,100,False,TSI,temp,neither,0,Erb22daGMST,Wu18TSI
1786473083740,4,6,,0,20,,1,-29,32,100,False,TSI,temp,neither,0,Erb22daGMST,Wu18TSI
1786473083742,4,6,,0,20,,1,-28,32,100,False,TSI,temp,neither,0,Erb22daGMST,Wu18TSI
1786473083743,4,6,,0,20,,1,-27,32,100,False,TSI,temp,neither,0,Erb22daGMST,Wu18TSI
1786473083744,4,6,,0,20,,1,-26,32,100,False,TSI,temp,neither,0,Erb22daGMST,Wu18TSI
1786473083745,4,6,,0,20,,1,-25,32,100,False,TSI,temp,neither,0,Erb22daGMST,Wu18TSI
1786473083747,4,6,,0,20,,1,-24,32,100,False,TSI,temp,neither,0,Erb22daGMST,Wu18TSI
1786473083748,4,6,,0,20,,1,-23,32,100,False,TSI,temp,neither,0,Erb22daGMST,Wu18TSI
1786473083749,4,6,,0,20,,1,-22,32,100,False,TSI,temp,neither,0,Erb22daGMST,Wu18TSI
1786473083750,4,6,,0,20,,1,-21,32,100,False,TSI,temp,neither,0,Erb22daGMST,Wu18TSI
1786473083752,4,6,,0,20,,1,-20,32,100,False,TSI,temp,neither,0,Erb22daGMST,Wu18TSI
1786473083753,4,6,,0,20,,1,-19,32,100,False,TSI,temp,neither,0,Erb22daGMST,Wu18TSI
1786473083754,4,6,,0,20,,1,-18,32,100,False,TSI,temp,neither,0,Erb22daGMST,Wu18TSI
1786473083756,4,6,,0,20,,1,-17,32,100,False,TSI,temp,neither,0,Erb22daGMST,Wu18TSI
1786473083757,4,6,,0,20,,1,-16,32,100,False,TSI,temp,neither,0,Erb22daGMST,Wu18TSI
1786473083758,4,6,,0,20,,1,-15,32,100,False,TSI,temp,neither,0,Erb22daGMST,Wu18TSI
1786473083759,4,6,,0,20,,1,-14,32,100,False,TSI,temp,neither,0,Erb22daGMST,Wu18TSI
1786473083761,4,6,,0,20,,1,-13,32,100,False,TSI,temp,neither,0,Erb22daGMST,Wu18TSI
1786473083762,4,6,,0,20,,1,-12,32,100,False,TSI,temp,neither,0,Erb22daGMST,Wu18TSI
1786473083763,4,6,,0,20,,1,-11,32,100,False,TSI,temp,neither,0,Erb22daGMST,Wu18TSI
1786473083765,4,6,,0,20,,1,-10,32,100,False,TSI,temp,neither,0,Erb22daGMST,Wu18TSI
1786473083766,4,6,,0,20,,1,-9,32,100,False,TSI,temp,neither,0,Erb22daGMST,Wu18TSI
1786473083767,4,6,,0,20,,1,-8,32,100,False,TSI,temp,neither,0,Erb22daGMST,Wu18TSI
1786473083768,4,6,,0,20,,1,-7,32,100,False,TSI,temp,neither,0,Erb22daGMST,Wu18TSI
1786473083770,4,6,,0,20,,1,-6,32,100,False,TSI,temp,neither,0,Erb22daGMST,Wu18TSI
1786473083771,4,6,,0,20,,1,-5,32,100,False,TSI,temp,neither,0,Erb22daGMST,Wu18TSI
1786473083772,4,6,,0,20,,1,-4,32,100,False,TSI,temp,neither,0,Erb22daGMST,Wu18TSI
1786473083773,4,6,,0,20,,1,-3,32,100,False,TSI,temp,neither,0,Erb22daGMST,Wu18TSI
1786473083775,4,6,,0,20,,1,-2,32,100,False,TSI,temp,neither,0,Erb22daGMST,Wu18TSI
1786473083776,4,6,,0,20,,1,-1,32,100,False,TSI,temp,neither,0,Erb22daGMST,Wu18TSI
1786473083777,4,6,,0,20,,1,0,32,100,False,TSI,temp,neither,0,Erb22daGMST,Wu18TSI
1786473083779,4,6,,0,20,,1,1,32,100,False,TSI,temp,neither,0,Erb22daGMST,Wu18TSI
1786473083780,4,6,,0,20,,1,2,32,100,False,TSI,temp,neither,0,Erb22daGMST,Wu18TSI
1786473083781,4,6,,0,20,,1,3,32,100,False,TSI,temp,neither,0,Erb22daGMST,Wu18TSI
1786473083783,4,6,,0,20,,1,4,32,100,False,TSI,temp,neither,0,Erb22daGMST,Wu18TSI
1786473083784,4,6,,0,20,,1,5,32,100,False,TSI,temp,neither,0,Erb22daGMST,Wu18TSI
1786473083785,4,6,,0,20,,1,6,32,100,False,TSI,temp,neither,0,Erb22daGMST,Wu18TSI
1786473083786,4,6,,0,20,,1,7,32,100,False,TSI,temp,neither,0,Erb22daGMST,Wu18TSI
1786473083788,4,6,,0,20,,1,8,32,100,False,TSI,temp,neither,0,Erb22daGMST,Wu18TSI
1786473083789,4,6,,0,20,,1,9,32,100,False,TSI,temp,neither,0,Erb22daGMST,Wu18TSI
1786473083790,4,6,,0,20,,1,10,32,100,False,TSI,temp,neither,0,Erb22daGMST,Wu18TSI
1786473083791,4,6,,0,20,,1,11,32,100,False,TSI,temp,neither,0,Erb22daGMST,Wu18TSI
1786473083793,4,6,,0,20,,1,12,32,100,False,TSI,temp,neither,0,Erb22daGMST,Wu18TSI
1786473083794,4,6,,0,20,,1,13,32,100,False,TSI,temp,neither,0,Erb22daGMST,Wu18TSI
1786473083795,4,6,,0,20,,1,14,32,100,False,TSI,temp,neither,0,Erb22daGMST,Wu18TSI
1786473083797,4,6,,0,20,,1,15,32,100,False,TSI,temp,neither,0,Erb22daGMST,Wu18TSI
1786473083798,4,6,,0,20,,1,16,32,100,False,TSI,temp,neither,0,Erb22daGMST,Wu18TSI
1786473083799,4,6,,0,20,,1,17,32,100,False,TSI,temp,neither,0,Erb22daGMST,Wu18TSI
1786473083800,4,6,,0,20,,1,18,32,100,False,TSI,temp,neither,0,Erb22daGMST,Wu18TSI
1786473083802,4,6,,0,20,,1,19,32,100,False,TSI,temp,neither,0,Erb22daGMST,Wu18TSI
1786473083803,4,6,,0,20,,1,20,32,100,False,TSI,temp,neither,0,Erb22daGMST,Wu18TSI
1786473083804,4,6,,0,20,,1,21,32,100,False,TSI,temp,neither,0,Erb22daGMST,Wu18TSI
1786473083806,4,6,,0,20,,1,22,32,100,False,TSI,temp,neither,0,Erb22daGMST,Wu18TSI
1786473083807,4,6,,0,20,,1,23,32,100,False,TSI,temp,neither,0,Erb22daGMST,Wu18TSI
1786473083808,4,6,,0,20,,1,24,32,100,False,TSI,temp,neither,0,Erb22daGMST,Wu18TSI
1786473083809,4,6,,0,20,,1,25,32,100,False,TSI,temp,neither,0,Erb22daGMST,Wu18TSI
1786473083811,4,6,,0,20,,1,26,32,100,False,TSI,temp,neither,0,Erb22daGMST,Wu18TSI
1786473083812,4,6,,0,20,,1,27,32,100,False,TSI,temp,neither,0,Erb22daGMST,Wu18TSI
1786473083813,4,6,,0,20,,1,28,32,100,False,TSI,temp,neither,0,Erb22daGMST,Wu18TSI
1786473083815,4,6,,0,20,,1,29,32,100,False,TSI,temp,neither,0,Erb22daGMST,Wu18TSI
1786473083816,4,6,,0,20,,1,30,32,100,False,TSI,temp,neither,0,Erb22daGMST,Wu18TSI
1786473083817,4,6,,0,20,,1,31,32,100,False,TSI,temp,neither,0,Erb22daGMST,Wu18TSI
1786473083819,4,6,,0,20,,1,32,32,100,False,TSI,temp,neither,0,Erb22daGMST,Wu18TSI
1786473083820,4,6,,0,20,,1,33,32,100,False,TSI,temp,neither,0,Erb22daGMST,Wu18TSI
1786473083821,4,6,,0,20,,1,34,32,100,False,TSI,temp,neither,0,Erb22daGMST,Wu18TSI
1786473083822,4,6,,0,20,,1,35,32,100,False,TSI,temp,neither,0,Erb22daGMST,Wu18TSI
1786473083824,4,6,,0,20,,1,36,32,100,False,TSI,temp,neither,0,Erb22daGMST,Wu18TSI
1786473083825,4,6,,0,20,,1,37,32,100,False,TSI,temp,neither,0,Erb22daGMST,Wu18TSI
1786473083826,4,6,,0,20,,1,38,32,100,False,TSI,temp,neither,0,Erb22daGMST,Wu18TSI
1786473083828,4,6,,0,20,,1,39,32,100,False,TSI,temp,neither,0,Erb22daGMST,Wu18TSI
1786473083829,4,6,,0,20,,1,40,32,100,False,TSI,temp,neither,0,Erb22daGMST,Wu18TSI
1786473083830,4,7,,0,20,,1,-41,32,100,False,TSI,temp,neither,0,Erb22daGMST,Wu18TSI
1786473083832,4,7,,0,20,,1,-40,32,100,False,TSI,temp,neither,0,Erb22daGMST,Wu18TSI
1786473083833,4,7,,0,20,,1,-39,32,100,False,TSI,temp,neither,0,Erb22daGMST,Wu18TSI
1786473083834,4,7,,0,20,,1,-38,32,100,False,TSI,temp,neither,0,Erb22daGMST,Wu18TSI
1786473083835,4,7,,0,20,,1,-37,32,100,False,TSI,temp,neither,0,Erb22daGMST,Wu18TSI
1786473083837,4,7,,0,20,,1,-36,32,100,False,TSI,temp,neither,0,Erb22daGMST,Wu18TSI
1786473083838,4,7,,0,20,,1,-35,32,100,False,TSI,temp,neither,0,Erb22daGMST,Wu18TSI
1786473083839,4,7,,0,20,,1,-34,32,100,False,TSI,temp,neither,0,Erb22daGMST,Wu18TSI
1786473083841,4,7,,0,20,,1,-33,32,100,False,TSI,temp,neither,0,Erb22daGMST,Wu18TSI
1786473083842,4,7,,0,20,,1,-32,32,100,False,TSI,temp,neither,0,Erb22daGMST,Wu18TSI
1786473083843,4,7,,0,20,,1,-31,32,100,False,TSI,temp,neither,0,Erb22daGMST,Wu18TSI
1786473083844,4,7,,0,20,,1,-30,32,100,False,TSI,temp,neither,0,Erb22daGMST,Wu18TSI
1786473083846,4,7,,0,20,,1,-29,32,100,False,TSI,temp,neither,0,Erb22daGMST,Wu18TSI
1786473083847,4,7,,0,20,,1,-28,32,100,False,TSI,temp,neither,0,Erb22daGMST,Wu18TSI
1786473083848,4,7,,0,20,,1,-27,32,100,False,TSI,temp,neither,0,Erb22daGMST,Wu18TSI
1786473083850,4,7,,0,20,,1,-26,32,100,False,TSI,temp,neither,0,Erb22daGMST,Wu18TSI
1786473083851,4,7,,0,20,,1,-25,32,100,False,TSI,temp,neither,0,Erb22daGMST,Wu18TSI
1786473083852,4,7,,0,20,,1,-24,32,100,False,TSI,temp,neither,0,Erb22daGMST,Wu18TSI
1786473083854,4,7,,0,20,,1,-23,32,100,False,TSI,temp,neither,0,Erb22daGMST,Wu18TSI
1786473083855,4,7,,0,20,,1,-22,32,100,False,TSI,temp,neither,0,Erb22daGMST,Wu18TSI
1786473083856,4,7,,0,20,,1,-21,32,100,False,TSI,temp,neither,0,Erb22daGMST,Wu18TSI
1786473083857,4,7,,0,20,,1,-20,32,100,False,TSI,temp,neither,0,Erb22daGMST,Wu18TSI
1786473083859,4,7,,0,20,,1,-19,32,100,False,TSI,temp,neither,0,Erb22daGMST,Wu18TSI
1786473083860,4,7,,0,20,,1,-18,32,100,False,TSI,temp,neither,0,Erb22daGMST,Wu18TSI
1786473083861,4,7,,0,20,,1,-17,32,100,False,TSI,temp,neither,0,Erb22daGMST,Wu18TSI
1786473083863,4,7,,0,20,,1,-16,32,100,False,TSI,temp,neither,0,Erb22daGMST,Wu18TSI
1786473083864,4,7,,0,20,,1,-15,32,100,False,TSI,temp,neither,0,Erb22daGMST,Wu18TSI
1786473083865,4,7,,0,20,,1,-14,32,100,False,TSI,temp,neither,0,Erb22daGMST,Wu18TSI
1786473083866,4,7,,0,20,,1,-13,32,100,False,TSI,temp,neither,0,Erb22daGMST,Wu18TSI
1786473083868,4,7,,0,20,,1,-12,32,100,False,TSI,temp,neither,0,Erb22daGMST,Wu18TSI
1786473083869,4,7,,0,20,,1,-11,32,100,False,TSI,temp,neither,0,Erb22daGMST,Wu18TSI
1786473083870,4,7,,0,20,,1,-10,32,100,False,TSI,temp,neither,0,Erb22daGMST,Wu18TSI
1786473083872,4,7,,0,20,,1,-9,32,100,False,TSI,temp,neither,0,Erb22daGMST,Wu18TSI
1786473083873,4,7,,0,20,,1,-8,32,100,False,TSI,temp,neither,0,Erb22daGMST,Wu18TSI
1786473083874,4,7,,0,20,,1,-7,32,100,False,TSI,temp,neither,0,Erb22daGMST,Wu18TSI
1786473083875,4,7,,0,20,,1,-6,32,100,False,TSI,temp,neither,0,Erb22daGMST,Wu18TSI
1786473083876,4,7,,0,20,,1,-5,32,100,False,TSI,temp,neither,0,Erb22daGMST,Wu18TSI
1786473083878,4,7,,0,20,,1,-4,32,100,False,TSI,temp,neither,0,Erb22daGMST,Wu18TSI
1786473083879,4,7,,0,20,,1,-3,32,100,False,TSI,temp,neither,0,Erb22daGMST,Wu18TSI
1786473083880,4,7,,0,20,,1,-2,32,100,False,TSI,temp,neither,0,Erb22daGMST,Wu18TSI
1786473083882,4,7,,0,20,,1,-1,32,100,False,TSI,temp,neither,0,Erb22daGMST,Wu18TSI
1786473083883,4,7,,0,20,,1,0,32,100,False,TSI,temp,neither,0,Erb22daGMST,Wu18TSI
1786473083884,4,7,,0,20,,1,1,32,100,False,TSI,temp,neither,0,Erb22daGMST,Wu18TSI
1786473083886,4,7,,0,20,,1,2,32,100,False,TSI,temp,neither,0,Erb22daGMST,Wu18TSI
1786473083887,4,7,,0,20,,1,3,32,100,False,TSI,temp,neither,0,Erb22daGMST,Wu18TSI
1786473083888,4,7,,0,20,,1,4,32,100,False,TSI,temp,neither,0,Erb22daGMST,Wu18TSI
1786473083889,4,7,,0,20,,1,5,32,100,False,TSI,temp,neither,0,Erb22daGMST,Wu18TSI
1786473083891,4,7,,0,20,,1,6,32,100,False,TSI,temp,neither,0,Erb22daGMST,Wu18TSI
1786473083892,4,7,,0,20,,1,7,32,100,False,TSI,temp,neither,0,Erb22daGMST,Wu18TSI
1786473083893,4,7,,0,20,,1,8,32,100,False,TSI,temp,neither,0,Erb22daGMST,Wu18TSI
1786473083895,4,7,,0,20,,1,9,32,100,False,TSI,temp,neither,0,Erb22daGMST,Wu18TSI
1786473083896,4,7,,0,20,,1,10,32,100,False,TSI,temp,neither,0,Erb22daGMST,Wu18TSI
1786473083897,4,7,,0,20,,1,11,32,100,False,TSI,temp,neither,0,Erb22daGMST,Wu18TSI
1786473083898,4,7,,0,20,,1,12,32,100,False,TSI,temp,neither,0,Erb22daGMST,Wu18TSI
1786473083900,4,7,,0,20,,1,13,32,100,False,TSI,temp,neither,0,Erb22daGMST,Wu18TSI
1786473083901,4,7,,0,20,,1,14,32,100,False,TSI,temp,neither,0,Erb22daGMST,Wu18TSI
1786473083902,4,7,,0,20,,1,15,32,100,False,TSI,temp,neither,0,Erb22daGMST,Wu18TSI
1786473083904,4,7,,0,20,,1,16,32,100,False,TSI,temp,neither,0,Erb22daGMST,Wu18TSI
1786473083905,4,7,,0,20,,1,17,32,100,False,TSI,temp,neither,0,Erb22daGMST,Wu18TSI
1786473083907,4,7,,0,20,,1,18,32,100,False,TSI,temp,neither,0,Erb22daGMST,Wu18TSI
1786473083908,4,7,,0,20,,1,19,32,100,False,TSI,temp,neither,0,Erb22daGMST,Wu18TSI
1786473083910,4,7,,0,20,,1,20,32,100,False,TSI,temp,neither,0,Erb22daGMST,Wu18TSI
1786473083911,4,7,,0,20,,1,21,32,100,False,TSI,temp,neither,0,Erb22daGMST,Wu18TSI
1786473083912,4,7,,0,20,,1,22,32,100,False,TSI,temp,neither,0,Erb22daGMST,Wu18TSI
1786473083913,4,7,,0,20,,1,23,32,100,False,TSI,temp,neither,0,Erb22daGMST,Wu18TSI
1786473083915,4,7,,0,20,,1,24,32,100,False,TSI,temp,neither,0,Erb22daGMST,Wu18TSI
1786473083916,4,7,,0,20,,1,25,32,100,False,TSI,temp,neither,0,Erb22daGMST,Wu18TSI
1786473083917,4,7,,0,20,,1,26,32,100,False,TSI,temp,neither,0,Erb22daGMST,Wu18TSI
1786473083919,4,7,,0,20,,1,27,32,100,False,TSI,temp,neither,0,Erb22daGMST,Wu18TSI
1786473083920,4,7,,0,20,,1,28,32,100,False,TSI,temp,neither,0,Erb22daGMST,Wu18TSI
1786473083921,4,7,,0,20,,1,29,32,100,False,TSI,temp,neither,0,Erb22daGMST,Wu18TSI
1786473083922,4,7,,0,20,,1,30,32,100,False,TSI,temp,neither,0,Erb22daGMST,Wu18TSI
1786473083924,4,7,,0,20,,1,31,32,100,False,TSI,temp,neither,0,Erb22daGMST,Wu18TSI
1786473083925,4,7,,0,20,,1,32,32,100,False,TSI,temp,neither,0,Erb22daGMST,Wu18TSI
1786473083926,4,7,,0,20,,1,33,32,100,False,TSI,temp,neither,0,Erb22daGMST,Wu18TSI
1786473083928,4,7,,0,20,,1,34,32,100,False,TSI,temp,neither,0,Erb22daGMST,Wu18TSI
1786473083929,4,7,,0,20,,1,35,32,100,False,TSI,temp,neither,0,Erb22daGMST,Wu18TSI
1786473083930,4,7,,0,20,,1,36,32,100,False,TSI,temp,neither,0,Erb22daGMST,Wu18TSI
1786473083931,4,7,,0,20,,1,37,32,100,False,TSI,temp,neither,0,Erb22daGMST,Wu18TSI
1786473083933,4,7,,0,20,,1,38,32,100,False,TSI,temp,neither,0,Erb22daGMST,Wu18TSI
1786473083934,4,7,,0,20,,1,39,32,100,False,TSI,temp,neither,0,Erb22daGMST,Wu18TSI
1786473083935,4,7,,0,20,,1,40,32,100,False,TSI,temp,neither,0,Erb22daGMST,Wu18TSI
1786473083936,5,5,,0,20,,1,-41,32,100,False,TSI,temp,neither,0,Erb22daGMST,Wu18TSI
1786473083938,5,5,,0,20,,1,-40,32,100,False,TSI,temp,neither,0,Erb22daGMST,Wu18TSI
1786473083939,5,5,,0,20,,1,-39,32,100,False,TSI,temp,neither,0,Erb22daGMST,Wu18TSI
1786473083940,5,5,,0,20,,1,-38,32,100,False,TSI,temp,neither,0,Erb22daGMST,Wu18TSI
1786473083942,5,5,,0,20,,1,-37,32,100,False,TSI,temp,neither,0,Erb22daGMST,Wu18TSI
1786473083943,5,5,,0,20,,1,-36,32,100,False,TSI,temp,neither,0,Erb22daGMST,Wu18TSI
1786473083944,5,5,,0,20,,1,-35,32,100,False,TSI,temp,neither,0,Erb22daGMST,Wu18TSI
1786473083946,5,5,,0,20,,1,-34,32,100,False,TSI,temp,neither,0,Erb22daGMST,Wu18TSI
1786473083947,5,5,,0,20,,1,-33,32,100,False,TSI,temp,neither,0,Erb22daGMST,Wu18TSI
1786473083948,5,5,,0,20,,1,-32,32,100,False,TSI,temp,neither,0,Erb22daGMST,Wu18TSI
1786473083949,5,5,,0,20,,1,-31,32,100,False,TSI,temp,neither,0,Erb22daGMST,Wu18TSI
1786473083951,5,5,,0,20,,1,-30,32,100,False,TSI,temp,neither,0,Erb22daGMST,Wu18TSI
1786473083952,5,5,,0,20,,1,-29,32,100,False,TSI,temp,neither,0,Erb22daGMST,Wu18TSI
1786473083953,5,5,,0,20,,1,-28,32,100,False,TSI,temp,neither,0,Erb22daGMST,Wu18TSI
1786473083955,5,5,,0,20,,1,-27,32,100,False,TSI,temp,neither,0,Erb22daGMST,Wu18TSI
1786473083956,5,5,,0,20,,1,-26,32,100,False,TSI,temp,neither,0,Erb22daGMST,Wu18TSI
1786473083957,5,5,,0,20,,1,-25,32,100,False,TSI,temp,neither,0,Erb22daGMST,Wu18TSI
1786473083958,5,5,,0,20,,1,-24,32,100,False,TSI,temp,neither,0,Erb22daGMST,Wu18TSI
1786473083960,5,5,,0,20,,1,-23,32,100,False,TSI,temp,neither,0,Erb22daGMST,Wu18TSI
1786473083961,5,5,,0,20,,1,-22,32,100,False,TSI,temp,neither,0,Erb22daGMST,Wu18TSI
1786473083962,5,5,,0,20,,1,-21,32,100,False,TSI,temp,neither,0,Erb22daGMST,Wu18TSI
1786473083963,5,5,,0,20,,1,-20,32,100,False,TSI,temp,neither,0,Erb22daGMST,Wu18TSI
1786473083965,5,5,,0,20,,1,-19,32,100,False,TSI,temp,neither,0,Erb22daGMST,Wu18TSI
1786473083966,5,5,,0,20,,1,-18,32,100,False,TSI,temp,neither,0,Erb22daGMST,Wu18TSI
1786473083967,5,5,,0,20,,1,-17,32,100,False,TSI,temp,neither,0,Erb22daGMST,Wu18TSI
1786473083969,5,5,,0,20,,1,-16,32,100,False,TSI,temp,neither,0,Erb22daGMST,Wu18TSI
1786473083970,5,5,,0,20,,1,-15,32,100,False,TSI,temp,neither,0,Erb22daGMST,Wu18TSI
1786473083971,5,5,,0,20,,1,-14,32,100,False,TSI,temp,neither,0,Erb22daGMST,Wu18TSI
1786473083972,5,5,,0,20,,1,-13,32,100,False,TSI,temp,neither,0,Erb22daGMST,Wu18TSI
1786473083974,5,5,,0,20,,1,-12,32,100,False,TSI,temp,neither,0,Erb22daGMST,Wu18TSI
1786473083975,5,5,,0,20,,1,-11,32,100,False,TSI,temp,neither,0,Erb22daGMST,Wu18TSI
1786473083976,5,5,,0,20,,1,-10,32,100,False,TSI,temp,neither,0,Erb22daGMST,Wu18TSI
1786473083977,5,5,,0,20,,1,-9,32,100,False,TSI,temp,neither,0,Erb22daGMST,Wu18TSI
1786473083979,5,5,,0,20,,1,-8,32,100,False,TSI,temp,neither,0,Erb22daGMST,Wu18TSI
1786473083980,5,5,,0,20,,1,-7,32,100,False,TSI,temp,neither,0,Erb22daGMST,Wu18TSI
1786473083981,5,5,,0,20,,1,-6,32,100,False,TSI,temp,neither,0,Erb22daGMST,Wu18TSI
1786473083982,5,5,,0,20,,1,-5,32,100,False,TSI,temp,neither,0,Erb22daGMST,Wu18TSI
1786473083984,5,5,,0,20,,1,-4,32,100,False,TSI,temp,neither,0,Erb22daGMST,Wu18TSI
1786473083985,5,5,,0,20,,1,-3,32,100,False,TSI,temp,neither,0,Erb22daGMST,Wu18TSI
1786473083986,5,5,,0,20,,1,-2,32,100,False,TSI,temp,neither,0,Erb22daGMST,Wu18TSI
1786473083988,5,5,,0,20,,1,-1,32,100,False,TSI,temp,neither,0,Erb22daGMST,Wu18TSI
1786473083989,5,5,,0,20,,1,0,32,100,False,TSI,temp,neither,0,Erb22daGMST,Wu18TSI
1786473083990,5,5,,0,20,,1,1,32,100,False,TSI,temp,neither,0,Erb22daGMST,Wu18TSI
1786473083991,5,5,,0,20,,1,2,32,100,False,TSI,temp,neither,0,Erb22daGMST,Wu18TSI
1786473083993,5,5,,0,20,,1,3,32,100,False,TSI,temp,neither,0,Erb22daGMST,Wu18TSI
1786473083994,5,5,,0,20,,1,4,32,100,False,TSI,temp,neither,0,Erb22daGMST,Wu18TSI
1786473083995,5,5,,0,20,,1,5,32,100,False,TSI,temp,neither,0,Erb22daGMST,Wu18TSI
1786473083997,5,5,,0,20,,1,6,32,100,False,TSI,temp,neither,0,Erb22daGMST,Wu18TSI
1786473083998,5,5,,0,20,,1,7,32,100,False,TSI,temp,neither,0,Erb22daGMST,Wu18TSI
1786473083999,5,5,,0,20,,1,8,32,100,False,TSI,temp,neither,0,Erb22daGMST,Wu18TSI
1786473084001,5,5,,0,20,,1,9,32,100,False,TSI,temp,neither,0,Erb22daGMST,Wu18TSI
1786473084002,5,5,,0,20,,1,10,32,100,False,TSI,temp,neither,0,Erb22daGMST,Wu18TSI
1786473084003,5,5,,0,20,,1,11,32,100,False,TSI,temp,neither,0,Erb22daGMST,Wu18TSI
1786473084004,5,5,,0,20,,1,12,32,100,False,TSI,temp,neither,0,Erb22daGMST,Wu18TSI
1786473084006,5,5,,0,20,,1,13,32,100,False,TSI,temp,neither,0,Erb22daGMST,Wu18TSI
1786473084007,5,5,,0,20,,1,14,32,100,False,TSI,temp,neither,0,Erb22daGMST,Wu18TSI
1786473084008,5,5,,0,20,,1,15,32,100,False,TSI,temp,neither,0,Erb22daGMST,Wu18TSI
1786473084010,5,5,,0,20,,1,16,32,100,False,TSI,temp,neither,0,Erb22daGMST,Wu18TSI
1786473084011,5,5,,0,20,,1,17,32,100,False,TSI,temp,neither,0,Erb22daGMST,Wu18TSI
1786473084012,5,5,,0,20,,1,18,32,100,False,TSI,temp,neither,0,Erb22daGMST,Wu18TSI
1786473084013,5,5,,0,20,,1,19,32,100,False,TSI,temp,neither,0,Erb22daGMST,Wu18TSI
1786473084015,5,5,,0,20,,1,20,32,100,False,TSI,temp,neither,0,Erb22daGMST,Wu18TSI
1786473084016,5,5,,0,20,,1,21,32,100,False,TSI,temp,neither,0,Erb22daGMST,Wu18TSI
1786473084017,5,5,,0,20,,1,22,32,100,False,TSI,temp,neither,0,Erb22daGMST,Wu18TSI
1786473084018,5,5,,0,20,,1,23,32,100,False,TSI,temp,neither,0,Erb22daGMST,Wu18TSI
1786473084020,5,5,,0,20,,1,24,32,100,False,TSI,temp,neither,0,Erb22daGMST,Wu18TSI
1786473084021,5,5,,0,20,,1,25,32,100,False,TSI,temp,neither,0,Erb22daGMST,Wu18TSI
1786473084022,5,5,,0,20,,1,26,32,100,False,TSI,temp,neither,0,Erb22daGMST,Wu18TSI
1786473084024,5,5,,0,20,,1,27,32,100,False,TSI,temp,neither,0,Erb22daGMST,Wu18TSI
1786473084025,5,5,,0,20,,1,28,32,100,False,TSI,temp,neither,0,Erb22daGMST,Wu18TSI
1786473084026,5,5,,0,20,,1,29,32,100,False,TSI,temp,neither,0,Erb22daGMST,Wu18TSI
1786473084028,5,5,,0,20,,1,30,32,100,False,TSI,temp,neither,0,Erb22daGMST,Wu18TSI
1786473084029,5,5,,0,20,,1,31,32,100,False,TSI,temp,neither,0,Erb22daGMST,Wu18TSI
1786473084030,5,5,,0,20,,1,32,32,100,False,TSI,temp,neither,0,Erb22daGMST,Wu18TSI
1786473084031,5,5,,0,20,,1,33,32,100,False,TSI,temp,neither,0,Erb22daGMST,Wu18TSI
1786473084032,5,5,,0,20,,1,34,32,100,False,TSI,temp,neither,0,Erb22daGMST,Wu18TSI
1786473084034,5,5,,0,20,,1,35,32,100,False,TSI,temp,neither,0,Erb22daGMST,Wu18TSI
1786473084035,5,5,,0,20,,1,36,32,100,False,TSI,temp,neither,0,Erb22daGMST,Wu18TSI
1786473084036,5,5,,0,20,,1,37,32,100,False,TSI,temp,neither,0,Erb22daGMST,Wu18TSI
1786473084038,5,5,,0,20,,1,38,32,100,False,TSI,temp,neither,0,Erb22daGMST,Wu18TSI
1786473084039,5,5,,0,20,,1,39,32,100,False,TSI,temp,neither,0,Erb22daGMST,Wu18TSI
1786473084040,5,5,,0,20,,1,40,32,100,False,TSI,temp,neither,0,Erb22daGMST,Wu18TSI
1786473084041,5,6,,0,20,,1,-41,32,100,False,TSI,temp,neither,0,Erb22daGMST,Wu18TSI
1786473084043,5,6,,0,20,,1,-40,32,100,False,TSI,temp,neither,0,Erb22daGMST,Wu18TSI
1786473084044,5,6,,0,20,,1,-39,32,100,False,TSI,temp,neither,0,Erb22daGMST,Wu18TSI
1786473084045,5,6,,0,20,,1,-38,32,100,False,TSI,temp,neither,0,Erb22daGMST,Wu18TSI
1786473084047,5,6,,0,20,,1,-37,32,100,False,TSI,temp,neither,0,Erb22daGMST,Wu18TSI
1786473084048,5,6,,0,20,,1,-36,32,100,False,TSI,temp,neither,0,Erb22daGMST,Wu18TSI
1786473084049,5,6,,0,20,,1,-35,32,100,False,TSI,temp,neither,0,Erb22daGMST,Wu18TSI
1786473084050,5,6,,0,20,,1,-34,32,100,False,TSI,temp,neither,0,Erb22daGMST,Wu18TSI
1786473084052,5,6,,0,20,,1,-33,32,100,False,TSI,temp,neither,0,Erb22daGMST,Wu18TSI
1786473084053,5,6,,0,20,,1,-32,32,100,False,TSI,temp,neither,0,Erb22daGMST,Wu18TSI
1786473084054,5,6,,0,20,,1,-31,32,100,False,TSI,temp,neither,0,Erb22daGMST,Wu18TSI
1786473084056,5,6,,0,20,,1,-30,32,100,False,TSI,temp,neither,0,Erb22daGMST,Wu18TSI
1786473084057,5,6,,0,20,,1,-29,32,100,False,TSI,temp,neither,0,Erb22daGMST,Wu18TSI
1786473084058,5,6,,0,20,,1,-28,32,100,False,TSI,temp,neither,0,Erb22daGMST,Wu18TSI
1786473084059,5,6,,0,20,,1,-27,32,100,False,TSI,temp,neither,0,Erb22daGMST,Wu18TSI
1786473084061,5,6,,0,20,,1,-26,32,100,False,TSI,temp,neither,0,Erb22daGMST,Wu18TSI
1786473084062,5,6,,0,20,,1,-25,32,100,False,TSI,temp,neither,0,Erb22daGMST,Wu18TSI
1786473084063,5,6,,0,20,,1,-24,32,100,False,TSI,temp,neither,0,Erb22daGMST,Wu18TSI
1786473084065,5,6,,0,20,,1,-23,32,100,False,TSI,temp,neither,0,Erb22daGMST,Wu18TSI
1786473084066,5,6,,0,20,,1,-22,32,100,False,TSI,temp,neither,0,Erb22daGMST,Wu18TSI
1786473084067,5,6,,0,20,,1,-21,32,100,False,TSI,temp,neither,0,Erb22daGMST,Wu18TSI
1786473084069,5,6,,0,20,,1,-20,32,100,False,TSI,temp,neither,0,Erb22daGMST,Wu18TSI
1786473084070,5,6,,0,20,,1,-19,32,100,False,TSI,temp,neither,0,Erb22daGMST,Wu18TSI
1786473084071,5,6,,0,20,,1,-18,32,100,False,TSI,temp,neither,0,Erb22daGMST,Wu18TSI
1786473084072,5,6,,0,20,,1,-17,32,100,False,TSI,temp,neither,0,Erb22daGMST,Wu18TSI
1786473084074,5,6,,0,20,,1,-16,32,100,False,TSI,temp,neither,0,Erb22daGMST,Wu18TSI
1786473084075,5,6,,0,20,,1,-15,32,100,False,TSI,temp,neither,0,Erb22daGMST,Wu18TSI
1786473084076,5,6,,0,20,,1,-14,32,100,False,TSI,temp,neither,0,Erb22daGMST,Wu18TSI
1786473084078,5,6,,0,20,,1,-13,32,100,False,TSI,temp,neither,0,Erb22daGMST,Wu18TSI
1786473084079,5,6,,0,20,,1,-12,32,100,False,TSI,temp,neither,0,Erb22daGMST,Wu18TSI
1786473084080,5,6,,0,20,,1,-11,32,100,False,TSI,temp,neither,0,Erb22daGMST,Wu18TSI
1786473084081,5,6,,0,20,,1,-10,32,100,False,TSI,temp,neither,0,Erb22daGMST,Wu18TSI
1786473084083,5,6,,0,20,,1,-9,32,100,False,TSI,temp,neither,0,Erb22daGMST,Wu18TSI
1786473084084,5,6,,0,20,,1,-8,32,100,False,TSI,temp,neither,0,Erb22daGMST,Wu18TSI
1786473084085,5,6,,0,20,,1,-7,32,100,False,TSI,temp,neither,0,Erb22daGMST,Wu18TSI
1786473084086,5,6,,0,20,,1,-6,32,100,False,TSI,temp,neither,0,Erb22daGMST,Wu18TSI
1786473084088,5,6,,0,20,,1,-5,32,100,False,TSI,temp,neither,0,Erb22daGMST,Wu18TSI
1786473084089,5,6,,0,20,,1,-4,32,100,False,TSI,temp,neither,0,Erb22daGMST,Wu18TSI
1786473084090,5,6,,0,20,,1,-3,32,100,False,TSI,temp,neither,0,Erb22daGMST,Wu18TSI
1786473084092,5,6,,0,20,,1,-2,32,100,False,TSI,temp,neither,0,Erb22daGMST,Wu18TSI
1786473084093,5,6,,0,20,,1,-1,32,100,False,TSI,temp,neither,0,Erb22daGMST,Wu18TSI
1786473084094,5,6,,0,20,,1,0,32,100,False,TSI,temp,neither,0,Erb22daGMST,Wu18TSI
1786473084096,5,6,,0,20,,1,1,32,100,False,TSI,temp,neither,0,Erb22daGMST,Wu18TSI
1786473084097,5,6,,0,20,,1,2,32,100,False,TSI,temp,neither,0,Erb22daGMST,Wu18TSI
1786473084098,5,6,,0,20,,1,3,32,100,False,TSI,temp,neither,0,Erb22daGMST,Wu18TSI
1786473084099,5,6,,0,20,,1,4,32,100,False,TSI,temp,neither,0,Erb22daGMST,Wu18TSI
1786473084101,5,6,,0,20,,1,5,32,100,False,TSI,temp,neither,0,Erb22daGMST,Wu18TSI
1786473084102,5,6,,0,20,,1,6,32,100,False,TSI,temp,neither,0,Erb22daGMST,Wu18TSI
1786473084103,5,6,,0,20,,1,7,32,100,False,TSI,temp,neither,0,Erb22daGMST,Wu18TSI
1786473084105,5,6,,0,20,,1,8,32,100,False,TSI,temp,neither,0,Erb22daGMST,Wu18TSI
1786473084106,5,6,,0,20,,1,9,32,100,False,TSI,temp,neither,0,Erb22daGMST,Wu18TSI
1786473084107,5,6,,0,20,,1,10,32,100,False,TSI,temp,neither,0,Erb22daGMST,Wu18TSI
1786473084108,5,6,,0,20,,1,11,32,100,False,TSI,temp,neither,0,Erb22daGMST,Wu18TSI
1786473084109,5,6,,0,20,,1,12,32,100,False,TSI,temp,neither,0,Erb22daGMST,Wu18TSI
1786473084111,5,6,,0,20,,1,13,32,100,False,TSI,temp,neither,0,Erb22daGMST,Wu18TSI
1786473084112,5,6,,0,20,,1,14,32,100,False,TSI,temp,neither,0,Erb22daGMST,Wu18TSI
1786473084113,5,6,,0,20,,1,15,32,100,False,TSI,temp,neither,0,Erb22daGMST,Wu18TSI
1786473084115,5,6,,0,20,,1,16,32,100,False,TSI,temp,neither,0,Erb22daGMST,Wu18TSI
1786473084116,5,6,,0,20,,1,17,32,100,False,TSI,temp,neither,0,Erb22daGMST,Wu18TSI
1786473084117,5,6,,0,20,,1,18,32,100,False,TSI,temp,neither,0,Erb22daGMST,Wu18TSI
1786473084118,5,6,,0,20,,1,19,32,100,False,TSI,temp,neither,0,Erb22daGMST,Wu18TSI
1786473084120,5,6,,0,20,,1,20,32,100,False,TSI,temp,neither,0,Erb22daGMST,Wu18TSI
1786473084121,5,6,,0,20,,1,21,32,100,False,TSI,temp,neither,0,Erb22daGMST,Wu18TSI
1786473084122,5,6,,0,20,,1,22,32,100,False,TSI,temp,neither,0,Erb22daGMST,Wu18TSI
1786473084123,5,6,,0,20,,1,23,32,100,False,TSI,temp,neither,0,Erb22daGMST,Wu18TSI
1786473084125,5,6,,0,20,,1,24,32,100,False,TSI,temp,neither,0,Erb22daGMST,Wu18TSI
1786473084126,5,6,,0,20,,1,25,32,100,False,TSI,temp,neither,0,Erb22daGMST,Wu18TSI
1786473084127,5,6,,0,20,,1,26,32,100,False,TSI,temp,neither,0,Erb22daGMST,Wu18TSI
1786473084129,5,6,,0,20,,1,27,32,100,False,TSI,temp,neither,0,Erb22daGMST,Wu18TSI
1786473084130,5,6,,0,20,,1,28,32,100,False,TSI,temp,neither,0,Erb22daGMST,Wu18TSI
1786473084131,5,6,,0,20,,1,29,32,100,False,TSI,temp,neither,0,Erb22daGMST,Wu18TSI
1786473084132,5,6,,0,20,,1,30,32,100,False,TSI,temp,neither,0,Erb22daGMST,Wu18TSI
1786473084134,5,6,,0,20,,1,31,32,100,False,TSI,temp,neither,0,Erb22daGMST,Wu18TSI
1786473084135,5,6,,0,20,,1,32,32,100,False,TSI,temp,neither,0,Erb22daGMST,Wu18TSI
1786473084136,5,6,,0,20,,1,33,32,100,False,TSI,temp,neither,0,Erb22daGMST,Wu18TSI
1786473084138,5,6,,0,20,,1,34,32,100,False,TSI,temp,neither,0,Erb22daGMST,Wu18TSI
1786473084139,5,6,,0,20,,1,35,32,100,False,TSI,temp,neither,0,Erb22daGMST,Wu18TSI
1786473084140,5,6,,0,20,,1,36,32,100,False,TSI,temp,neither,0,Erb22daGMST,Wu18TSI
1786473084141,5,6,,0,20,,1,37,32,100,False,TSI,temp,neither,0,Erb22daGMST,Wu18TSI
1786473084143,5,6,,0,20,,1,38,32,100,False,TSI,temp,neither,0,Erb22daGMST,Wu18TSI
1786473084144,5,6,,0,20,,1,39,32,100,False,TSI,temp,neither,0,Erb22daGMST,Wu18TSI
1786473084145,5,6,,0,20,,1,40,32,100,False,TSI,temp,neither,0,Erb22daGMST,Wu18TSI
1786473084147,5,7,,0,20,,1,-41,32,100,False,TSI,temp,neither,0,Erb22daGMST,Wu18TSI
1786473084148,5,7,,0,20,,1,-40,32,100,False,TSI,temp,neither,0,Erb22daGMST,Wu18TSI
1786473084149,5,7,,0,20,,1,-39,32,100,False,TSI,temp,neither,0,Erb22daGMST,Wu18TSI
1786473084150,5,7,,0,20,,1,-38,32,100,False,TSI,temp,neither,0,Erb22daGMST,Wu18TSI
1786473084152,5,7,,0,20,,1,-37,32,100,False,TSI,temp,neither,0,Erb22daGMST,Wu18TSI
1786473084153,5,7,,0,20,,1,-36,32,100,False,TSI,temp,neither,0,Erb22daGMST,Wu18TSI
1786473084154,5,7,,0,20,,1,-35,32,100,False,TSI,temp,neither,0,Erb22daGMST,Wu18TSI
1786473084156,5,7,,0,20,,1,-34,32,100,False,TSI,temp,neither,0,Erb22daGMST,Wu18TSI
1786473084157,5,7,,0,20,,1,-33,32,100,False,TSI,temp,neither,0,Erb22daGMST,Wu18TSI
1786473084158,5,7,,0,20,,1,-32,32,100,False,TSI,temp,neither,0,Erb22daGMST,Wu18TSI
1786473084159,5,7,,0,20,,1,-31,32,100,False,TSI,temp,neither,0,Erb22daGMST,Wu18TSI
1786473084161,5,7,,0,20,,1,-30,32,100,False,TSI,temp,neither,0,Erb22daGMST,Wu18TSI
1786473084162,5,7,,0,20,,1,-29,32,100,False,TSI,temp,neither,0,Erb22daGMST,Wu18TSI
1786473084163,5,7,,0,20,,1,-28,32,100,False,TSI,temp,neither,0,Erb22daGMST,Wu18TSI
1786473084165,5,7,,0,20,,1,-27,32,100,False,TSI,temp,neither,0,Erb22daGMST,Wu18TSI
1786473084166,5,7,,0,20,,1,-26,32,100,False,TSI,temp,neither,0,Erb22daGMST,Wu18TSI
1786473084167,5,7,,0,20,,1,-25,32,100,False,TSI,temp,neither,0,Erb22daGMST,Wu18TSI
1786473084169,5,7,,0,20,,1,-24,32,100,False,TSI,temp,neither,0,Erb22daGMST,Wu18TSI
1786473084170,5,7,,0,20,,1,-23,32,100,False,TSI,temp,neither,0,Erb22daGMST,Wu18TSI
1786473084171,5,7,,0,20,,1,-22,32,100,False,TSI,temp,neither,0,Erb22daGMST,Wu18TSI
1786473084172,5,7,,0,20,,1,-21,32,100,False,TSI,temp,neither,0,Erb22daGMST,Wu18TSI
1786473084174,5,7,,0,20,,1,-20,32,100,False,TSI,temp,neither,0,Erb22daGMST,Wu18TSI
1786473084175,5,7,,0,20,,1,-19,32,100,False,TSI,temp,neither,0,Erb22daGMST,Wu18TSI
1786473084176,5,7,,0,20,,1,-18,32,100,False,TSI,temp,neither,0,Erb22daGMST,Wu18TSI
1786473084178,5,7,,0,20,,1,-17,32,100,False,TSI,temp,neither,0,Erb22daGMST,Wu18TSI
1786473084179,5,7,,0,20,,1,-16,32,100,False,TSI,temp,neither,0,Erb22daGMST,Wu18TSI
1786473084180,5,7,,0,20,,1,-15,32,100,False,TSI,temp,neither,0,Erb22daGMST,Wu18TSI
1786473084182,5,7,,0,20,,1,-14,32,100,False,TSI,temp,neither,0,Erb22daGMST,Wu18TSI
1786473084183,5,7,,0,20,,1,-13,32,100,False,TSI,temp,neither,0,Erb22daGMST,Wu18TSI
1786473084184,5,7,,0,20,,1,-12,32,100,False,TSI,temp,neither,0,Erb22daGMST,Wu18TSI
1786473084185,5,7,,0,20,,1,-11,32,100,False,TSI,temp,neither,0,Erb22daGMST,Wu18TSI
1786473084187,5,7,,0,20,,1,-10,32,100,False,TSI,temp,neither,0,Erb22daGMST,Wu18TSI
1786473084188,5,7,,0,20,,1,-9,32,100,False,TSI,temp,neither,0,Erb22daGMST,Wu18TSI
1786473084189,5,7,,0,20,,1,-8,32,100,False,TSI,temp,neither,0,Erb22daGMST,Wu18TSI
1786473084191,5,7,,0,20,,1,-7,32,100,False,TSI,temp,neither,0,Erb22daGMST,Wu18TSI
1786473084192,5,7,,0,20,,1,-6,32,100,False,TSI,temp,neither,0,Erb22daGMST,Wu18TSI
1786473084193,5,7,,0,20,,1,-5,32,100,False,TSI,temp,neither,0,Erb22daGMST,Wu18TSI
1786473084194,5,7,,0,20,,1,-4,32,100,False,TSI,temp,neither,0,Erb22daGMST,Wu18TSI
1786473084196,5,7,,0,20,,1,-3,32,100,False,TSI,temp,neither,0,Erb22daGMST,Wu18TSI
1786473084197,5,7,,0,20,,1,-2,32,100,False,TSI,temp,neither,0,Erb22daGMST,Wu18TSI
1786473084198,5,7,,0,20,,1,-1,32,100,False,TSI,temp,neither,0,Erb22daGMST,Wu18TSI
1786473084200,5,7,,0,20,,1,0,32,100,False,TSI,temp,neither,0,Erb22daGMST,Wu18TSI
1786473084201,5,7,,0,20,,1,1,32,100,False,TSI,temp,neither,0,Erb22daGMST,Wu18TSI
1786473084202,5,7,,0,20,,1,2,32,100,False,TSI,temp,neither,0,Erb22daGMST,Wu18TSI
1786473084204,5,7,,0,20,,1,3,32,100,False,TSI,temp,neither,0,Erb22daGMST,Wu18TSI
1786473084205,5,7,,0,20,,1,4,32,100,False,TSI,temp,neither,0,Erb22daGMST,Wu18TSI
1786473084206,5,7,,0,20,,1,5,32,100,False,TSI,temp,neither,0,Erb22daGMST,Wu18TSI
1786473084208,5,7,,0,20,,1,6,32,100,False,TSI,temp,neither,0,Erb22daGMST,Wu18TSI
1786473084209,5,7,,0,20,,1,7,32,100,False,TSI,temp,neither,0,Erb22daGMST,Wu18TSI
1786473084210,5,7,,0,20,,1,8,32,100,False,TSI,temp,neither,0,Erb22daGMST,Wu18TSI
1786473084211,5,7,,0,20,,1,9,32,100,False,TSI,temp,neither,0,Erb22daGMST,Wu18TSI
1786473084213,5,7,,0,20,,1,10,32,100,False,TSI,temp,neither,0,Erb22daGMST,Wu18TSI
1786473084214,5,7,,0,20,,1,11,32,100,False,TSI,temp,neither,0,Erb22daGMST,Wu18TSI
1786473084215,5,7,,0,20,,1,12,32,100,False,TSI,temp,neither,0,Erb22daGMST,Wu18TSI
1786473084217,5,7,,0,20,,1,13,32,100,False,TSI,temp,neither,0,Erb22daGMST,Wu18TSI
1786473084218,5,7,,0,20,,1,14,32,100,False,TSI,temp,neither,0,Erb22daGMST,Wu18TSI
1786473084219,5,7,,0,20,,1,15,32,100,False,TSI,temp,neither,0,Erb22daGMST,Wu18TSI
1786473084220,5,7,,0,20,,1,16,32,100,False,TSI,temp,neither,0,Erb22daGMST,Wu18TSI
1786473084222,5,7,,0,20,,1,17,32,100,False,TSI,temp,neither,0,Erb22daGMST,Wu18TSI
1786473084223,5,7,,0,20,,1,18,32,100,False,TSI,temp,neither,0,Erb22daGMST,Wu18TSI
1786473084224,5,7,,0,20,,1,19,32,100,False,TSI,temp,neither,0,Erb22daGMST,Wu18TSI
1786473084226,5,7,,0,20,,1,20,32,100,False,TSI,temp,neither,0,Erb22daGMST,Wu18TSI
1786473084227,5,7,,0,20,,1,21,32,100,False,TSI,temp,neither,0,Erb22daGMST,Wu18TSI
1786473084228,5,7,,0,20,,1,22,32,100,False,TSI,temp,neither,0,Erb22daGMST,Wu18TSI
1786473084230,5,7,,0,20,,1,23,32,100,False,TSI,temp,neither,0,Erb22daGMST,Wu18TSI
1786473084231,5,7,,0,20,,1,24,32,100,False,TSI,temp,neither,0,Erb22daGMST,Wu18TSI
1786473084232,5,7,,0,20,,1,25,32,100,False,TSI,temp,neither,0,Erb22daGMST,Wu18TSI
1786473084233,5,7,,0,20,,1,26,32,100,False,TSI,temp,neither,0,Erb22daGMST,Wu18TSI
1786473084235,5,7,,0,20,,1,27,32,100,False,TSI,temp,neither,0,Erb22daGMST,Wu18TSI
1786473084236,5,7,,0,20,,1,28,32,100,False,TSI,temp,neither,0,Erb22daGMST,Wu18TSI
1786473084237,5,7,,0,20,,1,29,32,100,False,TSI,temp,neither,0,Erb22daGMST,Wu18TSI
1786473084239,5,7,,0,20,,1,30,32,100,False,TSI,temp,neither,0,Erb22daGMST,Wu18TSI
1786473084240,5,7,,0,20,,1,31,32,100,False,TSI,temp,neither,0,Erb22daGMST,Wu18TSI
1786473084241,5,7,,0,20,,1,32,32,100,False,TSI,temp,neither,0,Erb22daGMST,Wu18TSI
1786473084242,5,7,,0,20,,1,33,32,100,False,TSI,temp,neither,0,Erb22daGMST,Wu18TSI
1786473084244,5,7,,0,20,,1,34,32,100,False,TSI,temp,neither,0,Erb22daGMST,Wu18TSI
1786473084245,5,7,,0,20,,1,35,32,100,False,TSI,temp,neither,0,Erb22daGMST,Wu18TSI
1786473084246,5,7,,0,20,,1,36,32,100,False,TSI,temp,neither,0,Erb22daGMST,Wu18TSI
1786473084248,5,7,,0,20,,1,37,32,100,False,TSI,temp,neither,0,Erb22daGMST,Wu18TSI
1786473084249,5,7,,0,20,,1,38,32,100,False,TSI,temp,neither,0,Erb22daGMST,Wu18TSI
1786473084250,5,7,,0,20,,1,39,32,100,False,TSI,temp,neither,0,Erb22daGMST,Wu18TSI
1786473084252,5,7,,0,20,,1,40,32,100,False,TSI,temp,neither,0,Erb22daGMST,Wu18TSI
