/* DATA DESCRIPTION:
Citation:	Döring, Michael (2022): A: GISP2 temperature anomalies from δ15N fitting using Schwander et al. (1997) firn model and Goujon et al. (2003) firn model [dataset]. PANGAEA, https://doi.org/10.1594/PANGAEA.943594, 
	In: Döring, M (2022): Holocene temperature anomalies (0.07...11.5 kyr b2k) of Greenland Summit from firn model inversions of GISP2 δ15N, δ40Ar and δ15Nexcess data and GISP2 accumulation rates (0.02...35kyr b2k) [dataset bundled publication]. PANGAEA, https://doi.org/10.1594/PANGAEA.943597
Keyword(s):	Accumulation rate; argon isotope; GISP2; Greenland; Holocene; Ice core; nitrogen isotope; summit; temperature reconstruction
Related to:	Cuffey, Kurt M; Clow, Gary D (1997): Temperature, accumulation, and ice sheet elevation in central Greenland through the last deglacial transition. Journal of Geophysical Research: Oceans, 102(C12), 26383-26396, https://doi.org/10.1029/96JC03981
	Döring, Michael; Leuenberger, Markus Christian (2018): Novel automated inversion algorithm for temperature reconstruction using gas isotopes from ice cores. Climate of the Past, 14(6), 763-788, https://doi.org/10.5194/cp-14-763-2018
	Döring, Michael; Leuenberger, Markus Christian (2022): Comparison of Holocene temperature reconstructions based on GISP2 multiple-gas-isotope measurements. Quaternary Science Reviews, 280, 107274, https://doi.org/10.1016/j.quascirev.2021.107274
	Goujon, C; Barnola, Jean-Marc; Ritz, Catherine (2003): Modeling the densification of polar firn including heat diffusion: Application to close-off characteristics and gas isotopic fractionation for Antarctica and Greenland sites. Journal of Geophysical Research: Atmospheres, 108(D24), n/a-n/a, https://doi.org/10.1029/2002JD003319
	Kobashi, Takuro; Severinghaus, Jeffrey P; Kawamura, Kenji (2008): Argon and nitrogen isotopes of trapped air in the GISP2 ice core during the Holocene epoch (0-11,500 B.P.): Methodology and implications for gas loss processes. Geochimica et Cosmochimica Acta, 72(19), 4675-4686, https://doi.org/10.1016/j.gca.2008.07.006
	Schwander, Jakob; Sowers, Todd A; Barnola, Jean-Marc; Blunier, Thomas; Malaizé, Bruno; Fuchs, A (1997): Age scale of the air in the summit ice: implication for glacial-interglacial temperature change. Journal of Geophysical Research: Atmospheres, 102(D16), 19483-19494, https://doi.org/10.1029/97JD01309
Further details:	README for files in Döring et al. (2022) (URI: https://download.pangaea.de/reference/112987/attachments/Doering-etal_Readme.xlsx)
Coverage:	LATITUDE: 72.970000 * LONGITUDE: -38.800000
	DATE/TIME START: 1990-01-01T00:39:00 * DATE/TIME END: 1990-01-01T00:39:00
	MINIMUM ELEVATION: 3208.0 m * MAXIMUM ELEVATION: 3208.0 m
Event(s):	GISP2 * LATITUDE: 72.970000 * LONGITUDE: -38.800000 * DATE/TIME: 1990-01-01T00:39:00 * ELEVATION: 3208.0 m * Recovery: 3053 m * CAMPAIGN: GISP * BASIS: Sampling/drilling ice * METHOD/DEVICE: Drilling/drill rig (DRILL) * COMMENT: GISP2 is a combination of the shallow B and the deeper D core; about 200 ka
Comment:	Uncertainty is 2sigma = 0.80...0.88 K for the Schwander et al. (1997) firn model reconstruction and 2sigma = 0.86...0.94 K for the Goujon et al. (2003) firn model reconstruction. The uncertainty is based on mean isotope data resolution of 17.8 a.
Parameter(s):	Age [ka b2k] (Age) * PI: Döring, Michael (https://orcid.org/0000-0001-5575-0747, michael.doring@nbi.ku.dk)
	Temperature anomaly [K] (T anomaly) * PI: Döring, Michael (https://orcid.org/0000-0001-5575-0747, michael.doring@nbi.ku.dk) * COMMENT: SchwanderModel; rel. to 11.5 ka b2k
	Temperature anomaly [K] (T anomaly) * PI: Döring, Michael (https://orcid.org/0000-0001-5575-0747, michael.doring@nbi.ku.dk) * COMMENT: SchwanderModel LowPass COP=100 a; rel. to 11.5 ka b2k
	Temperature anomaly [K] (T anomaly) * PI: Döring, Michael (https://orcid.org/0000-0001-5575-0747, michael.doring@nbi.ku.dk) * COMMENT: GoujonModel; rel. to 11.5 ka b2k
	Temperature anomaly [K] (T anomaly) * PI: Döring, Michael (https://orcid.org/0000-0001-5575-0747, michael.doring@nbi.ku.dk) * COMMENT: GoujonModel LowPass COP=100 a; rel. to 11.5 ka b2k
License:	Creative Commons Attribution 4.0 International (CC-BY-4.0) (URI: https://creativecommons.org/licenses/by/4.0/)
Status:	Curation Level: Enhanced curation (URI: https://wiki.pangaea.de/wiki/Curation_levels)
Size:	57500 data points
*/
Age [ka b2k]	T anomaly [K] (SchwanderModel; rel. to 11.5 ...)	T anomaly [K] (SchwanderModel LowPass COP=10...)	T anomaly [K] (GoujonModel; rel. to 11.5 ka b2k)	T anomaly [K] (GoujonModel LowPass COP=100 a...)
0.070	5.80	5.78	5.84	5.74
0.071	5.82	5.77	5.87	5.73
0.072	5.85	5.77	5.90	5.73
0.073	5.87	5.76	5.92	5.72
0.074	5.89	5.76	5.94	5.72
0.075	5.90	5.76	5.94	5.71
0.076	5.89	5.75	5.94	5.71
0.077	5.88	5.75	5.93	5.71
0.078	5.86	5.74	5.91	5.70
0.079	5.83	5.74	5.88	5.70
0.080	5.80	5.74	5.85	5.69
0.081	5.77	5.73	5.82	5.69
0.082	5.75	5.73	5.79	5.69
0.083	5.72	5.72	5.77	5.68
0.084	5.70	5.72	5.75	5.68
0.085	5.68	5.72	5.72	5.68
0.086	5.66	5.71	5.70	5.67
0.087	5.64	5.71	5.69	5.67
0.088	5.62	5.71	5.67	5.67
0.089	5.61	5.70	5.66	5.66
0.090	5.61	5.70	5.66	5.66
0.091	5.62	5.70	5.67	5.66
0.092	5.64	5.70	5.69	5.66
0.093	5.66	5.70	5.71	5.65
0.094	5.68	5.69	5.73	5.65
0.095	5.69	5.69	5.74	5.65
0.096	5.69	5.69	5.74	5.65
0.097	5.68	5.69	5.73	5.65
0.098	5.66	5.69	5.71	5.65
0.099	5.64	5.69	5.69	5.65
0.100	5.61	5.69	5.66	5.65
0.101	5.59	5.69	5.63	5.65
0.102	5.56	5.69	5.61	5.65
0.103	5.54	5.69	5.59	5.65
0.104	5.52	5.69	5.57	5.65
0.105	5.51	5.69	5.55	5.65
0.106	5.49	5.70	5.54	5.66
0.107	5.48	5.70	5.53	5.66
0.108	5.47	5.70	5.52	5.66
0.109	5.48	5.70	5.53	5.66
0.110	5.51	5.71	5.55	5.67
0.111	5.55	5.71	5.60	5.67
0.112	5.62	5.71	5.66	5.67
0.113	5.70	5.72	5.74	5.68
0.114	5.77	5.72	5.82	5.68
0.115	5.84	5.72	5.89	5.68
0.116	5.88	5.73	5.93	5.69
0.117	5.89	5.73	5.93	5.69
0.118	5.87	5.74	5.91	5.69
0.119	5.83	5.74	5.87	5.70
0.120	5.78	5.74	5.83	5.70
0.121	5.75	5.75	5.80	5.71
0.122	5.74	5.75	5.79	5.71
0.123	5.76	5.76	5.81	5.71
0.124	5.80	5.76	5.85	5.72
0.125	5.87	5.76	5.91	5.72
0.126	5.94	5.77	5.99	5.73
0.127	6.01	5.77	6.06	5.73
0.128	6.07	5.77	6.12	5.73
0.129	6.11	5.78	6.15	5.74
0.130	6.11	5.78	6.16	5.74
0.131	6.09	5.78	6.13	5.74
0.132	6.03	5.79	6.08	5.74
0.133	5.95	5.79	6.00	5.75
0.134	5.87	5.79	5.91	5.75
0.135	5.78	5.79	5.82	5.75
0.136	5.70	5.80	5.74	5.75
0.137	5.63	5.80	5.68	5.76
0.138	5.59	5.80	5.63	5.76
0.139	5.56	5.80	5.61	5.76
0.140	5.55	5.80	5.60	5.76
0.141	5.56	5.81	5.60	5.76
0.142	5.57	5.81	5.62	5.77
0.143	5.59	5.81	5.64	5.77
0.144	5.62	5.81	5.67	5.77
0.145	5.66	5.81	5.71	5.77
0.146	5.71	5.81	5.76	5.77
0.147	5.76	5.82	5.81	5.77
0.148	5.82	5.82	5.87	5.78
0.149	5.88	5.82	5.93	5.78
0.150	5.94	5.82	5.99	5.78
0.151	6.00	5.82	6.04	5.78
0.152	6.04	5.82	6.09	5.78
0.153	6.08	5.82	6.12	5.78
0.154	6.10	5.82	6.14	5.78
0.155	6.09	5.82	6.14	5.78
0.156	6.08	5.82	6.12	5.78
0.157	6.04	5.82	6.09	5.78
0.158	6.00	5.82	6.05	5.78
0.159	5.95	5.82	6.00	5.78
0.160	5.90	5.82	5.95	5.78
0.161	5.85	5.82	5.89	5.78
0.162	5.80	5.82	5.84	5.78
0.163	5.75	5.82	5.80	5.78
0.164	5.71	5.82	5.76	5.78
0.165	5.68	5.82	5.72	5.78
0.166	5.65	5.82	5.70	5.78
0.167	5.65	5.82	5.70	5.78
0.168	5.66	5.82	5.71	5.77
0.169	5.69	5.81	5.73	5.77
0.170	5.72	5.81	5.77	5.77
0.171	5.76	5.81	5.81	5.77
0.172	5.80	5.81	5.85	5.77
0.173	5.84	5.81	5.88	5.77
0.174	5.86	5.81	5.91	5.77
0.175	5.88	5.81	5.93	5.77
0.176	5.90	5.81	5.94	5.76
0.177	5.91	5.80	5.95	5.76
0.178	5.92	5.80	5.97	5.76
0.179	5.94	5.80	5.98	5.76
0.180	5.95	5.80	6.00	5.76
0.181	5.97	5.80	6.02	5.76
0.182	5.98	5.80	6.03	5.76
0.183	5.99	5.80	6.04	5.76
0.184	5.99	5.80	6.03	5.75
0.185	5.97	5.79	6.02	5.75
0.186	5.95	5.79	6.00	5.75
0.187	5.91	5.79	5.96	5.75
0.188	5.87	5.79	5.92	5.75
0.189	5.83	5.79	5.87	5.75
0.190	5.77	5.79	5.82	5.75
0.191	5.71	5.79	5.76	5.75
0.192	5.64	5.79	5.69	5.75
0.193	5.57	5.79	5.62	5.75
0.194	5.50	5.79	5.54	5.75
0.195	5.43	5.79	5.48	5.75
0.196	5.39	5.79	5.43	5.75
0.197	5.37	5.79	5.41	5.75
0.198	5.38	5.80	5.42	5.75
0.199	5.42	5.80	5.47	5.76
0.200	5.49	5.80	5.54	5.76
0.201	5.58	5.80	5.63	5.76
0.202	5.69	5.81	5.74	5.77
0.203	5.81	5.81	5.86	5.77
0.204	5.93	5.81	5.97	5.77
0.205	6.03	5.82	6.08	5.78
0.206	6.11	5.82	6.16	5.78
0.207	6.16	5.83	6.20	5.79
0.208	6.17	5.83	6.21	5.79
0.209	6.14	5.84	6.19	5.80
0.210	6.08	5.84	6.13	5.80
0.211	6.01	5.85	6.06	5.81
0.212	5.93	5.85	5.98	5.81
0.213	5.85	5.86	5.90	5.82
0.214	5.78	5.87	5.82	5.82
0.215	5.72	5.87	5.76	5.83
0.216	5.68	5.88	5.72	5.84
0.217	5.66	5.89	5.71	5.84
0.218	5.67	5.89	5.72	5.85
0.219	5.70	5.90	5.75	5.86
0.220	5.76	5.91	5.80	5.87
0.221	5.82	5.92	5.86	5.87
0.222	5.88	5.92	5.92	5.88
0.223	5.93	5.93	5.98	5.89
0.224	5.98	5.94	6.03	5.90
0.225	6.01	5.95	6.06	5.91
0.226	6.03	5.96	6.08	5.92
0.227	6.03	5.97	6.08	5.92
0.228	6.02	5.97	6.07	5.93
0.229	6.01	5.98	6.05	5.94
0.230	5.99	5.99	6.04	5.95
0.231	5.97	6.00	6.02	5.96
0.232	5.96	6.01	6.01	5.97
0.233	5.96	6.02	6.01	5.98
0.234	5.96	6.03	6.01	5.99
0.235	5.97	6.04	6.02	6.00
0.236	5.99	6.05	6.03	6.01
0.237	6.00	6.06	6.05	6.02
0.238	6.02	6.07	6.07	6.03
0.239	6.04	6.08	6.08	6.04
0.240	6.05	6.09	6.10	6.05
0.241	6.06	6.10	6.11	6.05
0.242	6.07	6.11	6.12	6.06
0.243	6.07	6.12	6.12	6.07
0.244	6.08	6.12	6.12	6.08
0.245	6.08	6.13	6.13	6.09
0.246	6.08	6.14	6.13	6.10
0.247	6.09	6.15	6.13	6.11
0.248	6.10	6.16	6.14	6.12
0.249	6.11	6.17	6.16	6.13
0.250	6.13	6.18	6.18	6.14
0.251	6.16	6.19	6.21	6.14
0.252	6.18	6.19	6.23	6.15
0.253	6.21	6.20	6.25	6.16
0.254	6.23	6.21	6.28	6.17
0.255	6.25	6.21	6.30	6.17
0.256	6.27	6.22	6.32	6.18
0.257	6.30	6.23	6.34	6.19
0.258	6.33	6.23	6.37	6.19
0.259	6.36	6.24	6.40	6.20
0.260	6.39	6.24	6.44	6.20
0.261	6.43	6.25	6.47	6.20
0.262	6.46	6.25	6.51	6.21
0.263	6.50	6.25	6.54	6.21
0.264	6.53	6.26	6.57	6.21
0.265	6.55	6.26	6.59	6.22
0.266	6.56	6.26	6.61	6.22
0.267	6.56	6.26	6.61	6.22
0.268	6.56	6.26	6.61	6.22
0.269	6.55	6.26	6.60	6.22
0.270	6.53	6.26	6.58	6.22
0.271	6.50	6.26	6.55	6.22
0.272	6.47	6.26	6.52	6.21
0.273	6.44	6.25	6.49	6.21
0.274	6.42	6.25	6.46	6.21
0.275	6.39	6.25	6.44	6.21
0.276	6.37	6.24	6.41	6.20
0.277	6.35	6.24	6.39	6.20
0.278	6.33	6.24	6.38	6.19
0.279	6.31	6.23	6.36	6.19
0.280	6.30	6.23	6.34	6.19
0.281	6.28	6.22	6.32	6.18
0.282	6.25	6.22	6.30	6.18
0.283	6.23	6.21	6.28	6.17
0.284	6.20	6.21	6.25	6.17
0.285	6.17	6.20	6.21	6.16
0.286	6.14	6.20	6.18	6.16
0.287	6.11	6.19	6.16	6.15
0.288	6.09	6.19	6.14	6.15
0.289	6.08	6.18	6.12	6.14
0.290	6.07	6.18	6.12	6.14
0.291	6.06	6.17	6.11	6.13
0.292	6.05	6.17	6.10	6.13
0.293	6.04	6.17	6.09	6.13
0.294	6.03	6.16	6.08	6.12
0.295	6.01	6.16	6.06	6.12
0.296	5.99	6.16	6.04	6.12
0.297	5.97	6.16	6.02	6.12
0.298	5.95	6.16	6.00	6.12
0.299	5.93	6.16	5.98	6.11
0.300	5.92	6.16	5.96	6.11
0.301	5.90	6.16	5.95	6.11
0.302	5.89	6.16	5.94	6.11
0.303	5.89	6.16	5.93	6.12
0.304	5.88	6.16	5.93	6.12
0.305	5.88	6.16	5.93	6.12
0.306	5.89	6.17	5.93	6.12
0.307	5.89	6.17	5.94	6.13
0.308	5.90	6.17	5.94	6.13
0.309	5.90	6.18	5.95	6.14
0.310	5.91	6.18	5.95	6.14
0.311	5.91	6.19	5.96	6.15
0.312	5.91	6.19	5.96	6.15
0.313	5.92	6.20	5.96	6.16
0.314	5.93	6.21	5.98	6.17
0.315	5.95	6.21	6.00	6.17
0.316	5.99	6.22	6.04	6.18
0.317	6.05	6.23	6.10	6.19
0.318	6.12	6.24	6.17	6.19
0.319	6.21	6.24	6.25	6.20
0.320	6.29	6.25	6.34	6.21
0.321	6.38	6.26	6.42	6.22
0.322	6.45	6.27	6.50	6.23
0.323	6.52	6.27	6.56	6.23
0.324	6.56	6.28	6.61	6.24
0.325	6.60	6.29	6.64	6.25
0.326	6.61	6.29	6.66	6.25
0.327	6.62	6.30	6.66	6.26
0.328	6.61	6.31	6.66	6.27
0.329	6.60	6.31	6.64	6.27
0.330	6.58	6.32	6.63	6.28
0.331	6.57	6.32	6.61	6.28
0.332	6.55	6.33	6.60	6.28
0.333	6.54	6.33	6.58	6.29
0.334	6.52	6.33	6.57	6.29
0.335	6.51	6.33	6.56	6.29
0.336	6.50	6.34	6.55	6.29
0.337	6.50	6.34	6.55	6.29
0.338	6.51	6.34	6.56	6.30
0.339	6.52	6.34	6.57	6.30
0.340	6.54	6.34	6.59	6.29
0.341	6.56	6.33	6.61	6.29
0.342	6.58	6.33	6.62	6.29
0.343	6.59	6.33	6.64	6.29
0.344	6.60	6.33	6.65	6.29
0.345	6.61	6.32	6.66	6.28
0.346	6.61	6.32	6.66	6.28
0.347	6.61	6.32	6.66	6.27
0.348	6.60	6.31	6.65	6.27
0.349	6.58	6.31	6.63	6.27
0.350	6.56	6.30	6.61	6.26
0.351	6.53	6.30	6.58	6.25
0.352	6.50	6.29	6.55	6.25
0.353	6.46	6.28	6.51	6.24
0.354	6.41	6.28	6.46	6.24
0.355	6.36	6.27	6.40	6.23
0.356	6.30	6.26	6.34	6.22
0.357	6.23	6.26	6.28	6.22
0.358	6.17	6.25	6.22	6.21
0.359	6.12	6.24	6.17	6.20
0.360	6.07	6.24	6.12	6.20
0.361	6.04	6.23	6.08	6.19
0.362	6.01	6.23	6.06	6.19
0.363	5.99	6.22	6.04	6.18
0.364	5.98	6.22	6.03	6.18
0.365	5.97	6.21	6.02	6.17
0.366	5.97	6.21	6.02	6.17
0.367	5.97	6.21	6.02	6.17
0.368	5.97	6.21	6.02	6.16
0.369	5.97	6.20	6.01	6.16
0.370	5.96	6.20	6.01	6.16
0.371	5.96	6.20	6.00	6.16
0.372	5.95	6.20	5.99	6.16
0.373	5.94	6.21	5.98	6.16
0.374	5.92	6.21	5.97	6.17
0.375	5.90	6.21	5.95	6.17
0.376	5.89	6.21	5.93	6.17
0.377	5.87	6.22	5.92	6.18
0.378	5.87	6.22	5.91	6.18
0.379	5.87	6.23	5.91	6.19
0.380	5.87	6.24	5.92	6.19
0.381	5.88	6.24	5.93	6.20
0.382	5.90	6.25	5.95	6.21
0.383	5.93	6.26	5.98	6.22
0.384	5.98	6.27	6.02	6.23
0.385	6.03	6.28	6.08	6.24
0.386	6.10	6.29	6.15	6.25
0.387	6.18	6.30	6.22	6.26
0.388	6.25	6.31	6.30	6.27
0.389	6.33	6.32	6.38	6.28
0.390	6.40	6.33	6.45	6.29
0.391	6.46	6.34	6.51	6.30
0.392	6.51	6.36	6.56	6.31
0.393	6.55	6.37	6.59	6.33
0.394	6.57	6.38	6.62	6.34
0.395	6.59	6.39	6.64	6.35
0.396	6.60	6.40	6.65	6.36
0.397	6.61	6.42	6.66	6.37
0.398	6.63	6.43	6.67	6.39
0.399	6.64	6.44	6.68	6.40
0.400	6.65	6.45	6.69	6.41
0.401	6.65	6.46	6.70	6.42
0.402	6.65	6.47	6.70	6.43
0.403	6.65	6.48	6.69	6.44
0.404	6.63	6.49	6.68	6.45
0.405	6.62	6.50	6.66	6.46
0.406	6.60	6.51	6.65	6.47
0.407	6.58	6.52	6.63	6.48
0.408	6.57	6.53	6.62	6.49
0.409	6.58	6.54	6.63	6.50
0.410	6.60	6.55	6.65	6.51
0.411	6.63	6.55	6.68	6.51
0.412	6.68	6.56	6.72	6.52
0.413	6.73	6.57	6.77	6.53
0.414	6.77	6.57	6.82	6.53
0.415	6.80	6.58	6.85	6.54
0.416	6.82	6.58	6.87	6.54
0.417	6.83	6.59	6.87	6.55
0.418	6.81	6.59	6.86	6.55
0.419	6.79	6.60	6.84	6.55
0.420	6.76	6.60	6.81	6.56
0.421	6.72	6.60	6.77	6.56
0.422	6.68	6.60	6.73	6.56
0.423	6.64	6.60	6.69	6.56
0.424	6.60	6.61	6.65	6.56
0.425	6.57	6.61	6.61	6.56
0.426	6.54	6.61	6.58	6.56
0.427	6.52	6.61	6.57	6.56
0.428	6.51	6.61	6.56	6.56
0.429	6.52	6.60	6.57	6.56
0.430	6.54	6.60	6.58	6.56
0.431	6.57	6.60	6.61	6.56
0.432	6.60	6.60	6.65	6.56
0.433	6.63	6.60	6.68	6.56
0.434	6.67	6.59	6.71	6.55
0.435	6.69	6.59	6.74	6.55
0.436	6.72	6.59	6.76	6.55
0.437	6.74	6.59	6.78	6.54
0.438	6.75	6.58	6.80	6.54
0.439	6.77	6.58	6.81	6.54
0.440	6.78	6.57	6.82	6.53
0.441	6.78	6.57	6.82	6.53
0.442	6.77	6.56	6.82	6.52
0.443	6.75	6.56	6.80	6.52
0.444	6.72	6.56	6.77	6.51
0.445	6.68	6.55	6.73	6.51
0.446	6.63	6.55	6.68	6.50
0.447	6.58	6.54	6.63	6.50
0.448	6.53	6.54	6.57	6.49
0.449	6.48	6.53	6.52	6.49
0.450	6.43	6.53	6.48	6.48
0.451	6.40	6.52	6.44	6.48
0.452	6.37	6.52	6.42	6.47
0.453	6.36	6.51	6.41	6.47
0.454	6.36	6.51	6.40	6.47
0.455	6.36	6.50	6.41	6.46
0.456	6.38	6.50	6.42	6.46
0.457	6.39	6.50	6.44	6.46
0.458	6.41	6.50	6.46	6.45
0.459	6.43	6.49	6.48	6.45
0.460	6.45	6.49	6.49	6.45
0.461	6.46	6.49	6.50	6.45
0.462	6.46	6.49	6.51	6.45
0.463	6.45	6.49	6.50	6.45
0.464	6.42	6.49	6.47	6.45
0.465	6.38	6.49	6.43	6.45
0.466	6.33	6.49	6.37	6.45
0.467	6.26	6.49	6.31	6.45
0.468	6.19	6.49	6.24	6.45
0.469	6.12	6.50	6.17	6.46
0.470	6.06	6.50	6.11	6.46
0.471	6.01	6.50	6.06	6.46
0.472	5.98	6.51	6.02	6.47
0.473	5.97	6.51	6.01	6.47
0.474	5.98	6.52	6.03	6.48
0.475	6.03	6.52	6.07	6.48
0.476	6.09	6.53	6.14	6.49
0.477	6.17	6.54	6.22	6.50
0.478	6.26	6.55	6.30	6.50
0.479	6.35	6.55	6.39	6.51
0.480	6.43	6.56	6.48	6.52
0.481	6.51	6.57	6.55	6.53
0.482	6.57	6.58	6.62	6.53
0.483	6.62	6.58	6.67	6.54
0.484	6.66	6.59	6.71	6.55
0.485	6.69	6.60	6.74	6.56
0.486	6.72	6.61	6.76	6.57
0.487	6.74	6.61	6.79	6.57
0.488	6.76	6.62	6.81	6.58
0.489	6.78	6.63	6.83	6.59
0.490	6.81	6.63	6.86	6.59
0.491	6.84	6.64	6.89	6.60
0.492	6.87	6.64	6.92	6.60
0.493	6.91	6.65	6.96	6.61
0.494	6.96	6.65	7.00	6.61
0.495	7.00	6.65	7.05	6.61
0.496	7.05	6.65	7.10	6.61
0.497	7.10	6.65	7.15	6.61
0.498	7.14	6.65	7.19	6.61
0.499	7.17	6.65	7.22	6.61
0.500	7.19	6.65	7.23	6.61
0.501	7.18	6.65	7.23	6.61
0.502	7.15	6.65	7.20	6.60
0.503	7.11	6.64	7.15	6.60
0.504	7.05	6.64	7.10	6.59
0.505	7.00	6.63	7.04	6.59
0.506	6.94	6.62	6.99	6.58
0.507	6.89	6.61	6.94	6.57
0.508	6.84	6.60	6.89	6.56
0.509	6.80	6.59	6.85	6.55
0.510	6.76	6.58	6.80	6.54
0.511	6.71	6.57	6.76	6.53
0.512	6.67	6.56	6.71	6.52
0.513	6.63	6.55	6.68	6.51
0.514	6.60	6.54	6.65	6.49
0.515	6.58	6.52	6.63	6.48
0.516	6.57	6.51	6.62	6.47
0.517	6.57	6.50	6.62	6.45
0.518	6.57	6.48	6.62	6.44
0.519	6.57	6.47	6.62	6.43
0.520	6.57	6.45	6.61	6.41
0.521	6.56	6.44	6.61	6.40
0.522	6.56	6.42	6.61	6.38
0.523	6.55	6.41	6.60	6.37
0.524	6.54	6.39	6.58	6.35
0.525	6.51	6.38	6.56	6.34
0.526	6.48	6.37	6.53	6.33
0.527	6.43	6.35	6.48	6.31
0.528	6.37	6.34	6.42	6.30
0.529	6.29	6.33	6.34	6.29
0.530	6.20	6.32	6.25	6.27
0.531	6.11	6.30	6.16	6.26
0.532	6.02	6.29	6.07	6.25
0.533	5.93	6.28	5.98	6.24
0.534	5.86	6.28	5.90	6.23
0.535	5.79	6.27	5.84	6.23
0.536	5.75	6.26	5.79	6.22
0.537	5.72	6.25	5.77	6.21
0.538	5.71	6.25	5.76	6.21
0.539	5.72	6.25	5.77	6.20
0.540	5.74	6.24	5.79	6.20
0.541	5.77	6.24	5.82	6.20
0.542	5.81	6.24	5.86	6.20
0.543	5.86	6.24	5.90	6.20
0.544	5.89	6.25	5.94	6.20
0.545	5.93	6.25	5.98	6.21
0.546	5.96	6.25	6.01	6.21
0.547	5.99	6.26	6.04	6.22
0.548	6.02	6.27	6.06	6.23
0.549	6.04	6.28	6.09	6.23
0.550	6.06	6.28	6.11	6.24
0.551	6.08	6.29	6.12	6.25
0.552	6.10	6.31	6.14	6.26
0.553	6.12	6.32	6.16	6.28
0.554	6.14	6.33	6.19	6.29
0.555	6.16	6.34	6.21	6.30
0.556	6.19	6.36	6.24	6.32
0.557	6.22	6.37	6.27	6.33
0.558	6.25	6.39	6.30	6.35
0.559	6.29	6.41	6.34	6.36
0.560	6.33	6.42	6.37	6.38
0.561	6.36	6.44	6.41	6.40
0.562	6.39	6.46	6.44	6.42
0.563	6.42	6.48	6.47	6.43
0.564	6.45	6.49	6.50	6.45
0.565	6.48	6.51	6.53	6.47
0.566	6.51	6.53	6.55	6.49
0.567	6.54	6.55	6.58	6.51
0.568	6.57	6.57	6.62	6.53
0.569	6.61	6.59	6.66	6.55
0.570	6.65	6.61	6.70	6.56
0.571	6.71	6.62	6.76	6.58
0.572	6.77	6.64	6.81	6.60
0.573	6.83	6.66	6.88	6.62
0.574	6.90	6.67	6.95	6.63
0.575	6.97	6.69	7.02	6.65
0.576	7.03	6.71	7.08	6.66
0.577	7.09	6.72	7.14	6.68
0.578	7.13	6.74	7.18	6.69
0.579	7.16	6.75	7.21	6.71
0.580	7.17	6.76	7.22	6.72
0.581	7.17	6.77	7.22	6.73
0.582	7.15	6.78	7.20	6.74
0.583	7.13	6.79	7.18	6.75
0.584	7.11	6.80	7.15	6.76
0.585	7.08	6.81	7.13	6.77
0.586	7.07	6.82	7.11	6.78
0.587	7.06	6.83	7.10	6.78
0.588	7.05	6.83	7.10	6.79
0.589	7.05	6.83	7.10	6.79
0.590	7.05	6.84	7.10	6.80
0.591	7.05	6.84	7.10	6.80
0.592	7.04	6.84	7.09	6.80
0.593	7.03	6.84	7.08	6.80
0.594	7.01	6.84	7.06	6.80
0.595	6.98	6.84	7.03	6.80
0.596	6.95	6.84	7.00	6.80
0.597	6.92	6.84	6.97	6.80
0.598	6.88	6.83	6.93	6.79
0.599	6.84	6.83	6.89	6.79
0.600	6.80	6.83	6.85	6.78
0.601	6.77	6.82	6.82	6.78
0.602	6.75	6.81	6.80	6.77
0.603	6.75	6.81	6.80	6.77
0.604	6.76	6.80	6.80	6.76
0.605	6.78	6.79	6.83	6.75
0.606	6.81	6.78	6.86	6.74
0.607	6.85	6.78	6.90	6.73
0.608	6.89	6.77	6.94	6.72
0.609	6.92	6.76	6.97	6.71
0.610	6.95	6.75	6.99	6.70
0.611	6.96	6.74	7.00	6.69
0.612	6.95	6.72	7.00	6.68
0.613	6.92	6.71	6.97	6.67
0.614	6.87	6.70	6.92	6.66
0.615	6.81	6.69	6.85	6.65
0.616	6.73	6.68	6.78	6.64
0.617	6.65	6.67	6.70	6.63
0.618	6.57	6.65	6.62	6.61
0.619	6.51	6.64	6.55	6.60
0.620	6.45	6.63	6.50	6.59
0.621	6.41	6.62	6.45	6.58
0.622	6.38	6.61	6.42	6.57
0.623	6.36	6.60	6.41	6.55
0.624	6.35	6.58	6.40	6.54
0.625	6.35	6.57	6.39	6.53
0.626	6.34	6.56	6.39	6.52
0.627	6.34	6.55	6.39	6.51
0.628	6.34	6.54	6.39	6.50
0.629	6.34	6.53	6.39	6.49
0.630	6.34	6.52	6.39	6.48
0.631	6.34	6.51	6.39	6.47
0.632	6.35	6.50	6.40	6.46
0.633	6.37	6.50	6.42	6.45
0.634	6.38	6.49	6.43	6.45
0.635	6.40	6.48	6.45	6.44
0.636	6.41	6.47	6.46	6.43
0.637	6.43	6.47	6.47	6.42
0.638	6.43	6.46	6.48	6.42
0.639	6.44	6.45	6.49	6.41
0.640	6.45	6.45	6.50	6.41
0.641	6.46	6.44	6.50	6.40
0.642	6.47	6.44	6.51	6.40
0.643	6.48	6.43	6.52	6.39
0.644	6.48	6.43	6.53	6.39
0.645	6.47	6.43	6.52	6.39
0.646	6.45	6.42	6.50	6.38
0.647	6.42	6.42	6.47	6.38
0.648	6.37	6.42	6.42	6.38
0.649	6.32	6.42	6.37	6.38
0.650	6.26	6.42	6.31	6.37
0.651	6.21	6.41	6.26	6.37
0.652	6.17	6.41	6.22	6.37
0.653	6.14	6.41	6.19	6.37
0.654	6.13	6.41	6.17	6.37
0.655	6.13	6.41	6.18	6.37
0.656	6.15	6.41	6.20	6.37
0.657	6.19	6.42	6.23	6.37
0.658	6.24	6.42	6.28	6.38
0.659	6.30	6.42	6.35	6.38
0.660	6.36	6.42	6.41	6.38
0.661	6.43	6.42	6.47	6.38
0.662	6.48	6.43	6.53	6.38
0.663	6.52	6.43	6.57	6.39
0.664	6.55	6.43	6.60	6.39
0.665	6.56	6.43	6.60	6.39
0.666	6.55	6.44	6.60	6.39
0.667	6.53	6.44	6.57	6.40
0.668	6.50	6.44	6.55	6.40
0.669	6.48	6.44	6.52	6.40
0.670	6.46	6.45	6.50	6.40
0.671	6.45	6.45	6.50	6.41
0.672	6.45	6.45	6.50	6.41
0.673	6.47	6.45	6.52	6.41
0.674	6.50	6.45	6.55	6.41
0.675	6.53	6.46	6.58	6.41
0.676	6.57	6.46	6.62	6.41
0.677	6.61	6.46	6.65	6.42
0.678	6.64	6.46	6.69	6.42
0.679	6.67	6.46	6.72	6.42
0.680	6.71	6.46	6.75	6.42
0.681	6.74	6.46	6.78	6.42
0.682	6.76	6.46	6.81	6.42
0.683	6.78	6.46	6.83	6.41
0.684	6.79	6.45	6.84	6.41
0.685	6.80	6.45	6.84	6.41
0.686	6.79	6.45	6.84	6.41
0.687	6.78	6.45	6.83	6.41
0.688	6.76	6.45	6.81	6.40
0.689	6.73	6.44	6.78	6.40
0.690	6.69	6.44	6.74	6.40
0.691	6.65	6.44	6.70	6.39
0.692	6.60	6.43	6.65	6.39
0.693	6.55	6.43	6.59	6.39
0.694	6.49	6.42	6.54	6.38
0.695	6.43	6.42	6.48	6.38
0.696	6.38	6.41	6.43	6.37
0.697	6.33	6.41	6.38	6.37
0.698	6.29	6.41	6.33	6.36
0.699	6.25	6.40	6.30	6.36
0.700	6.23	6.40	6.28	6.36
0.701	6.22	6.39	6.27	6.35
0.702	6.22	6.39	6.26	6.35
0.703	6.22	6.39	6.27	6.35
0.704	6.22	6.38	6.27	6.34
0.705	6.22	6.38	6.27	6.34
0.706	6.23	6.38	6.27	6.34
0.707	6.23	6.38	6.28	6.34
0.708	6.24	6.38	6.28	6.33
0.709	6.25	6.37	6.29	6.33
0.710	6.26	6.37	6.31	6.33
0.711	6.28	6.37	6.32	6.33
0.712	6.29	6.37	6.34	6.33
0.713	6.31	6.37	6.36	6.33
0.714	6.32	6.38	6.37	6.33
0.715	6.32	6.38	6.37	6.34
0.716	6.33	6.38	6.37	6.34
0.717	6.32	6.38	6.37	6.34
0.718	6.31	6.39	6.36	6.34
0.719	6.30	6.39	6.35	6.35
0.720	6.29	6.39	6.34	6.35
0.721	6.28	6.40	6.33	6.36
0.722	6.27	6.40	6.32	6.36
0.723	6.26	6.41	6.31	6.37
0.724	6.25	6.42	6.30	6.37
0.725	6.24	6.42	6.29	6.38
0.726	6.24	6.43	6.28	6.39
0.727	6.23	6.44	6.28	6.40
0.728	6.22	6.45	6.27	6.40
0.729	6.22	6.45	6.27	6.41
0.730	6.22	6.46	6.26	6.42
0.731	6.22	6.47	6.26	6.43
0.732	6.22	6.48	6.27	6.44
0.733	6.23	6.49	6.28	6.45
0.734	6.26	6.51	6.31	6.46
0.735	6.29	6.52	6.34	6.48
0.736	6.34	6.53	6.39	6.49
0.737	6.39	6.54	6.44	6.50
0.738	6.45	6.55	6.49	6.51
0.739	6.50	6.56	6.55	6.52
0.740	6.56	6.58	6.61	6.53
0.741	6.62	6.59	6.67	6.55
0.742	6.68	6.60	6.72	6.56
0.743	6.72	6.61	6.77	6.57
0.744	6.76	6.62	6.81	6.58
0.745	6.79	6.63	6.84	6.59
0.746	6.82	6.65	6.86	6.60
0.747	6.83	6.66	6.88	6.62
0.748	6.85	6.67	6.90	6.63
0.749	6.87	6.68	6.92	6.64
0.750	6.89	6.69	6.94	6.65
0.751	6.92	6.70	6.96	6.65
0.752	6.95	6.70	6.99	6.66
0.753	6.98	6.71	7.03	6.67
0.754	7.01	6.72	7.05	6.68
0.755	7.03	6.73	7.07	6.69
0.756	7.04	6.73	7.09	6.69
0.757	7.04	6.74	7.09	6.70
0.758	7.03	6.74	7.08	6.70
0.759	7.01	6.75	7.05	6.71
0.760	6.98	6.75	7.02	6.71
0.761	6.94	6.76	6.99	6.71
0.762	6.91	6.76	6.95	6.72
0.763	6.87	6.76	6.92	6.72
0.764	6.85	6.76	6.89	6.72
0.765	6.83	6.76	6.88	6.72
0.766	6.82	6.76	6.87	6.72
0.767	6.82	6.76	6.87	6.72
0.768	6.82	6.76	6.87	6.72
0.769	6.83	6.76	6.88	6.72
0.770	6.84	6.76	6.89	6.72
0.771	6.85	6.76	6.89	6.71
0.772	6.85	6.75	6.90	6.71
0.773	6.85	6.75	6.89	6.71
0.774	6.84	6.75	6.89	6.70
0.775	6.83	6.74	6.88	6.70
0.776	6.81	6.74	6.86	6.70
0.777	6.80	6.73	6.84	6.69
0.778	6.78	6.73	6.83	6.69
0.779	6.77	6.72	6.82	6.68
0.780	6.77	6.72	6.81	6.68
0.781	6.77	6.71	6.81	6.67
0.782	6.77	6.71	6.82	6.66
0.783	6.78	6.70	6.83	6.66
0.784	6.79	6.69	6.83	6.65
0.785	6.79	6.69	6.83	6.65
0.786	6.78	6.68	6.83	6.64
0.787	6.76	6.67	6.81	6.63
0.788	6.74	6.67	6.78	6.63
0.789	6.71	6.66	6.75	6.62
0.790	6.67	6.66	6.72	6.61
0.791	6.64	6.65	6.69	6.61
0.792	6.61	6.65	6.66	6.60
0.793	6.59	6.64	6.64	6.60
0.794	6.57	6.63	6.62	6.59
0.795	6.55	6.63	6.59	6.59
0.796	6.52	6.63	6.57	6.58
0.797	6.49	6.62	6.54	6.58
0.798	6.46	6.62	6.51	6.58
0.799	6.42	6.62	6.47	6.57
0.800	6.38	6.61	6.43	6.57
0.801	6.34	6.61	6.39	6.57
0.802	6.30	6.61	6.35	6.57
0.803	6.26	6.61	6.31	6.57
0.804	6.23	6.61	6.28	6.57
0.805	6.21	6.61	6.26	6.57
0.806	6.20	6.61	6.25	6.57
0.807	6.21	6.62	6.25	6.57
0.808	6.22	6.62	6.27	6.58
0.809	6.26	6.62	6.30	6.58
0.810	6.29	6.63	6.34	6.59
0.811	6.34	6.63	6.38	6.59
0.812	6.38	6.64	6.43	6.60
0.813	6.42	6.64	6.47	6.60
0.814	6.46	6.65	6.51	6.61
0.815	6.50	6.66	6.54	6.61
0.816	6.53	6.66	6.58	6.62
0.817	6.56	6.67	6.61	6.63
0.818	6.59	6.68	6.63	6.64
0.819	6.61	6.69	6.65	6.64
0.820	6.63	6.69	6.67	6.65
0.821	6.64	6.70	6.69	6.66
0.822	6.66	6.71	6.71	6.67
0.823	6.69	6.72	6.74	6.68
0.824	6.73	6.73	6.78	6.69
0.825	6.79	6.74	6.84	6.70
0.826	6.86	6.75	6.90	6.70
0.827	6.94	6.75	6.98	6.71
0.828	7.02	6.76	7.07	6.72
0.829	7.09	6.77	7.14	6.73
0.830	7.16	6.78	7.20	6.73
0.831	7.20	6.78	7.25	6.74
0.832	7.22	6.79	7.27	6.75
0.833	7.22	6.79	7.27	6.75
0.834	7.21	6.80	7.25	6.76
0.835	7.18	6.81	7.23	6.76
0.836	7.15	6.81	7.20	6.77
0.837	7.13	6.81	7.17	6.77
0.838	7.10	6.82	7.15	6.77
0.839	7.08	6.82	7.13	6.78
0.840	7.07	6.82	7.11	6.78
0.841	7.05	6.82	7.10	6.78
0.842	7.04	6.82	7.09	6.78
0.843	7.03	6.83	7.08	6.78
0.844	7.02	6.83	7.06	6.78
0.845	7.00	6.83	7.05	6.78
0.846	6.98	6.82	7.02	6.78
0.847	6.95	6.82	7.00	6.78
0.848	6.93	6.82	6.97	6.78
0.849	6.90	6.82	6.95	6.78
0.850	6.87	6.82	6.92	6.78
0.851	6.85	6.82	6.89	6.78
0.852	6.82	6.82	6.86	6.77
0.853	6.79	6.81	6.83	6.77
0.854	6.76	6.81	6.80	6.77
0.855	6.73	6.81	6.77	6.77
0.856	6.69	6.81	6.74	6.76
0.857	6.66	6.80	6.71	6.76
0.858	6.64	6.80	6.68	6.76
0.859	6.61	6.80	6.66	6.76
0.860	6.59	6.80	6.64	6.75
0.861	6.57	6.79	6.62	6.75
0.862	6.55	6.79	6.60	6.75
0.863	6.54	6.79	6.59	6.75
0.864	6.53	6.79	6.58	6.75
0.865	6.53	6.79	6.58	6.75
0.866	6.54	6.79	6.58	6.74
0.867	6.56	6.79	6.60	6.74
0.868	6.58	6.78	6.63	6.74
0.869	6.61	6.78	6.66	6.74
0.870	6.64	6.78	6.69	6.74
0.871	6.67	6.78	6.72	6.74
0.872	6.70	6.78	6.75	6.74
0.873	6.72	6.79	6.77	6.74
0.874	6.74	6.79	6.79	6.74
0.875	6.75	6.79	6.80	6.74
0.876	6.75	6.79	6.80	6.75
0.877	6.74	6.79	6.79	6.75
0.878	6.73	6.79	6.78	6.75
0.879	6.72	6.79	6.77	6.75
0.880	6.72	6.79	6.77	6.75
0.881	6.72	6.79	6.77	6.75
0.882	6.73	6.80	6.78	6.75
0.883	6.75	6.80	6.79	6.76
0.884	6.77	6.80	6.82	6.76
0.885	6.80	6.80	6.85	6.76
0.886	6.83	6.80	6.88	6.76
0.887	6.87	6.80	6.91	6.76
0.888	6.90	6.80	6.95	6.76
0.889	6.94	6.80	6.98	6.76
0.890	6.97	6.81	7.01	6.76
0.891	6.99	6.81	7.04	6.76
0.892	7.01	6.81	7.06	6.77
0.893	7.02	6.81	7.07	6.77
0.894	7.01	6.81	7.06	6.77
0.895	6.99	6.81	7.04	6.77
0.896	6.96	6.81	7.01	6.77
0.897	6.92	6.81	6.96	6.76
0.898	6.87	6.81	6.92	6.76
0.899	6.83	6.80	6.88	6.76
0.900	6.80	6.80	6.85	6.76
0.901	6.78	6.80	6.83	6.76
0.902	6.77	6.80	6.82	6.76
0.903	6.77	6.80	6.82	6.76
0.904	6.78	6.80	6.83	6.75
0.905	6.80	6.79	6.85	6.75
0.906	6.82	6.79	6.87	6.75
0.907	6.84	6.79	6.89	6.75
0.908	6.86	6.79	6.91	6.74
0.909	6.88	6.78	6.93	6.74
0.910	6.90	6.78	6.94	6.74
0.911	6.91	6.78	6.96	6.73
0.912	6.92	6.77	6.97	6.73
0.913	6.93	6.77	6.98	6.73
0.914	6.94	6.76	6.99	6.72
0.915	6.95	6.76	7.00	6.72
0.916	6.95	6.76	7.00	6.71
0.917	6.94	6.75	6.99	6.71
0.918	6.93	6.75	6.97	6.71
0.919	6.90	6.74	6.94	6.70
0.920	6.86	6.74	6.91	6.70
0.921	6.82	6.73	6.86	6.69
0.922	6.77	6.73	6.82	6.69
0.923	6.72	6.72	6.77	6.68
0.924	6.67	6.72	6.72	6.68
0.925	6.62	6.72	6.67	6.67
0.926	6.58	6.71	6.62	6.67
0.927	6.53	6.71	6.58	6.67
0.928	6.49	6.70	6.53	6.66
0.929	6.45	6.70	6.49	6.66
0.930	6.41	6.70	6.45	6.66
0.931	6.37	6.69	6.42	6.65
0.932	6.35	6.69	6.40	6.65
0.933	6.34	6.69	6.39	6.65
0.934	6.34	6.69	6.39	6.65
0.935	6.36	6.69	6.40	6.65
0.936	6.38	6.69	6.43	6.64
0.937	6.41	6.68	6.46	6.64
0.938	6.44	6.68	6.49	6.64
0.939	6.47	6.68	6.52	6.64
0.940	6.49	6.68	6.54	6.64
0.941	6.51	6.68	6.56	6.64
0.942	6.53	6.68	6.57	6.64
0.943	6.54	6.68	6.59	6.64
0.944	6.56	6.69	6.61	6.64
0.945	6.58	6.69	6.63	6.64
0.946	6.60	6.69	6.65	6.65
0.947	6.62	6.69	6.66	6.65
0.948	6.64	6.69	6.68	6.65
0.949	6.66	6.69	6.70	6.65
0.950	6.68	6.69	6.73	6.65
0.951	6.70	6.69	6.75	6.65
0.952	6.73	6.69	6.78	6.65
0.953	6.77	6.69	6.82	6.65
0.954	6.82	6.69	6.86	6.65
0.955	6.87	6.69	6.91	6.65
0.956	6.92	6.69	6.97	6.64
0.957	6.98	6.69	7.03	6.64
0.958	7.04	6.68	7.09	6.64
0.959	7.10	6.68	7.15	6.64
0.960	7.15	6.68	7.20	6.63
0.961	7.20	6.67	7.24	6.63
0.962	7.22	6.67	7.27	6.63
0.963	7.23	6.66	7.28	6.62
0.964	7.22	6.66	7.27	6.61
0.965	7.18	6.65	7.23	6.61
0.966	7.13	6.65	7.17	6.60
0.967	7.04	6.64	7.09	6.59
0.968	6.95	6.63	6.99	6.59
0.969	6.83	6.62	6.88	6.58
0.970	6.71	6.62	6.76	6.57
0.971	6.59	6.61	6.63	6.56
0.972	6.47	6.60	6.52	6.55
0.973	6.38	6.59	6.43	6.54
0.974	6.31	6.58	6.36	6.53
0.975	6.27	6.57	6.31	6.52
0.976	6.25	6.56	6.30	6.51
0.977	6.25	6.55	6.30	6.50
0.978	6.27	6.54	6.32	6.49
0.979	6.30	6.53	6.35	6.48
0.980	6.33	6.52	6.38	6.47
0.981	6.36	6.51	6.41	6.46
0.982	6.38	6.51	6.43	6.45
0.983	6.40	6.50	6.45	6.44
0.984	6.41	6.49	6.46	6.44
0.985	6.41	6.48	6.46	6.43
0.986	6.42	6.47	6.46	6.42
0.987	6.42	6.46	6.46	6.41
0.988	6.41	6.45	6.46	6.40
0.989	6.41	6.45	6.46	6.39
0.990	6.40	6.44	6.45	6.38
0.991	6.40	6.43	6.44	6.37
0.992	6.39	6.42	6.44	6.37
0.993	6.38	6.42	6.42	6.36
0.994	6.36	6.41	6.41	6.35
0.995	6.35	6.40	6.40	6.35
0.996	6.34	6.40	6.38	6.34
0.997	6.33	6.39	6.37	6.33
0.998	6.32	6.38	6.36	6.33
0.999	6.32	6.38	6.36	6.32
1.000	6.33	6.37	6.36	6.31
1.001	6.34	6.37	6.36	6.31
1.002	6.36	6.36	6.38	6.30
1.003	6.39	6.36	6.41	6.30
1.004	6.42	6.35	6.45	6.30
1.005	6.46	6.35	6.48	6.29
1.006	6.50	6.35	6.50	6.29
1.007	6.53	6.34	6.52	6.28
1.008	6.55	6.34	6.53	6.28
1.009	6.57	6.33	6.53	6.28
1.010	6.57	6.33	6.53	6.28
1.011	6.57	6.33	6.52	6.27
1.012	6.55	6.33	6.51	6.27
1.013	6.52	6.32	6.48	6.27
1.014	6.48	6.32	6.44	6.27
1.015	6.44	6.32	6.39	6.27
1.016	6.38	6.32	6.34	6.27
1.017	6.33	6.32	6.30	6.27
1.018	6.27	6.32	6.25	6.27
1.019	6.21	6.32	6.20	6.27
1.020	6.14	6.32	6.15	6.27
1.021	6.07	6.32	6.11	6.28
1.022	6.01	6.32	6.07	6.28
1.023	5.96	6.32	6.03	6.28
1.024	5.91	6.33	5.99	6.29
1.025	5.88	6.33	5.96	6.29
1.026	5.84	6.33	5.92	6.30
1.027	5.82	6.34	5.90	6.31
1.028	5.82	6.34	5.88	6.31
1.029	5.84	6.35	5.90	6.32
1.030	5.89	6.35	5.96	6.33
1.031	5.98	6.36	6.04	6.34
1.032	6.08	6.37	6.14	6.35
1.033	6.19	6.38	6.26	6.36
1.034	6.31	6.38	6.38	6.37
1.035	6.42	6.39	6.50	6.38
1.036	6.53	6.40	6.63	6.39
1.037	6.63	6.41	6.74	6.40
1.038	6.71	6.42	6.82	6.41
1.039	6.76	6.43	6.87	6.42
1.040	6.77	6.44	6.88	6.43
1.041	6.76	6.45	6.86	6.44
1.042	6.73	6.46	6.83	6.45
1.043	6.69	6.47	6.79	6.46
1.044	6.65	6.48	6.75	6.47
1.045	6.62	6.49	6.70	6.48
1.046	6.58	6.49	6.66	6.49
1.047	6.54	6.50	6.62	6.50
1.048	6.51	6.51	6.60	6.51
1.049	6.49	6.52	6.60	6.52
1.050	6.49	6.53	6.62	6.52
1.051	6.52	6.54	6.68	6.53
1.052	6.57	6.55	6.75	6.54
1.053	6.64	6.55	6.82	6.55
1.054	6.71	6.56	6.89	6.55
1.055	6.78	6.57	6.95	6.56
1.056	6.84	6.58	6.98	6.57
1.057	6.87	6.58	6.99	6.57
1.058	6.87	6.59	6.97	6.58
1.059	6.84	6.60	6.93	6.58
1.060	6.79	6.60	6.87	6.59
1.061	6.73	6.61	6.81	6.59
1.062	6.66	6.61	6.75	6.59
1.063	6.60	6.62	6.70	6.60
1.064	6.56	6.62	6.66	6.60
1.065	6.53	6.63	6.63	6.60
1.066	6.51	6.63	6.61	6.60
1.067	6.52	6.64	6.59	6.60
1.068	6.53	6.64	6.59	6.61
1.069	6.54	6.65	6.59	6.61
1.070	6.56	6.65	6.59	6.61
1.071	6.57	6.65	6.59	6.61
1.072	6.57	6.66	6.58	6.61
1.073	6.56	6.66	6.57	6.61
1.074	6.54	6.66	6.56	6.61
1.075	6.53	6.66	6.54	6.61
1.076	6.52	6.67	6.53	6.61
1.077	6.52	6.67	6.52	6.61
1.078	6.53	6.67	6.53	6.61
1.079	6.56	6.67	6.57	6.61
1.080	6.60	6.67	6.63	6.60
1.081	6.66	6.68	6.72	6.60
1.082	6.74	6.68	6.81	6.60
1.083	6.83	6.68	6.89	6.60
1.084	6.91	6.68	6.95	6.60
1.085	6.98	6.68	6.99	6.59
1.086	7.02	6.68	7.00	6.59
1.087	7.04	6.68	7.00	6.59
1.088	7.03	6.68	6.96	6.58
1.089	7.01	6.67	6.92	6.58
1.090	6.98	6.67	6.87	6.57
1.091	6.94	6.67	6.82	6.57
1.092	6.89	6.67	6.79	6.56
1.093	6.85	6.66	6.75	6.56
1.094	6.81	6.66	6.71	6.55
1.095	6.77	6.66	6.67	6.55
1.096	6.72	6.65	6.62	6.54
1.097	6.68	6.65	6.57	6.54
1.098	6.63	6.65	6.51	6.53
1.099	6.58	6.64	6.47	6.53
1.100	6.52	6.64	6.43	6.52
1.101	6.47	6.63	6.39	6.51
1.102	6.43	6.63	6.37	6.51
1.103	6.40	6.62	6.36	6.50
1.104	6.38	6.62	6.37	6.50
1.105	6.38	6.62	6.38	6.49
1.106	6.40	6.61	6.41	6.49
1.107	6.42	6.61	6.43	6.48
1.108	6.44	6.60	6.45	6.48
1.109	6.46	6.60	6.46	6.47
1.110	6.47	6.60	6.46	6.47
1.111	6.47	6.59	6.45	6.46
1.112	6.46	6.59	6.44	6.46
1.113	6.46	6.58	6.44	6.45
1.114	6.46	6.58	6.45	6.45
1.115	6.48	6.58	6.47	6.44
1.116	6.50	6.57	6.50	6.44
1.117	6.53	6.57	6.53	6.44
1.118	6.55	6.57	6.55	6.43
1.119	6.57	6.57	6.56	6.43
1.120	6.59	6.56	6.58	6.42
1.121	6.60	6.56	6.59	6.42
1.122	6.61	6.56	6.60	6.42
1.123	6.62	6.55	6.60	6.41
1.124	6.63	6.55	6.61	6.41
1.125	6.64	6.55	6.61	6.40
1.126	6.65	6.55	6.62	6.40
1.127	6.66	6.54	6.62	6.39
1.128	6.67	6.54	6.63	6.39
1.129	6.69	6.54	6.63	6.39
1.130	6.70	6.54	6.62	6.38
1.131	6.69	6.53	6.61	6.38
1.132	6.68	6.53	6.60	6.37
1.133	6.66	6.53	6.59	6.37
1.134	6.65	6.52	6.59	6.36
1.135	6.64	6.52	6.58	6.36
1.136	6.64	6.52	6.57	6.35
1.137	6.62	6.52	6.55	6.35
1.138	6.61	6.51	6.52	6.35
1.139	6.58	6.51	6.49	6.34
1.140	6.56	6.51	6.46	6.34
1.141	6.54	6.51	6.42	6.33
1.142	6.51	6.50	6.39	6.33
1.143	6.47	6.50	6.35	6.33
1.144	6.44	6.50	6.32	6.32
1.145	6.40	6.50	6.30	6.32
1.146	6.38	6.50	6.28	6.32
1.147	6.36	6.50	6.26	6.32
1.148	6.35	6.50	6.25	6.31
1.149	6.34	6.50	6.24	6.31
1.150	6.33	6.50	6.22	6.31
1.151	6.32	6.50	6.20	6.31
1.152	6.31	6.50	6.18	6.31
1.153	6.30	6.50	6.16	6.31
1.154	6.29	6.50	6.14	6.31
1.155	6.28	6.50	6.13	6.31
1.156	6.28	6.50	6.13	6.31
1.157	6.26	6.51	6.12	6.31
1.158	6.25	6.51	6.11	6.31
1.159	6.24	6.51	6.10	6.31
1.160	6.23	6.51	6.11	6.31
1.161	6.24	6.52	6.15	6.32
1.162	6.28	6.52	6.21	6.32
1.163	6.35	6.52	6.30	6.32
1.164	6.42	6.53	6.39	6.32
1.165	6.51	6.53	6.48	6.33
1.166	6.59	6.54	6.56	6.33
1.167	6.66	6.54	6.63	6.33
1.168	6.73	6.54	6.69	6.34
1.169	6.78	6.55	6.73	6.34
1.170	6.83	6.55	6.75	6.34
1.171	6.87	6.56	6.76	6.34
1.172	6.89	6.56	6.76	6.35
1.173	6.90	6.56	6.74	6.35
1.174	6.90	6.57	6.72	6.35
1.175	6.88	6.57	6.70	6.35
1.176	6.84	6.57	6.66	6.36
1.177	6.80	6.58	6.63	6.36
1.178	6.76	6.58	6.60	6.36
1.179	6.71	6.58	6.56	6.36
1.180	6.67	6.58	6.54	6.36
1.181	6.65	6.58	6.52	6.36
1.182	6.63	6.59	6.50	6.36
1.183	6.61	6.59	6.48	6.36
1.184	6.60	6.59	6.47	6.36
1.185	6.59	6.59	6.46	6.36
1.186	6.58	6.59	6.45	6.37
1.187	6.57	6.59	6.44	6.37
1.188	6.57	6.59	6.43	6.37
1.189	6.57	6.59	6.41	6.37
1.190	6.57	6.60	6.40	6.37
1.191	6.57	6.60	6.40	6.37
1.192	6.58	6.60	6.39	6.37
1.193	6.58	6.60	6.39	6.37
1.194	6.57	6.60	6.39	6.37
1.195	6.56	6.60	6.39	6.37
1.196	6.56	6.60	6.40	6.37
1.197	6.55	6.60	6.41	6.37
1.198	6.56	6.60	6.43	6.37
1.199	6.57	6.60	6.44	6.37
1.200	6.59	6.60	6.45	6.37
1.201	6.61	6.60	6.46	6.37
1.202	6.62	6.60	6.45	6.37
1.203	6.63	6.60	6.44	6.37
1.204	6.64	6.60	6.42	6.37
1.205	6.64	6.60	6.41	6.37
1.206	6.64	6.60	6.41	6.38
1.207	6.64	6.61	6.42	6.38
1.208	6.63	6.61	6.44	6.38
1.209	6.62	6.61	6.45	6.38
1.210	6.60	6.61	6.46	6.38
1.211	6.58	6.61	6.46	6.38
1.212	6.55	6.61	6.46	6.38
1.213	6.54	6.61	6.46	6.39
1.214	6.52	6.61	6.46	6.39
1.215	6.52	6.61	6.45	6.39
1.216	6.52	6.62	6.45	6.39
1.217	6.53	6.62	6.45	6.39
1.218	6.54	6.62	6.44	6.40
1.219	6.55	6.62	6.45	6.40
1.220	6.57	6.62	6.47	6.40
1.221	6.59	6.63	6.48	6.40
1.222	6.62	6.63	6.50	6.40
1.223	6.65	6.63	6.52	6.41
1.224	6.67	6.63	6.53	6.41
1.225	6.68	6.64	6.53	6.41
1.226	6.69	6.64	6.52	6.41
1.227	6.69	6.64	6.51	6.42
1.228	6.69	6.64	6.49	6.42
1.229	6.67	6.65	6.48	6.42
1.230	6.65	6.65	6.47	6.43
1.231	6.64	6.65	6.46	6.43
1.232	6.63	6.66	6.47	6.43
1.233	6.64	6.66	6.48	6.43
1.234	6.65	6.66	6.50	6.44
1.235	6.66	6.67	6.51	6.44
1.236	6.66	6.67	6.51	6.44
1.237	6.66	6.67	6.51	6.45
1.238	6.65	6.68	6.52	6.45
1.239	6.64	6.68	6.52	6.45
1.240	6.63	6.69	6.53	6.45
1.241	6.63	6.69	6.54	6.46
1.242	6.64	6.69	6.55	6.46
1.243	6.65	6.70	6.56	6.46
1.244	6.66	6.70	6.56	6.46
1.245	6.67	6.71	6.55	6.47
1.246	6.69	6.71	6.56	6.47
1.247	6.70	6.72	6.56	6.47
1.248	6.71	6.72	6.57	6.47
1.249	6.73	6.72	6.58	6.47
1.250	6.73	6.73	6.59	6.48
1.251	6.73	6.73	6.59	6.48
1.252	6.73	6.74	6.60	6.48
1.253	6.74	6.74	6.61	6.48
1.254	6.74	6.74	6.61	6.48
1.255	6.74	6.75	6.62	6.48
1.256	6.74	6.75	6.62	6.48
1.257	6.73	6.76	6.60	6.48
1.258	6.72	6.76	6.58	6.48
1.259	6.71	6.76	6.56	6.48
1.260	6.70	6.77	6.54	6.48
1.261	6.70	6.77	6.54	6.48
1.262	6.72	6.77	6.54	6.48
1.263	6.74	6.78	6.56	6.48
1.264	6.77	6.78	6.57	6.48
1.265	6.79	6.78	6.59	6.48
1.266	6.82	6.79	6.61	6.48
1.267	6.84	6.79	6.62	6.47
1.268	6.86	6.79	6.64	6.47
1.269	6.87	6.79	6.66	6.47
1.270	6.89	6.79	6.68	6.47
1.271	6.91	6.80	6.69	6.46
1.272	6.92	6.80	6.68	6.46
1.273	6.91	6.80	6.67	6.46
1.274	6.90	6.80	6.65	6.45
1.275	6.89	6.80	6.63	6.45
1.276	6.88	6.80	6.62	6.44
1.277	6.88	6.80	6.62	6.44
1.278	6.89	6.80	6.61	6.43
1.279	6.90	6.80	6.62	6.43
1.280	6.92	6.79	6.62	6.42
1.281	6.94	6.79	6.63	6.42
1.282	6.97	6.79	6.63	6.41
1.283	6.99	6.79	6.64	6.40
1.284	7.01	6.78	6.65	6.40
1.285	7.02	6.78	6.66	6.39
1.286	7.02	6.78	6.67	6.38
1.287	7.02	6.77	6.67	6.38
1.288	7.01	6.77	6.67	6.37
1.289	7.00	6.77	6.65	6.36
1.290	6.97	6.76	6.62	6.36
1.291	6.94	6.76	6.59	6.35
1.292	6.92	6.75	6.55	6.34
1.293	6.89	6.75	6.52	6.33
1.294	6.86	6.74	6.50	6.33
1.295	6.83	6.74	6.47	6.32
1.296	6.81	6.73	6.45	6.31
1.297	6.79	6.73	6.42	6.31
1.298	6.77	6.72	6.40	6.30
1.299	6.74	6.72	6.38	6.30
1.300	6.72	6.72	6.35	6.29
1.301	6.70	6.71	6.31	6.29
1.302	6.67	6.71	6.26	6.29
1.303	6.63	6.71	6.22	6.28
1.304	6.59	6.70	6.18	6.28
1.305	6.55	6.70	6.14	6.28
1.306	6.49	6.70	6.10	6.28
1.307	6.44	6.70	6.06	6.28
1.308	6.39	6.70	6.02	6.28
1.309	6.33	6.70	5.98	6.28
1.310	6.28	6.70	5.94	6.28
1.311	6.24	6.70	5.89	6.28
1.312	6.21	6.70	5.87	6.29
1.313	6.21	6.71	5.87	6.29
1.314	6.23	6.71	5.90	6.30
1.315	6.27	6.71	5.96	6.31
1.316	6.32	6.72	6.02	6.31
1.317	6.39	6.73	6.08	6.32
1.318	6.46	6.73	6.15	6.33
1.319	6.53	6.74	6.22	6.34
1.320	6.60	6.75	6.29	6.35
1.321	6.65	6.76	6.36	6.36
1.322	6.70	6.77	6.42	6.37
1.323	6.75	6.77	6.49	6.39
1.324	6.80	6.78	6.55	6.40
1.325	6.85	6.80	6.61	6.41
1.326	6.91	6.81	6.66	6.43
1.327	6.96	6.82	6.71	6.44
1.328	7.01	6.83	6.75	6.46
1.329	7.06	6.84	6.79	6.47
1.330	7.11	6.85	6.85	6.49
1.331	7.17	6.86	6.91	6.50
1.332	7.22	6.88	6.98	6.52
1.333	7.26	6.89	7.02	6.53
1.334	7.29	6.90	7.04	6.55
1.335	7.30	6.91	7.05	6.56
1.336	7.29	6.93	7.04	6.58
1.337	7.28	6.94	7.03	6.60
1.338	7.25	6.95	7.01	6.61
1.339	7.22	6.97	6.99	6.63
1.340	7.20	6.98	6.96	6.64
1.341	7.17	6.99	6.93	6.66
1.342	7.14	7.01	6.89	6.68
1.343	7.12	7.02	6.86	6.69
1.344	7.09	7.04	6.82	6.71
1.345	7.07	7.05	6.79	6.73
1.346	7.05	7.06	6.78	6.75
1.347	7.02	7.08	6.77	6.76
1.348	6.99	7.09	6.76	6.78
1.349	6.96	7.11	6.75	6.80
1.350	6.93	7.13	6.73	6.82
1.351	6.91	7.14	6.71	6.84
1.352	6.89	7.16	6.68	6.86
1.353	6.88	7.18	6.66	6.88
1.354	6.87	7.19	6.64	6.90
1.355	6.87	7.21	6.62	6.92
1.356	6.87	7.23	6.61	6.94
1.357	6.87	7.25	6.61	6.96
1.358	6.89	7.27	6.64	6.98
1.359	6.92	7.29	6.68	7.00
1.360	6.97	7.31	6.74	7.03
1.361	7.02	7.33	6.81	7.05
1.362	7.08	7.36	6.88	7.07
1.363	7.14	7.38	6.94	7.10
1.364	7.19	7.40	6.99	7.12
1.365	7.25	7.42	7.04	7.14
1.366	7.29	7.45	7.09	7.17
1.367	7.33	7.47	7.14	7.19
1.368	7.38	7.49	7.19	7.21
1.369	7.42	7.51	7.24	7.24
1.370	7.45	7.54	7.29	7.26
1.371	7.48	7.56	7.33	7.28
1.372	7.51	7.58	7.37	7.31
1.373	7.54	7.61	7.41	7.33
1.374	7.58	7.63	7.45	7.35
1.375	7.61	7.65	7.49	7.37
1.376	7.64	7.67	7.53	7.39
1.377	7.68	7.70	7.58	7.41
1.378	7.72	7.72	7.63	7.43
1.379	7.77	7.74	7.68	7.45
1.380	7.83	7.76	7.73	7.47
1.381	7.88	7.78	7.77	7.49
1.382	7.93	7.79	7.80	7.50
1.383	7.96	7.81	7.83	7.52
1.384	8.00	7.83	7.85	7.53
1.385	8.03	7.85	7.88	7.54
1.386	8.06	7.86	7.90	7.56
1.387	8.10	7.87	7.94	7.57
1.388	8.13	7.89	7.97	7.57
1.389	8.17	7.90	8.01	7.58
1.390	8.20	7.91	8.04	7.59
1.391	8.24	7.92	8.07	7.59
1.392	8.29	7.93	8.11	7.60
1.393	8.33	7.93	8.13	7.60
1.394	8.38	7.94	8.15	7.60
1.395	8.41	7.95	8.15	7.60
1.396	8.42	7.95	8.13	7.60
1.397	8.40	7.95	8.10	7.59
1.398	8.36	7.95	8.05	7.59
1.399	8.31	7.95	7.99	7.58
1.400	8.25	7.95	7.94	7.57
1.401	8.19	7.94	7.89	7.57
1.402	8.14	7.94	7.84	7.56
1.403	8.11	7.93	7.79	7.54
1.404	8.08	7.93	7.75	7.53
1.405	8.05	7.92	7.71	7.52
1.406	8.02	7.91	7.67	7.50
1.407	8.00	7.90	7.64	7.49
1.408	7.98	7.89	7.61	7.47
1.409	7.95	7.88	7.58	7.45
1.410	7.92	7.86	7.54	7.44
1.411	7.89	7.85	7.50	7.42
1.412	7.86	7.84	7.46	7.40
1.413	7.83	7.82	7.43	7.38
1.414	7.80	7.80	7.39	7.36
1.415	7.78	7.79	7.37	7.33
1.416	7.76	7.77	7.35	7.31
1.417	7.75	7.75	7.33	7.29
1.418	7.74	7.73	7.32	7.27
1.419	7.73	7.71	7.31	7.24
1.420	7.71	7.70	7.29	7.22
1.421	7.69	7.68	7.28	7.20
1.422	7.66	7.66	7.25	7.17
1.423	7.63	7.64	7.22	7.15
1.424	7.60	7.62	7.19	7.13
1.425	7.57	7.60	7.16	7.10
1.426	7.54	7.57	7.13	7.08
1.427	7.52	7.55	7.11	7.06
1.428	7.49	7.53	7.08	7.03
1.429	7.47	7.51	7.06	7.01
1.430	7.44	7.49	7.03	6.99
1.431	7.41	7.47	7.01	6.96
1.432	7.38	7.45	6.98	6.94
1.433	7.35	7.43	6.95	6.92
1.434	7.32	7.41	6.91	6.90
1.435	7.29	7.39	6.87	6.88
1.436	7.27	7.37	6.83	6.86
1.437	7.25	7.35	6.79	6.84
1.438	7.23	7.33	6.77	6.82
1.439	7.22	7.32	6.77	6.80
1.440	7.21	7.30	6.76	6.78
1.441	7.21	7.28	6.75	6.76
1.442	7.20	7.27	6.73	6.75
1.443	7.19	7.25	6.71	6.73
1.444	7.17	7.23	6.69	6.72
1.445	7.15	7.22	6.66	6.70
1.446	7.13	7.21	6.64	6.69
1.447	7.10	7.19	6.61	6.68
1.448	7.08	7.18	6.59	6.67
1.449	7.05	7.17	6.56	6.66
1.450	7.02	7.16	6.54	6.65
1.451	7.00	7.15	6.52	6.64
1.452	6.97	7.14	6.50	6.63
1.453	6.94	7.13	6.48	6.62
1.454	6.92	7.12	6.46	6.62
1.455	6.89	7.11	6.45	6.61
1.456	6.85	7.11	6.44	6.61
1.457	6.82	7.10	6.42	6.61
1.458	6.79	7.10	6.39	6.61
1.459	6.76	7.09	6.37	6.60
1.460	6.74	7.09	6.36	6.60
1.461	6.73	7.09	6.36	6.61
1.462	6.74	7.09	6.39	6.61
1.463	6.77	7.09	6.43	6.61
1.464	6.81	7.09	6.46	6.61
1.465	6.85	7.09	6.51	6.62
1.466	6.90	7.09	6.56	6.62
1.467	6.95	7.09	6.61	6.63
1.468	6.99	7.10	6.66	6.63
1.469	7.03	7.10	6.71	6.64
1.470	7.07	7.10	6.75	6.65
1.471	7.11	7.11	6.78	6.65
1.472	7.14	7.11	6.82	6.66
1.473	7.18	7.12	6.86	6.67
1.474	7.21	7.12	6.89	6.68
1.475	7.24	7.12	6.93	6.69
1.476	7.27	7.13	6.96	6.69
1.477	7.30	7.14	6.99	6.70
1.478	7.33	7.14	7.01	6.71
1.479	7.35	7.15	7.03	6.72
1.480	7.37	7.15	7.03	6.73
1.481	7.38	7.16	7.03	6.74
1.482	7.38	7.16	7.02	6.75
1.483	7.36	7.17	7.01	6.75
1.484	7.34	7.17	7.00	6.76
1.485	7.32	7.17	7.00	6.77
1.486	7.31	7.18	6.99	6.78
1.487	7.29	7.18	6.99	6.78
1.488	7.28	7.19	6.99	6.79
1.489	7.27	7.19	6.99	6.80
1.490	7.27	7.19	6.99	6.80
1.491	7.28	7.19	7.00	6.81
1.492	7.29	7.20	7.01	6.81
1.493	7.30	7.20	7.01	6.82
1.494	7.30	7.20	7.01	6.82
1.495	7.30	7.20	7.01	6.83
1.496	7.30	7.20	7.00	6.83
1.497	7.29	7.20	6.98	6.83
1.498	7.27	7.20	6.97	6.84
1.499	7.25	7.20	6.96	6.84
1.500	7.24	7.20	6.96	6.84
1.501	7.25	7.20	6.98	6.84
1.502	7.27	7.19	7.01	6.84
1.503	7.30	7.19	7.05	6.84
1.504	7.34	7.19	7.09	6.85
1.505	7.37	7.19	7.12	6.84
1.506	7.40	7.18	7.16	6.84
1.507	7.43	7.18	7.19	6.84
1.508	7.45	7.17	7.21	6.84
1.509	7.47	7.17	7.22	6.84
1.510	7.47	7.16	7.21	6.84
1.511	7.46	7.16	7.18	6.84
1.512	7.43	7.15	7.15	6.83
1.513	7.38	7.14	7.11	6.83
1.514	7.32	7.14	7.08	6.83
1.515	7.26	7.13	7.05	6.82
1.516	7.21	7.12	7.02	6.82
1.517	7.17	7.12	6.99	6.81
1.518	7.14	7.11	6.97	6.81
1.519	7.12	7.10	6.95	6.81
1.520	7.10	7.10	6.92	6.80
1.521	7.09	7.09	6.90	6.80
1.522	7.07	7.08	6.87	6.79
1.523	7.04	7.08	6.84	6.79
1.524	7.01	7.07	6.80	6.78
1.525	6.96	7.06	6.77	6.78
1.526	6.91	7.06	6.73	6.78
1.527	6.86	7.05	6.69	6.77
1.528	6.82	7.05	6.65	6.77
1.529	6.78	7.04	6.62	6.77
1.530	6.75	7.04	6.61	6.77
1.531	6.75	7.03	6.61	6.77
1.532	6.78	7.03	6.62	6.76
1.533	6.80	7.03	6.64	6.76
1.534	6.84	7.03	6.66	6.76
1.535	6.86	7.03	6.68	6.77
1.536	6.89	7.03	6.71	6.77
1.537	6.90	7.03	6.73	6.77
1.538	6.92	7.03	6.75	6.77
1.539	6.92	7.03	6.77	6.77
1.540	6.93	7.03	6.78	6.78
1.541	6.93	7.03	6.78	6.78
1.542	6.94	7.03	6.77	6.78
1.543	6.94	7.04	6.77	6.79
1.544	6.94	7.04	6.77	6.80
1.545	6.95	7.05	6.77	6.80
1.546	6.95	7.05	6.78	6.81
1.547	6.96	7.06	6.79	6.82
1.548	6.97	7.07	6.80	6.82
1.549	6.98	7.07	6.81	6.83
1.550	6.99	7.08	6.81	6.84
1.551	6.99	7.09	6.82	6.85
1.552	7.00	7.10	6.84	6.86
1.553	7.02	7.11	6.86	6.87
1.554	7.04	7.12	6.89	6.88
1.555	7.06	7.13	6.91	6.90
1.556	7.08	7.14	6.92	6.91
1.557	7.10	7.15	6.93	6.92
1.558	7.11	7.17	6.94	6.93
1.559	7.12	7.18	6.95	6.95
1.560	7.13	7.19	6.97	6.96
1.561	7.15	7.21	7.00	6.97
1.562	7.16	7.22	7.02	6.99
1.563	7.17	7.23	7.05	7.00
1.564	7.18	7.25	7.06	7.01
1.565	7.20	7.26	7.08	7.03
1.566	7.21	7.28	7.09	7.04
1.567	7.23	7.29	7.11	7.06
1.568	7.24	7.31	7.12	7.07
1.569	7.26	7.32	7.14	7.09
1.570	7.28	7.34	7.16	7.10
1.571	7.30	7.35	7.18	7.12
1.572	7.32	7.37	7.20	7.13
1.573	7.34	7.38	7.22	7.15
1.574	7.36	7.40	7.23	7.16
1.575	7.39	7.41	7.25	7.18
1.576	7.42	7.43	7.27	7.19
1.577	7.45	7.44	7.31	7.20
1.578	7.49	7.46	7.35	7.22
1.579	7.53	7.47	7.39	7.23
1.580	7.56	7.49	7.43	7.24
1.581	7.60	7.50	7.46	7.26
1.582	7.63	7.51	7.50	7.27
1.583	7.66	7.53	7.53	7.28
1.584	7.69	7.54	7.56	7.29
1.585	7.71	7.55	7.57	7.30
1.586	7.72	7.56	7.58	7.31
1.587	7.73	7.57	7.58	7.32
1.588	7.73	7.59	7.58	7.33
1.589	7.74	7.60	7.58	7.33
1.590	7.74	7.60	7.57	7.34
1.591	7.75	7.61	7.57	7.35
1.592	7.75	7.62	7.56	7.35
1.593	7.75	7.63	7.55	7.36
1.594	7.74	7.64	7.53	7.36
1.595	7.72	7.64	7.51	7.36
1.596	7.71	7.65	7.50	7.37
1.597	7.70	7.65	7.50	7.37
1.598	7.70	7.65	7.50	7.37
1.599	7.70	7.66	7.50	7.37
1.600	7.70	7.66	7.51	7.37
1.601	7.70	7.66	7.53	7.37
1.602	7.71	7.66	7.54	7.37
1.603	7.72	7.66	7.54	7.36
1.604	7.72	7.66	7.54	7.36
1.605	7.73	7.66	7.53	7.36
1.606	7.73	7.66	7.52	7.35
1.607	7.73	7.66	7.51	7.35
1.608	7.73	7.65	7.51	7.34
1.609	7.73	7.65	7.51	7.33
1.610	7.74	7.64	7.52	7.33
1.611	7.75	7.64	7.53	7.32
1.612	7.76	7.63	7.54	7.31
1.613	7.77	7.62	7.55	7.30
1.614	7.78	7.62	7.55	7.29
1.615	7.78	7.61	7.55	7.28
1.616	7.78	7.60	7.54	7.27
1.617	7.78	7.59	7.53	7.25
1.618	7.78	7.58	7.53	7.24
1.619	7.78	7.57	7.52	7.23
1.620	7.78	7.55	7.53	7.21
1.621	7.78	7.54	7.53	7.20
1.622	7.79	7.53	7.53	7.18
1.623	7.79	7.52	7.53	7.17
1.624	7.78	7.50	7.51	7.15
1.625	7.76	7.49	7.46	7.14
1.626	7.72	7.47	7.40	7.12
1.627	7.67	7.46	7.33	7.11
1.628	7.61	7.44	7.24	7.09
1.629	7.54	7.43	7.15	7.07
1.630	7.46	7.41	7.06	7.06
1.631	7.38	7.39	6.96	7.04
1.632	7.29	7.38	6.87	7.02
1.633	7.20	7.36	6.79	7.01
1.634	7.11	7.35	6.72	6.99
1.635	7.03	7.33	6.67	6.98
1.636	6.96	7.31	6.63	6.96
1.637	6.90	7.30	6.62	6.95
1.638	6.86	7.28	6.62	6.93
1.639	6.84	7.27	6.63	6.92
1.640	6.84	7.26	6.64	6.91
1.641	6.85	7.24	6.66	6.89
1.642	6.87	7.23	6.69	6.88
1.643	6.90	7.22	6.72	6.87
1.644	6.93	7.20	6.75	6.86
1.645	6.96	7.19	6.78	6.85
1.646	7.00	7.18	6.81	6.84
1.647	7.04	7.17	6.83	6.83
1.648	7.07	7.16	6.84	6.82
1.649	7.09	7.15	6.85	6.81
1.650	7.11	7.14	6.86	6.80
1.651	7.12	7.13	6.87	6.79
1.652	7.13	7.12	6.88	6.78
1.653	7.12	7.11	6.89	6.78
1.654	7.12	7.10	6.90	6.77
1.655	7.12	7.10	6.91	6.76
1.656	7.12	7.09	6.92	6.76
1.657	7.12	7.08	6.94	6.75
1.658	7.13	7.07	6.96	6.74
1.659	7.15	7.07	6.98	6.74
1.660	7.17	7.06	6.99	6.73
1.661	7.18	7.05	6.99	6.73
1.662	7.19	7.05	6.97	6.72
1.663	7.19	7.04	6.94	6.72
1.664	7.18	7.04	6.90	6.72
1.665	7.17	7.03	6.87	6.71
1.666	7.15	7.03	6.83	6.71
1.667	7.12	7.02	6.80	6.71
1.668	7.09	7.02	6.77	6.70
1.669	7.04	7.02	6.74	6.70
1.670	6.98	7.01	6.72	6.70
1.671	6.93	7.01	6.69	6.70
1.672	6.88	7.01	6.66	6.69
1.673	6.85	7.00	6.64	6.69
1.674	6.83	7.00	6.62	6.69
1.675	6.82	7.00	6.61	6.69
1.676	6.81	7.00	6.60	6.69
1.677	6.81	7.00	6.58	6.69
1.678	6.80	7.00	6.56	6.69
1.679	6.79	7.00	6.55	6.69
1.680	6.79	6.99	6.55	6.69
1.681	6.80	6.99	6.55	6.69
1.682	6.81	6.99	6.57	6.70
1.683	6.82	6.99	6.59	6.70
1.684	6.83	7.00	6.61	6.70
1.685	6.84	7.00	6.64	6.70
1.686	6.85	7.00	6.66	6.70
1.687	6.86	7.00	6.68	6.70
1.688	6.88	7.00	6.70	6.71
1.689	6.90	7.00	6.73	6.71
1.690	6.93	7.00	6.77	6.71
1.691	6.96	7.00	6.81	6.71
1.692	6.99	7.00	6.86	6.71
1.693	7.03	7.00	6.90	6.71
1.694	7.07	7.01	6.94	6.71
1.695	7.12	7.01	6.98	6.71
1.696	7.16	7.01	7.01	6.71
1.697	7.20	7.01	7.04	6.71
1.698	7.22	7.01	7.06	6.71
1.699	7.24	7.00	7.07	6.71
1.700	7.25	7.00	7.08	6.71
1.701	7.25	7.00	7.08	6.71
1.702	7.25	7.00	7.08	6.71
1.703	7.25	7.00	7.07	6.70
1.704	7.25	6.99	7.06	6.70
1.705	7.23	6.99	7.04	6.70
1.706	7.22	6.99	7.03	6.69
1.707	7.21	6.98	7.03	6.68
1.708	7.20	6.98	7.02	6.68
1.709	7.19	6.97	7.01	6.67
1.710	7.18	6.97	7.00	6.66
1.711	7.18	6.96	6.99	6.66
1.712	7.18	6.95	6.98	6.65
1.713	7.18	6.94	6.97	6.64
1.714	7.18	6.94	6.96	6.63
1.715	7.17	6.93	6.96	6.62
1.716	7.16	6.92	6.95	6.61
1.717	7.16	6.91	6.94	6.60
1.718	7.15	6.90	6.93	6.59
1.719	7.14	6.89	6.90	6.58
1.720	7.12	6.88	6.86	6.57
1.721	7.09	6.87	6.80	6.56
1.722	7.04	6.86	6.73	6.55
1.723	6.99	6.85	6.66	6.53
1.724	6.93	6.84	6.58	6.52
1.725	6.87	6.83	6.51	6.51
1.726	6.81	6.82	6.45	6.50
1.727	6.76	6.81	6.39	6.49
1.728	6.71	6.80	6.34	6.48
1.729	6.66	6.78	6.30	6.47
1.730	6.61	6.77	6.25	6.46
1.731	6.56	6.77	6.21	6.45
1.732	6.51	6.76	6.16	6.44
1.733	6.47	6.75	6.12	6.43
1.734	6.42	6.74	6.09	6.42
1.735	6.38	6.73	6.08	6.41
1.736	6.35	6.72	6.08	6.41
1.737	6.33	6.72	6.09	6.40
1.738	6.31	6.71	6.10	6.40
1.739	6.30	6.71	6.11	6.39
1.740	6.30	6.70	6.11	6.39
1.741	6.31	6.70	6.13	6.38
1.742	6.32	6.69	6.14	6.38
1.743	6.34	6.69	6.17	6.38
1.744	6.36	6.69	6.20	6.37
1.745	6.38	6.69	6.23	6.37
1.746	6.40	6.69	6.27	6.37
1.747	6.43	6.69	6.30	6.37
1.748	6.45	6.69	6.33	6.37
1.749	6.48	6.69	6.36	6.37
1.750	6.52	6.69	6.37	6.37
1.751	6.55	6.69	6.37	6.37
1.752	6.57	6.69	6.37	6.37
1.753	6.59	6.69	6.38	6.37
1.754	6.61	6.70	6.40	6.37
1.755	6.63	6.70	6.44	6.37
1.756	6.66	6.70	6.48	6.37
1.757	6.68	6.71	6.52	6.37
1.758	6.71	6.71	6.55	6.37
1.759	6.74	6.71	6.59	6.37
1.760	6.77	6.71	6.62	6.37
1.761	6.80	6.72	6.66	6.36
1.762	6.82	6.72	6.69	6.36
1.763	6.85	6.72	6.70	6.36
1.764	6.87	6.72	6.71	6.36
1.765	6.90	6.73	6.72	6.36
1.766	6.92	6.73	6.73	6.35
1.767	6.95	6.73	6.74	6.35
1.768	6.99	6.73	6.77	6.34
1.769	7.03	6.73	6.80	6.34
1.770	7.07	6.73	6.83	6.33
1.771	7.11	6.73	6.86	6.33
1.772	7.15	6.73	6.87	6.32
1.773	7.18	6.72	6.89	6.31
1.774	7.22	6.72	6.90	6.30
1.775	7.25	6.72	6.90	6.30
1.776	7.27	6.71	6.89	6.29
1.777	7.29	6.71	6.87	6.28
1.778	7.29	6.70	6.83	6.27
1.779	7.26	6.70	6.78	6.25
1.780	7.21	6.69	6.71	6.24
1.781	7.15	6.68	6.63	6.23
1.782	7.06	6.67	6.55	6.22
1.783	6.96	6.67	6.45	6.21
1.784	6.86	6.66	6.35	6.19
1.785	6.76	6.65	6.26	6.18
1.786	6.67	6.64	6.17	6.17
1.787	6.59	6.63	6.09	6.16
1.788	6.51	6.62	6.01	6.15
1.789	6.42	6.61	5.93	6.13
1.790	6.34	6.60	5.84	6.12
1.791	6.25	6.60	5.76	6.11
1.792	6.17	6.59	5.68	6.10
1.793	6.10	6.58	5.62	6.09
1.794	6.05	6.57	5.59	6.08
1.795	6.02	6.57	5.58	6.07
1.796	6.01	6.56	5.61	6.06
1.797	6.02	6.55	5.64	6.06
1.798	6.05	6.55	5.69	6.05
1.799	6.10	6.54	5.74	6.04
1.800	6.15	6.54	5.79	6.04
1.801	6.21	6.53	5.84	6.03
1.802	6.27	6.53	5.89	6.03
1.803	6.32	6.53	5.94	6.03
1.804	6.37	6.53	6.00	6.03
1.805	6.42	6.52	6.05	6.02
1.806	6.47	6.52	6.10	6.02
1.807	6.52	6.52	6.15	6.02
1.808	6.58	6.52	6.20	6.02
1.809	6.63	6.52	6.25	6.02
1.810	6.67	6.52	6.28	6.02
1.811	6.71	6.52	6.30	6.02
1.812	6.73	6.52	6.30	6.03
1.813	6.74	6.52	6.29	6.03
1.814	6.74	6.53	6.28	6.03
1.815	6.73	6.53	6.25	6.03
1.816	6.71	6.53	6.22	6.04
1.817	6.68	6.53	6.19	6.04
1.818	6.65	6.54	6.17	6.04
1.819	6.62	6.54	6.15	6.05
1.820	6.58	6.54	6.13	6.05
1.821	6.55	6.55	6.12	6.06
1.822	6.53	6.55	6.12	6.06
1.823	6.52	6.55	6.12	6.07
1.824	6.51	6.56	6.12	6.08
1.825	6.49	6.56	6.10	6.08
1.826	6.47	6.57	6.08	6.09
1.827	6.44	6.57	6.04	6.10
1.828	6.41	6.58	6.00	6.11
1.829	6.38	6.58	5.98	6.11
1.830	6.35	6.59	5.97	6.12
1.831	6.33	6.60	5.97	6.13
1.832	6.32	6.60	5.99	6.14
1.833	6.33	6.61	6.03	6.15
1.834	6.35	6.62	6.06	6.16
1.835	6.39	6.63	6.10	6.17
1.836	6.44	6.63	6.15	6.18
1.837	6.48	6.64	6.19	6.19
1.838	6.53	6.65	6.24	6.20
1.839	6.58	6.66	6.29	6.21
1.840	6.63	6.67	6.35	6.22
1.841	6.69	6.67	6.40	6.23
1.842	6.75	6.68	6.46	6.24
1.843	6.82	6.69	6.51	6.25
1.844	6.89	6.70	6.57	6.25
1.845	6.96	6.71	6.63	6.26
1.846	7.02	6.71	6.68	6.27
1.847	7.08	6.72	6.74	6.28
1.848	7.13	6.73	6.79	6.29
1.849	7.19	6.74	6.84	6.30
1.850	7.24	6.74	6.90	6.30
1.851	7.27	6.75	6.94	6.31
1.852	7.29	6.75	6.97	6.32
1.853	7.28	6.76	6.95	6.32
1.854	7.24	6.76	6.90	6.33
1.855	7.18	6.77	6.81	6.34
1.856	7.11	6.77	6.72	6.34
1.857	7.04	6.78	6.63	6.35
1.858	6.98	6.78	6.56	6.35
1.859	6.91	6.79	6.50	6.36
1.860	6.84	6.79	6.44	6.36
1.861	6.77	6.80	6.37	6.37
1.862	6.69	6.80	6.29	6.37
1.863	6.60	6.80	6.20	6.38
1.864	6.53	6.81	6.13	6.38
1.865	6.47	6.81	6.08	6.39
1.866	6.43	6.82	6.06	6.39
1.867	6.41	6.82	6.07	6.40
1.868	6.41	6.83	6.10	6.41
1.869	6.43	6.83	6.13	6.41
1.870	6.45	6.84	6.17	6.42
1.871	6.48	6.85	6.21	6.43
1.872	6.53	6.85	6.26	6.43
1.873	6.58	6.86	6.31	6.44
1.874	6.63	6.87	6.36	6.45
1.875	6.68	6.88	6.40	6.46
1.876	6.72	6.89	6.44	6.47
1.877	6.75	6.89	6.46	6.48
1.878	6.77	6.90	6.47	6.49
1.879	6.79	6.91	6.47	6.50
1.880	6.81	6.92	6.47	6.51
1.881	6.83	6.93	6.48	6.52
1.882	6.86	6.94	6.50	6.53
1.883	6.88	6.95	6.54	6.54
1.884	6.91	6.96	6.57	6.55
1.885	6.93	6.97	6.60	6.56
1.886	6.95	6.98	6.64	6.57
1.887	6.97	6.99	6.67	6.58
1.888	7.00	7.00	6.70	6.59
1.889	7.03	7.01	6.73	6.60
1.890	7.06	7.02	6.77	6.61
1.891	7.10	7.03	6.80	6.62
1.892	7.14	7.04	6.82	6.63
1.893	7.17	7.05	6.85	6.64
1.894	7.20	7.06	6.87	6.65
1.895	7.23	7.07	6.89	6.66
1.896	7.25	7.08	6.91	6.67
1.897	7.28	7.09	6.93	6.68
1.898	7.30	7.10	6.95	6.69
1.899	7.33	7.11	6.98	6.70
1.900	7.35	7.11	7.00	6.71
1.901	7.38	7.12	7.03	6.72
1.902	7.40	7.13	7.06	6.72
1.903	7.42	7.13	7.09	6.73
1.904	7.43	7.14	7.10	6.74
1.905	7.44	7.15	7.10	6.75
1.906	7.43	7.15	7.08	6.75
1.907	7.42	7.16	7.06	6.76
1.908	7.40	7.16	7.03	6.76
1.909	7.37	7.17	7.00	6.77
1.910	7.33	7.17	6.96	6.78
1.911	7.28	7.18	6.93	6.78
1.912	7.23	7.18	6.89	6.79
1.913	7.17	7.18	6.85	6.79
1.914	7.11	7.19	6.80	6.80
1.915	7.06	7.19	6.76	6.80
1.916	7.01	7.19	6.73	6.80
1.917	6.98	7.20	6.69	6.81
1.918	6.95	7.20	6.66	6.81
1.919	6.93	7.20	6.64	6.82
1.920	6.93	7.21	6.63	6.82
1.921	6.94	7.21	6.63	6.83
1.922	6.95	7.21	6.65	6.83
1.923	6.97	7.22	6.67	6.83
1.924	7.00	7.22	6.70	6.84
1.925	7.02	7.22	6.74	6.84
1.926	7.04	7.23	6.77	6.85
1.927	7.07	7.23	6.81	6.85
1.928	7.09	7.23	6.85	6.85
1.929	7.10	7.23	6.88	6.86
1.930	7.12	7.24	6.90	6.86
1.931	7.14	7.24	6.92	6.87
1.932	7.17	7.24	6.94	6.87
1.933	7.19	7.25	6.96	6.87
1.934	7.22	7.25	6.98	6.87
1.935	7.26	7.25	7.01	6.88
1.936	7.30	7.26	7.05	6.88
1.937	7.34	7.26	7.10	6.88
1.938	7.38	7.26	7.14	6.88
1.939	7.43	7.26	7.18	6.89
1.940	7.46	7.26	7.21	6.89
1.941	7.48	7.26	7.22	6.89
1.942	7.49	7.27	7.21	6.89
1.943	7.48	7.27	7.20	6.89
1.944	7.46	7.27	7.18	6.89
1.945	7.44	7.27	7.15	6.89
1.946	7.42	7.27	7.12	6.89
1.947	7.39	7.27	7.10	6.88
1.948	7.37	7.27	7.07	6.88
1.949	7.34	7.26	7.05	6.88
1.950	7.32	7.26	7.03	6.88
1.951	7.29	7.26	7.02	6.87
1.952	7.27	7.26	7.00	6.87
1.953	7.26	7.26	6.99	6.87
1.954	7.25	7.25	6.99	6.86
1.955	7.24	7.25	6.98	6.86
1.956	7.24	7.25	6.98	6.86
1.957	7.24	7.24	6.98	6.85
1.958	7.24	7.24	6.97	6.85
1.959	7.25	7.24	6.96	6.84
1.960	7.26	7.23	6.95	6.84
1.961	7.26	7.23	6.95	6.83
1.962	7.27	7.22	6.95	6.82
1.963	7.27	7.22	6.94	6.82
1.964	7.28	7.21	6.94	6.81
1.965	7.28	7.21	6.92	6.81
1.966	7.28	7.20	6.88	6.80
1.967	7.27	7.20	6.84	6.79
1.968	7.25	7.19	6.80	6.79
1.969	7.22	7.19	6.78	6.78
1.970	7.19	7.18	6.77	6.78
1.971	7.16	7.17	6.75	6.77
1.972	7.13	7.17	6.73	6.76
1.973	7.10	7.16	6.72	6.76
1.974	7.08	7.16	6.70	6.75
1.975	7.06	7.15	6.69	6.75
1.976	7.04	7.14	6.68	6.74
1.977	7.02	7.14	6.67	6.74
1.978	7.00	7.13	6.66	6.73
1.979	6.98	7.12	6.66	6.72
1.980	6.96	7.12	6.66	6.72
1.981	6.95	7.11	6.67	6.71
1.982	6.94	7.10	6.67	6.71
1.983	6.94	7.10	6.68	6.70
1.984	6.95	7.09	6.70	6.70
1.985	6.97	7.09	6.72	6.69
1.986	7.00	7.08	6.75	6.69
1.987	7.02	7.07	6.78	6.68
1.988	7.05	7.07	6.80	6.68
1.989	7.07	7.06	6.83	6.67
1.990	7.09	7.05	6.84	6.67
1.991	7.10	7.05	6.85	6.66
1.992	7.11	7.04	6.84	6.66
1.993	7.12	7.03	6.83	6.65
1.994	7.12	7.03	6.83	6.65
1.995	7.14	7.02	6.84	6.64
1.996	7.15	7.01	6.86	6.64
1.997	7.18	7.00	6.90	6.63
1.998	7.21	7.00	6.94	6.62
1.999	7.25	6.99	6.97	6.62
2.000	7.28	6.98	6.99	6.61
2.001	7.29	6.97	6.99	6.61
2.002	7.28	6.97	6.97	6.60
2.003	7.26	6.96	6.94	6.59
2.004	7.22	6.95	6.90	6.59
2.005	7.17	6.94	6.85	6.58
2.006	7.11	6.93	6.80	6.58
2.007	7.06	6.92	6.76	6.57
2.008	7.01	6.92	6.72	6.56
2.009	6.96	6.91	6.68	6.56
2.010	6.92	6.90	6.63	6.55
2.011	6.88	6.89	6.59	6.54
2.012	6.84	6.88	6.55	6.54
2.013	6.79	6.88	6.51	6.53
2.014	6.73	6.87	6.45	6.53
2.015	6.67	6.86	6.39	6.52
2.016	6.59	6.86	6.32	6.52
2.017	6.52	6.85	6.26	6.52
2.018	6.46	6.84	6.20	6.51
2.019	6.41	6.84	6.15	6.51
2.020	6.37	6.83	6.12	6.51
2.021	6.35	6.83	6.12	6.50
2.022	6.36	6.83	6.14	6.50
2.023	6.38	6.82	6.19	6.50
2.024	6.42	6.82	6.23	6.50
2.025	6.46	6.82	6.28	6.50
2.026	6.49	6.81	6.32	6.50
2.027	6.53	6.81	6.36	6.50
2.028	6.57	6.81	6.40	6.50
2.029	6.60	6.81	6.44	6.50
2.030	6.63	6.81	6.48	6.50
2.031	6.67	6.81	6.51	6.50
2.032	6.70	6.81	6.55	6.50
2.033	6.74	6.81	6.58	6.50
2.034	6.77	6.81	6.62	6.50
2.035	6.81	6.81	6.66	6.50
2.036	6.85	6.80	6.70	6.50
2.037	6.89	6.80	6.75	6.50
2.038	6.93	6.80	6.80	6.50
2.039	6.98	6.80	6.85	6.50
2.040	7.04	6.80	6.91	6.50
2.041	7.10	6.80	6.97	6.50
2.042	7.16	6.80	7.03	6.50
2.043	7.21	6.79	7.08	6.49
2.044	7.27	6.79	7.11	6.49
2.045	7.31	6.79	7.13	6.49
2.046	7.33	6.78	7.12	6.48
2.047	7.34	6.78	7.08	6.48
2.048	7.31	6.77	7.02	6.47
2.049	7.26	6.76	6.95	6.47
2.050	7.19	6.76	6.89	6.46
2.051	7.12	6.75	6.83	6.46
2.052	7.05	6.74	6.79	6.45
2.053	7.00	6.74	6.74	6.44
2.054	6.97	6.73	6.71	6.44
2.055	6.94	6.72	6.67	6.43
2.056	6.92	6.71	6.63	6.42
2.057	6.90	6.70	6.58	6.42
2.058	6.86	6.69	6.53	6.41
2.059	6.82	6.68	6.46	6.40
2.060	6.76	6.67	6.40	6.39
2.061	6.70	6.66	6.33	6.39
2.062	6.63	6.65	6.27	6.38
2.063	6.55	6.64	6.21	6.37
2.064	6.48	6.63	6.15	6.36
2.065	6.41	6.62	6.12	6.36
2.066	6.35	6.61	6.09	6.35
2.067	6.30	6.60	6.09	6.34
2.068	6.27	6.60	6.09	6.34
2.069	6.25	6.59	6.10	6.33
2.070	6.23	6.58	6.11	6.33
2.071	6.23	6.57	6.13	6.32
2.072	6.23	6.57	6.13	6.32
2.073	6.24	6.56	6.14	6.32
2.074	6.24	6.55	6.14	6.32
2.075	6.24	6.55	6.15	6.31
2.076	6.25	6.54	6.16	6.31
2.077	6.26	6.54	6.17	6.31
2.078	6.27	6.54	6.19	6.31
2.079	6.28	6.53	6.21	6.31
2.080	6.30	6.53	6.24	6.31
2.081	6.32	6.53	6.26	6.31
2.082	6.34	6.53	6.28	6.31
2.083	6.35	6.52	6.31	6.31
2.084	6.38	6.52	6.33	6.31
2.085	6.40	6.52	6.36	6.31
2.086	6.43	6.52	6.39	6.31
2.087	6.47	6.52	6.43	6.32
2.088	6.53	6.53	6.48	6.32
2.089	6.58	6.53	6.52	6.32
2.090	6.63	6.53	6.55	6.32
2.091	6.67	6.53	6.58	6.32
2.092	6.70	6.53	6.61	6.33
2.093	6.72	6.53	6.62	6.33
2.094	6.72	6.54	6.60	6.33
2.095	6.71	6.54	6.57	6.33
2.096	6.68	6.54	6.54	6.33
2.097	6.65	6.54	6.50	6.34
2.098	6.62	6.55	6.48	6.34
2.099	6.60	6.55	6.47	6.34
2.100	6.59	6.55	6.47	6.34
2.101	6.58	6.55	6.46	6.34
2.102	6.57	6.56	6.45	6.34
2.103	6.56	6.56	6.44	6.34
2.104	6.56	6.56	6.43	6.34
2.105	6.56	6.56	6.42	6.35
2.106	6.56	6.57	6.42	6.35
2.107	6.56	6.57	6.42	6.35
2.108	6.57	6.57	6.43	6.35
2.109	6.58	6.57	6.43	6.35
2.110	6.58	6.58	6.43	6.35
2.111	6.58	6.58	6.44	6.35
2.112	6.58	6.58	6.44	6.34
2.113	6.58	6.58	6.44	6.34
2.114	6.57	6.58	6.44	6.34
2.115	6.56	6.59	6.45	6.34
2.116	6.56	6.59	6.45	6.34
2.117	6.56	6.59	6.46	6.34
2.118	6.57	6.59	6.47	6.33
2.119	6.59	6.59	6.48	6.33
2.120	6.61	6.59	6.48	6.33
2.121	6.63	6.59	6.49	6.32
2.122	6.65	6.59	6.49	6.32
2.123	6.66	6.59	6.48	6.32
2.124	6.67	6.59	6.48	6.31
2.125	6.67	6.59	6.47	6.31
2.126	6.68	6.59	6.47	6.30
2.127	6.68	6.59	6.47	6.29
2.128	6.68	6.59	6.47	6.29
2.129	6.68	6.59	6.48	6.28
2.130	6.68	6.58	6.48	6.27
2.131	6.67	6.58	6.49	6.27
2.132	6.67	6.58	6.48	6.26
2.133	6.68	6.58	6.48	6.25
2.134	6.68	6.57	6.47	6.24
2.135	6.69	6.57	6.46	6.23
2.136	6.69	6.57	6.44	6.22
2.137	6.69	6.56	6.42	6.21
2.138	6.67	6.56	6.38	6.21
2.139	6.65	6.55	6.35	6.20
2.140	6.62	6.55	6.32	6.19
2.141	6.59	6.54	6.29	6.17
2.142	6.57	6.54	6.27	6.16
2.143	6.55	6.53	6.26	6.15
2.144	6.54	6.52	6.25	6.14
2.145	6.54	6.52	6.24	6.13
2.146	6.53	6.51	6.23	6.12
2.147	6.52	6.50	6.22	6.11
2.148	6.51	6.50	6.21	6.10
2.149	6.50	6.49	6.19	6.09
2.150	6.49	6.48	6.17	6.07
2.151	6.49	6.48	6.15	6.06
2.152	6.48	6.47	6.13	6.05
2.153	6.48	6.46	6.11	6.04
2.154	6.48	6.45	6.09	6.03
2.155	6.47	6.45	6.07	6.02
2.156	6.47	6.44	6.05	6.01
2.157	6.45	6.43	6.04	6.00
2.158	6.44	6.42	6.02	5.99
2.159	6.43	6.42	6.01	5.98
2.160	6.42	6.41	6.01	5.97
2.161	6.42	6.40	6.01	5.96
2.162	6.42	6.39	6.01	5.95
2.163	6.43	6.39	6.00	5.94
2.164	6.43	6.38	5.99	5.93
2.165	6.42	6.37	5.99	5.92
2.166	6.41	6.36	5.98	5.91
2.167	6.39	6.36	5.97	5.90
2.168	6.37	6.35	5.95	5.90
2.169	6.33	6.35	5.93	5.89
2.170	6.29	6.34	5.90	5.88
2.171	6.25	6.33	5.87	5.88
2.172	6.22	6.33	5.84	5.87
2.173	6.20	6.32	5.83	5.86
2.174	6.19	6.32	5.82	5.86
2.175	6.18	6.31	5.82	5.86
2.176	6.18	6.31	5.81	5.85
2.177	6.18	6.31	5.80	5.85
2.178	6.18	6.30	5.79	5.85
2.179	6.18	6.30	5.78	5.84
2.180	6.18	6.30	5.78	5.84
2.181	6.18	6.30	5.77	5.84
2.182	6.17	6.29	5.78	5.84
2.183	6.16	6.29	5.78	5.84
2.184	6.16	6.29	5.78	5.84
2.185	6.15	6.29	5.78	5.84
2.186	6.15	6.29	5.79	5.84
2.187	6.15	6.29	5.80	5.84
2.188	6.16	6.29	5.82	5.84
2.189	6.18	6.30	5.85	5.84
2.190	6.20	6.30	5.88	5.85
2.191	6.22	6.30	5.91	5.85
2.192	6.24	6.30	5.94	5.85
2.193	6.26	6.30	5.96	5.85
2.194	6.28	6.31	5.98	5.86
2.195	6.30	6.31	6.00	5.86
2.196	6.32	6.31	6.02	5.87
2.197	6.34	6.32	6.03	5.87
2.198	6.34	6.32	6.05	5.87
2.199	6.35	6.33	6.06	5.88
2.200	6.36	6.33	6.07	5.88
2.201	6.37	6.34	6.09	5.89
2.202	6.39	6.34	6.10	5.89
2.203	6.41	6.35	6.11	5.90
2.204	6.43	6.35	6.11	5.90
2.205	6.45	6.35	6.12	5.90
2.206	6.47	6.36	6.12	5.91
2.207	6.47	6.37	6.14	5.91
2.208	6.48	6.37	6.15	5.92
2.209	6.48	6.38	6.16	5.92
2.210	6.49	6.38	6.17	5.93
2.211	6.50	6.39	6.19	5.93
2.212	6.52	6.39	6.20	5.93
2.213	6.54	6.40	6.21	5.94
2.214	6.57	6.40	6.20	5.94
2.215	6.58	6.41	6.17	5.95
2.216	6.58	6.41	6.13	5.95
2.217	6.56	6.42	6.07	5.96
2.218	6.52	6.42	6.01	5.96
2.219	6.46	6.43	5.94	5.96
2.220	6.40	6.43	5.88	5.97
2.221	6.35	6.44	5.82	5.97
2.222	6.29	6.44	5.78	5.98
2.223	6.24	6.45	5.75	5.98
2.224	6.20	6.46	5.74	5.99
2.225	6.17	6.46	5.75	5.99
2.226	6.16	6.47	5.79	5.99
2.227	6.16	6.47	5.83	6.00
2.228	6.18	6.48	5.89	6.00
2.229	6.22	6.48	5.95	6.01
2.230	6.27	6.49	6.01	6.01
2.231	6.32	6.50	6.06	6.02
2.232	6.36	6.50	6.10	6.02
2.233	6.41	6.51	6.14	6.03
2.234	6.45	6.51	6.18	6.03
2.235	6.50	6.52	6.22	6.04
2.236	6.55	6.52	6.27	6.04
2.237	6.61	6.53	6.32	6.04
2.238	6.67	6.53	6.37	6.05
2.239	6.73	6.54	6.42	6.05
2.240	6.79	6.54	6.47	6.05
2.241	6.84	6.55	6.49	6.06
2.242	6.89	6.55	6.49	6.06
2.243	6.93	6.55	6.48	6.06
2.244	6.95	6.56	6.45	6.06
2.245	6.95	6.56	6.42	6.06
2.246	6.94	6.56	6.38	6.07
2.247	6.92	6.56	6.35	6.07
2.248	6.89	6.57	6.32	6.07
2.249	6.86	6.57	6.30	6.07
2.250	6.83	6.57	6.28	6.07
2.251	6.79	6.57	6.25	6.07
2.252	6.75	6.57	6.22	6.07
2.253	6.71	6.57	6.19	6.07
2.254	6.66	6.57	6.14	6.07
2.255	6.61	6.57	6.09	6.07
2.256	6.55	6.57	6.03	6.06
2.257	6.49	6.56	5.98	6.06
2.258	6.44	6.56	5.94	6.06
2.259	6.40	6.56	5.92	6.06
2.260	6.36	6.56	5.91	6.06
2.261	6.33	6.56	5.92	6.06
2.262	6.31	6.56	5.93	6.06
2.263	6.31	6.56	5.94	6.06
2.264	6.31	6.56	5.95	6.06
2.265	6.32	6.56	5.97	6.06
2.266	6.34	6.56	5.99	6.06
2.267	6.35	6.56	6.02	6.06
2.268	6.37	6.56	6.04	6.06
2.269	6.39	6.56	6.07	6.06
2.270	6.41	6.56	6.09	6.06
2.271	6.43	6.56	6.11	6.06
2.272	6.45	6.56	6.12	6.06
2.273	6.47	6.56	6.14	6.06
2.274	6.49	6.56	6.15	6.06
2.275	6.51	6.56	6.16	6.06
2.276	6.52	6.56	6.17	6.06
2.277	6.54	6.56	6.17	6.06
2.278	6.55	6.56	6.18	6.06
2.279	6.56	6.56	6.19	6.06
2.280	6.57	6.56	6.21	6.06
2.281	6.59	6.56	6.22	6.06
2.282	6.60	6.56	6.24	6.07
2.283	6.62	6.57	6.25	6.07
2.284	6.63	6.57	6.26	6.07
2.285	6.65	6.57	6.27	6.07
2.286	6.66	6.57	6.28	6.07
2.287	6.67	6.57	6.29	6.06
2.288	6.67	6.57	6.30	6.06
2.289	6.68	6.57	6.31	6.06
2.290	6.69	6.57	6.32	6.06
2.291	6.70	6.57	6.33	6.06
2.292	6.72	6.57	6.34	6.06
2.293	6.73	6.57	6.33	6.06
2.294	6.74	6.57	6.32	6.06
2.295	6.74	6.57	6.31	6.06
2.296	6.75	6.57	6.31	6.06
2.297	6.75	6.58	6.29	6.06
2.298	6.75	6.58	6.28	6.06
2.299	6.74	6.58	6.26	6.06
2.300	6.73	6.58	6.25	6.05
2.301	6.71	6.58	6.24	6.05
2.302	6.70	6.58	6.24	6.05
2.303	6.68	6.58	6.24	6.05
2.304	6.67	6.58	6.23	6.05
2.305	6.66	6.58	6.22	6.05
2.306	6.66	6.58	6.20	6.05
2.307	6.65	6.58	6.18	6.05
2.308	6.64	6.58	6.16	6.05
2.309	6.63	6.58	6.14	6.05
2.310	6.61	6.59	6.11	6.06
2.311	6.59	6.59	6.08	6.06
2.312	6.57	6.59	6.05	6.06
2.313	6.54	6.59	6.03	6.06
2.314	6.52	6.60	6.01	6.07
2.315	6.49	6.60	5.99	6.07
2.316	6.46	6.61	5.97	6.08
2.317	6.44	6.61	5.96	6.08
2.318	6.42	6.62	5.95	6.09
2.319	6.41	6.62	5.94	6.09
2.320	6.39	6.63	5.92	6.10
2.321	6.38	6.64	5.90	6.11
2.322	6.36	6.64	5.88	6.12
2.323	6.35	6.65	5.85	6.13
2.324	6.34	6.66	5.83	6.14
2.325	6.33	6.67	5.82	6.15
2.326	6.33	6.68	5.84	6.16
2.327	6.34	6.69	5.88	6.18
2.328	6.37	6.71	5.93	6.19
2.329	6.41	6.72	5.99	6.20
2.330	6.45	6.73	6.04	6.22
2.331	6.50	6.74	6.09	6.23
2.332	6.55	6.76	6.13	6.25
2.333	6.59	6.77	6.18	6.27
2.334	6.63	6.79	6.23	6.28
2.335	6.67	6.80	6.28	6.30
2.336	6.72	6.82	6.33	6.32
2.337	6.77	6.84	6.38	6.34
2.338	6.82	6.85	6.43	6.36
2.339	6.88	6.87	6.48	6.37
2.340	6.94	6.89	6.54	6.39
2.341	6.99	6.90	6.59	6.41
2.342	7.04	6.92	6.65	6.43
2.343	7.07	6.94	6.72	6.45
2.344	7.11	6.95	6.78	6.47
2.345	7.16	6.97	6.83	6.49
2.346	7.20	6.99	6.86	6.50
2.347	7.23	7.00	6.89	6.52
2.348	7.26	7.02	6.90	6.54
2.349	7.28	7.03	6.92	6.56
2.350	7.29	7.05	6.93	6.57
2.351	7.30	7.07	6.93	6.59
2.352	7.29	7.08	6.93	6.61
2.353	7.29	7.10	6.92	6.62
2.354	7.28	7.11	6.90	6.64
2.355	7.27	7.12	6.89	6.65
2.356	7.25	7.14	6.88	6.67
2.357	7.24	7.15	6.87	6.68
2.358	7.24	7.16	6.86	6.69
2.359	7.23	7.18	6.85	6.71
2.360	7.22	7.19	6.84	6.72
2.361	7.21	7.20	6.84	6.73
2.362	7.20	7.21	6.83	6.74
2.363	7.19	7.22	6.83	6.75
2.364	7.19	7.23	6.83	6.76
2.365	7.20	7.24	6.84	6.77
2.366	7.21	7.25	6.86	6.78
2.367	7.23	7.26	6.88	6.79
2.368	7.25	7.27	6.91	6.80
2.369	7.28	7.28	6.94	6.80
2.370	7.30	7.28	6.97	6.81
2.371	7.32	7.29	6.99	6.82
2.372	7.34	7.30	7.01	6.82
2.373	7.36	7.30	7.03	6.83
2.374	7.38	7.31	7.03	6.83
2.375	7.39	7.32	7.03	6.84
2.376	7.42	7.32	7.04	6.84
2.377	7.44	7.32	7.07	6.84
2.378	7.47	7.33	7.10	6.85
2.379	7.50	7.33	7.14	6.85
2.380	7.54	7.33	7.17	6.85
2.381	7.57	7.34	7.20	6.85
2.382	7.59	7.34	7.22	6.85
2.383	7.62	7.34	7.24	6.85
2.384	7.63	7.34	7.23	6.85
2.385	7.64	7.34	7.22	6.85
2.386	7.64	7.34	7.19	6.85
2.387	7.63	7.34	7.15	6.85
2.388	7.61	7.34	7.11	6.84
2.389	7.59	7.34	7.07	6.84
2.390	7.56	7.34	7.03	6.84
2.391	7.52	7.34	6.98	6.84
2.392	7.48	7.34	6.95	6.84
2.393	7.44	7.34	6.92	6.83
2.394	7.40	7.34	6.89	6.83
2.395	7.37	7.34	6.86	6.83
2.396	7.33	7.33	6.82	6.83
2.397	7.28	7.33	6.77	6.83
2.398	7.23	7.33	6.72	6.82
2.399	7.18	7.33	6.67	6.82
2.400	7.12	7.33	6.62	6.82
2.401	7.07	7.33	6.57	6.82
2.402	7.02	7.33	6.53	6.82
2.403	6.97	7.33	6.47	6.82
2.404	6.93	7.33	6.42	6.82
2.405	6.89	7.34	6.38	6.83
2.406	6.86	7.34	6.36	6.83
2.407	6.84	7.34	6.38	6.83
2.408	6.84	7.35	6.42	6.83
2.409	6.84	7.35	6.46	6.84
2.410	6.86	7.36	6.50	6.84
2.411	6.88	7.36	6.53	6.85
2.412	6.91	7.37	6.57	6.85
2.413	6.95	7.37	6.60	6.86
2.414	6.98	7.38	6.64	6.87
2.415	7.01	7.39	6.67	6.87
2.416	7.05	7.40	6.72	6.88
2.417	7.09	7.41	6.78	6.89
2.418	7.14	7.41	6.84	6.89
2.419	7.20	7.42	6.90	6.90
2.420	7.25	7.43	6.96	6.91
2.421	7.31	7.44	7.01	6.91
2.422	7.36	7.45	7.06	6.92
2.423	7.41	7.46	7.11	6.93
2.424	7.46	7.47	7.16	6.93
2.425	7.52	7.48	7.21	6.94
2.426	7.58	7.49	7.26	6.94
2.427	7.65	7.50	7.31	6.95
2.428	7.71	7.51	7.34	6.95
2.429	7.76	7.51	7.37	6.96
2.430	7.80	7.52	7.38	6.96
2.431	7.83	7.53	7.37	6.96
2.432	7.86	7.53	7.37	6.97
2.433	7.87	7.54	7.36	6.97
2.434	7.88	7.54	7.36	6.97
2.435	7.89	7.55	7.36	6.97
2.436	7.89	7.55	7.35	6.96
2.437	7.88	7.55	7.33	6.96
2.438	7.87	7.55	7.31	6.96
2.439	7.85	7.55	7.29	6.95
2.440	7.84	7.55	7.28	6.95
2.441	7.82	7.55	7.26	6.94
2.442	7.81	7.55	7.25	6.93
2.443	7.79	7.54	7.24	6.93
2.444	7.77	7.54	7.23	6.92
2.445	7.76	7.53	7.22	6.91
2.446	7.75	7.53	7.21	6.89
2.447	7.74	7.52	7.19	6.88
2.448	7.74	7.51	7.18	6.87
2.449	7.74	7.50	7.17	6.86
2.450	7.73	7.49	7.15	6.84
2.451	7.72	7.48	7.13	6.83
2.452	7.70	7.46	7.09	6.81
2.453	7.67	7.45	7.06	6.79
2.454	7.63	7.44	7.03	6.78
2.455	7.60	7.42	7.00	6.76
2.456	7.57	7.41	6.97	6.74
2.457	7.54	7.39	6.93	6.72
2.458	7.51	7.37	6.89	6.70
2.459	7.48	7.35	6.85	6.68
2.460	7.45	7.33	6.82	6.66
2.461	7.42	7.32	6.79	6.64
2.462	7.38	7.30	6.75	6.62
2.463	7.33	7.28	6.71	6.60
2.464	7.29	7.26	6.67	6.58
2.465	7.25	7.23	6.62	6.56
2.466	7.21	7.21	6.57	6.53
2.467	7.17	7.19	6.53	6.51
2.468	7.14	7.17	6.50	6.49
2.469	7.10	7.15	6.48	6.47
2.470	7.08	7.13	6.46	6.45
2.471	7.05	7.11	6.45	6.43
2.472	7.02	7.08	6.42	6.41
2.473	6.99	7.06	6.38	6.39
2.474	6.96	7.04	6.35	6.37
2.475	6.94	7.02	6.33	6.35
2.476	6.91	7.00	6.32	6.33
2.477	6.88	6.98	6.31	6.31
2.478	6.86	6.96	6.29	6.30
2.479	6.85	6.94	6.27	6.28
2.480	6.83	6.92	6.25	6.26
2.481	6.82	6.90	6.23	6.25
2.482	6.80	6.88	6.21	6.24
2.483	6.79	6.87	6.19	6.22
2.484	6.77	6.85	6.17	6.21
2.485	6.75	6.83	6.15	6.20
2.486	6.73	6.82	6.15	6.19
2.487	6.71	6.80	6.14	6.18
2.488	6.69	6.79	6.13	6.17
2.489	6.67	6.77	6.12	6.16
2.490	6.64	6.76	6.10	6.15
2.491	6.61	6.75	6.07	6.15
2.492	6.58	6.74	6.03	6.14
2.493	6.55	6.73	5.99	6.14
2.494	6.51	6.72	5.96	6.13
2.495	6.48	6.71	5.95	6.13
2.496	6.47	6.70	5.95	6.13
2.497	6.46	6.70	5.96	6.13
2.498	6.47	6.69	5.98	6.13
2.499	6.49	6.69	6.01	6.13
2.500	6.51	6.68	6.05	6.14
2.501	6.54	6.68	6.09	6.14
2.502	6.57	6.68	6.12	6.15
2.503	6.58	6.68	6.15	6.15
2.504	6.60	6.68	6.17	6.16
2.505	6.60	6.68	6.18	6.17
2.506	6.60	6.68	6.18	6.18
2.507	6.60	6.69	6.18	6.19
2.508	6.59	6.69	6.19	6.20
2.509	6.58	6.70	6.20	6.21
2.510	6.58	6.70	6.21	6.23
2.511	6.58	6.71	6.22	6.24
2.512	6.59	6.71	6.23	6.25
2.513	6.60	6.72	6.24	6.27
2.514	6.61	6.73	6.25	6.28
2.515	6.62	6.74	6.27	6.30
2.516	6.63	6.75	6.30	6.32
2.517	6.64	6.76	6.32	6.33
2.518	6.65	6.77	6.34	6.35
2.519	6.66	6.79	6.36	6.37
2.520	6.68	6.80	6.40	6.39
2.521	6.70	6.81	6.44	6.41
2.522	6.74	6.82	6.49	6.43
2.523	6.77	6.84	6.53	6.45
2.524	6.81	6.85	6.57	6.47
2.525	6.83	6.87	6.61	6.48
2.526	6.85	6.88	6.63	6.50
2.527	6.87	6.90	6.65	6.52
2.528	6.88	6.91	6.67	6.54
2.529	6.90	6.93	6.70	6.56
2.530	6.92	6.95	6.73	6.58
2.531	6.96	6.96	6.76	6.60
2.532	6.99	6.98	6.80	6.62
2.533	7.02	6.99	6.82	6.64
2.534	7.05	7.01	6.84	6.66
2.535	7.07	7.02	6.86	6.68
2.536	7.10	7.04	6.89	6.69
2.537	7.13	7.05	6.92	6.71
2.538	7.17	7.07	6.95	6.73
2.539	7.21	7.08	6.99	6.74
2.540	7.26	7.10	7.02	6.76
2.541	7.30	7.11	7.07	6.78
2.542	7.35	7.12	7.11	6.79
2.543	7.39	7.14	7.15	6.80
2.544	7.43	7.15	7.19	6.82
2.545	7.46	7.16	7.21	6.83
2.546	7.47	7.17	7.23	6.84
2.547	7.48	7.18	7.23	6.85
2.548	7.48	7.19	7.23	6.86
2.549	7.48	7.20	7.23	6.87
2.550	7.47	7.21	7.23	6.88
2.551	7.46	7.21	7.23	6.89
2.552	7.46	7.22	7.24	6.89
2.553	7.46	7.23	7.24	6.90
2.554	7.46	7.23	7.24	6.90
2.555	7.45	7.24	7.22	6.91
2.556	7.43	7.24	7.18	6.91
2.557	7.41	7.25	7.14	6.92
2.558	7.38	7.25	7.10	6.92
2.559	7.36	7.25	7.06	6.92
2.560	7.34	7.25	7.03	6.92
2.561	7.32	7.26	7.01	6.92
2.562	7.29	7.26	6.98	6.92
2.563	7.26	7.26	6.95	6.93
2.564	7.23	7.26	6.91	6.92
2.565	7.20	7.26	6.88	6.92
2.566	7.17	7.26	6.84	6.92
2.567	7.15	7.26	6.81	6.92
2.568	7.12	7.25	6.79	6.92
2.569	7.10	7.25	6.77	6.92
2.570	7.08	7.25	6.77	6.92
2.571	7.06	7.25	6.77	6.91
2.572	7.06	7.25	6.78	6.91
2.573	7.06	7.24	6.81	6.91
2.574	7.07	7.24	6.85	6.91
2.575	7.10	7.24	6.89	6.90
2.576	7.14	7.24	6.92	6.90
2.577	7.17	7.23	6.94	6.89
2.578	7.19	7.23	6.95	6.89
2.579	7.20	7.23	6.96	6.89
2.580	7.20	7.22	6.97	6.88
2.581	7.20	7.22	6.99	6.88
2.582	7.21	7.22	7.00	6.87
2.583	7.21	7.21	7.02	6.87
2.584	7.21	7.21	7.03	6.86
2.585	7.22	7.20	7.03	6.86
2.586	7.22	7.20	7.03	6.85
2.587	7.22	7.19	7.03	6.85
2.588	7.22	7.19	7.02	6.84
2.589	7.22	7.18	7.01	6.83
2.590	7.23	7.18	7.00	6.83
2.591	7.23	7.17	6.99	6.82
2.592	7.23	7.17	6.98	6.81
2.593	7.22	7.16	6.98	6.81
2.594	7.21	7.16	6.96	6.80
2.595	7.20	7.15	6.95	6.79
2.596	7.19	7.15	6.93	6.78
2.597	7.19	7.14	6.92	6.77
2.598	7.18	7.13	6.93	6.77
2.599	7.19	7.13	6.94	6.76
2.600	7.20	7.12	6.95	6.75
2.601	7.21	7.12	6.96	6.74
2.602	7.22	7.11	6.96	6.73
2.603	7.22	7.10	6.95	6.72
2.604	7.20	7.10	6.92	6.71
2.605	7.17	7.09	6.89	6.71
2.606	7.14	7.08	6.85	6.70
2.607	7.12	7.08	6.83	6.69
2.608	7.11	7.07	6.81	6.68
2.609	7.10	7.06	6.79	6.67
2.610	7.10	7.06	6.78	6.66
2.611	7.11	7.05	6.77	6.65
2.612	7.11	7.05	6.75	6.65
2.613	7.10	7.04	6.72	6.64
2.614	7.08	7.03	6.69	6.63
2.615	7.05	7.03	6.65	6.62
2.616	7.02	7.02	6.61	6.62
2.617	6.98	7.02	6.57	6.61
2.618	6.94	7.01	6.54	6.60
2.619	6.91	7.01	6.51	6.60
2.620	6.87	7.00	6.49	6.59
2.621	6.85	7.00	6.47	6.59
2.622	6.83	7.00	6.47	6.58
2.623	6.82	6.99	6.47	6.58
2.624	6.82	6.99	6.48	6.57
2.625	6.82	6.99	6.49	6.57
2.626	6.83	6.99	6.50	6.57
2.627	6.83	6.98	6.52	6.57
2.628	6.83	6.98	6.52	6.56
2.629	6.84	6.98	6.53	6.56
2.630	6.85	6.98	6.53	6.56
2.631	6.85	6.98	6.52	6.56
2.632	6.86	6.98	6.52	6.56
2.633	6.87	6.98	6.51	6.56
2.634	6.89	6.98	6.52	6.57
2.635	6.91	6.99	6.54	6.57
2.636	6.93	6.99	6.57	6.57
2.637	6.94	6.99	6.59	6.57
2.638	6.95	6.99	6.62	6.58
2.639	6.96	7.00	6.64	6.58
2.640	6.96	7.00	6.65	6.58
2.641	6.97	7.00	6.66	6.59
2.642	6.98	7.01	6.67	6.59
2.643	6.99	7.01	6.67	6.60
2.644	7.00	7.01	6.67	6.60
2.645	7.00	7.02	6.67	6.61
2.646	7.01	7.02	6.66	6.61
2.647	7.01	7.03	6.66	6.62
2.648	7.01	7.03	6.66	6.63
2.649	7.01	7.04	6.67	6.63
2.650	7.02	7.04	6.69	6.64
2.651	7.03	7.05	6.71	6.65
2.652	7.03	7.06	6.72	6.65
2.653	7.04	7.06	6.73	6.66
2.654	7.05	7.07	6.74	6.67
2.655	7.05	7.07	6.75	6.67
2.656	7.06	7.08	6.75	6.68
2.657	7.06	7.08	6.76	6.69
2.658	7.07	7.09	6.77	6.70
2.659	7.08	7.09	6.77	6.70
2.660	7.10	7.10	6.78	6.71
2.661	7.11	7.10	6.80	6.71
2.662	7.13	7.11	6.83	6.72
2.663	7.14	7.11	6.86	6.73
2.664	7.15	7.12	6.88	6.73
2.665	7.16	7.12	6.91	6.74
2.666	7.17	7.13	6.92	6.74
2.667	7.17	7.13	6.92	6.75
2.668	7.18	7.13	6.92	6.75
2.669	7.18	7.14	6.91	6.76
2.670	7.18	7.14	6.91	6.76
2.671	7.19	7.14	6.91	6.76
2.672	7.20	7.14	6.92	6.77
2.673	7.21	7.15	6.94	6.77
2.674	7.23	7.15	6.96	6.77
2.675	7.24	7.15	6.99	6.77
2.676	7.26	7.15	7.01	6.77
2.677	7.26	7.15	7.03	6.77
2.678	7.27	7.15	7.04	6.77
2.679	7.28	7.15	7.06	6.77
2.680	7.29	7.14	7.07	6.77
2.681	7.31	7.14	7.07	6.77
2.682	7.32	7.14	7.07	6.76
2.683	7.34	7.14	7.07	6.76
2.684	7.36	7.13	7.08	6.76
2.685	7.37	7.13	7.09	6.75
2.686	7.38	7.12	7.09	6.75
2.687	7.38	7.12	7.07	6.74
2.688	7.37	7.11	7.05	6.73
2.689	7.34	7.11	7.01	6.73
2.690	7.31	7.10	6.98	6.72
2.691	7.28	7.09	6.94	6.71
2.692	7.24	7.08	6.91	6.71
2.693	7.20	7.08	6.88	6.70
2.694	7.16	7.07	6.85	6.69
2.695	7.13	7.06	6.82	6.68
2.696	7.10	7.05	6.78	6.67
2.697	7.07	7.04	6.75	6.66
2.698	7.04	7.03	6.72	6.65
2.699	7.02	7.02	6.69	6.64
2.700	6.99	7.01	6.66	6.63
2.701	6.96	7.00	6.63	6.62
2.702	6.93	6.99	6.60	6.61
2.703	6.89	6.98	6.57	6.60
2.704	6.86	6.97	6.55	6.59
2.705	6.83	6.96	6.54	6.58
2.706	6.81	6.96	6.52	6.57
2.707	6.79	6.95	6.51	6.56
2.708	6.78	6.94	6.51	6.55
2.709	6.77	6.93	6.50	6.54
2.710	6.76	6.92	6.50	6.53
2.711	6.75	6.91	6.49	6.52
2.712	6.74	6.90	6.48	6.51
2.713	6.74	6.90	6.47	6.51
2.714	6.73	6.89	6.47	6.50
2.715	6.73	6.88	6.46	6.49
2.716	6.74	6.87	6.46	6.48
2.717	6.75	6.87	6.46	6.47
2.718	6.76	6.86	6.47	6.47
2.719	6.78	6.85	6.47	6.46
2.720	6.79	6.85	6.49	6.45
2.721	6.81	6.84	6.50	6.45
2.722	6.82	6.84	6.52	6.44
2.723	6.83	6.83	6.52	6.44
2.724	6.83	6.83	6.53	6.43
2.725	6.84	6.83	6.53	6.43
2.726	6.84	6.82	6.54	6.42
2.727	6.86	6.82	6.54	6.42
2.728	6.86	6.82	6.54	6.42
2.729	6.87	6.82	6.53	6.41
2.730	6.86	6.81	6.51	6.41
2.731	6.84	6.81	6.49	6.41
2.732	6.83	6.81	6.48	6.40
2.733	6.81	6.81	6.46	6.40
2.734	6.79	6.81	6.45	6.40
2.735	6.77	6.81	6.45	6.40
2.736	6.76	6.81	6.44	6.40
2.737	6.75	6.81	6.44	6.40
2.738	6.74	6.81	6.43	6.40
2.739	6.74	6.81	6.43	6.40
2.740	6.73	6.81	6.42	6.40
2.741	6.73	6.81	6.41	6.40
2.742	6.73	6.81	6.40	6.40
2.743	6.73	6.81	6.39	6.40
2.744	6.72	6.82	6.39	6.41
2.745	6.72	6.82	6.40	6.41
2.746	6.72	6.82	6.41	6.41
2.747	6.73	6.83	6.43	6.41
2.748	6.75	6.83	6.44	6.42
2.749	6.76	6.83	6.45	6.42
2.750	6.78	6.84	6.46	6.42
2.751	6.79	6.84	6.45	6.43
2.752	6.79	6.85	6.44	6.43
2.753	6.79	6.85	6.42	6.44
2.754	6.78	6.86	6.42	6.44
2.755	6.78	6.86	6.45	6.45
2.756	6.79	6.87	6.49	6.45
2.757	6.82	6.87	6.53	6.46
2.758	6.86	6.88	6.57	6.46
2.759	6.89	6.88	6.61	6.47
2.760	6.93	6.89	6.63	6.47
2.761	6.96	6.89	6.65	6.48
2.762	6.98	6.90	6.66	6.48
2.763	7.00	6.90	6.68	6.49
2.764	7.02	6.91	6.69	6.49
2.765	7.04	6.91	6.71	6.50
2.766	7.06	6.92	6.72	6.50
2.767	7.07	6.92	6.74	6.51
2.768	7.08	6.93	6.75	6.51
2.769	7.09	6.93	6.77	6.52
2.770	7.11	6.94	6.79	6.52
2.771	7.13	6.94	6.82	6.53
2.772	7.15	6.95	6.85	6.53
2.773	7.18	6.95	6.88	6.54
2.774	7.20	6.95	6.89	6.54
2.775	7.21	6.96	6.89	6.54
2.776	7.21	6.96	6.86	6.55
2.777	7.18	6.96	6.82	6.55
2.778	7.15	6.97	6.77	6.56
2.779	7.11	6.97	6.73	6.56
2.780	7.08	6.97	6.69	6.56
2.781	7.05	6.97	6.66	6.57
2.782	7.02	6.98	6.62	6.57
2.783	6.99	6.98	6.59	6.57
2.784	6.95	6.98	6.55	6.58
2.785	6.91	6.98	6.51	6.58
2.786	6.87	6.98	6.48	6.59
2.787	6.83	6.99	6.46	6.59
2.788	6.80	6.99	6.44	6.59
2.789	6.78	6.99	6.43	6.60
2.790	6.77	6.99	6.44	6.60
2.791	6.77	7.00	6.45	6.61
2.792	6.77	7.00	6.48	6.61
2.793	6.79	7.00	6.50	6.62
2.794	6.80	7.01	6.53	6.62
2.795	6.82	7.01	6.56	6.63
2.796	6.85	7.01	6.58	6.64
2.797	6.87	7.02	6.60	6.64
2.798	6.89	7.02	6.63	6.65
2.799	6.91	7.02	6.65	6.65
2.800	6.93	7.03	6.67	6.66
2.801	6.95	7.03	6.70	6.67
2.802	6.98	7.04	6.73	6.67
2.803	7.00	7.04	6.76	6.68
2.804	7.03	7.05	6.79	6.68
2.805	7.06	7.05	6.84	6.69
2.806	7.09	7.05	6.88	6.70
2.807	7.12	7.06	6.91	6.70
2.808	7.14	7.06	6.94	6.71
2.809	7.16	7.07	6.97	6.71
2.810	7.18	7.07	6.98	6.72
2.811	7.20	7.07	6.99	6.72
2.812	7.21	7.08	6.98	6.73
2.813	7.22	7.08	6.97	6.73
2.814	7.23	7.08	6.95	6.74
2.815	7.22	7.09	6.93	6.74
2.816	7.22	7.09	6.92	6.75
2.817	7.20	7.09	6.91	6.75
2.818	7.19	7.10	6.90	6.75
2.819	7.17	7.10	6.89	6.76
2.820	7.16	7.10	6.89	6.76
2.821	7.15	7.10	6.88	6.76
2.822	7.13	7.11	6.88	6.77
2.823	7.11	7.11	6.87	6.77
2.824	7.10	7.11	6.86	6.77
2.825	7.09	7.11	6.86	6.77
2.826	7.09	7.11	6.87	6.77
2.827	7.10	7.12	6.88	6.78
2.828	7.11	7.12	6.89	6.78
2.829	7.12	7.12	6.89	6.78
2.830	7.12	7.12	6.88	6.78
2.831	7.13	7.12	6.88	6.78
2.832	7.13	7.12	6.87	6.78
2.833	7.12	7.12	6.87	6.78
2.834	7.12	7.12	6.86	6.78
2.835	7.11	7.12	6.86	6.78
2.836	7.10	7.12	6.86	6.78
2.837	7.10	7.12	6.86	6.78
2.838	7.10	7.12	6.86	6.78
2.839	7.11	7.12	6.87	6.78
2.840	7.11	7.12	6.88	6.78
2.841	7.12	7.12	6.89	6.78
2.842	7.13	7.12	6.90	6.77
2.843	7.15	7.12	6.91	6.77
2.844	7.16	7.12	6.91	6.77
2.845	7.17	7.12	6.92	6.77
2.846	7.19	7.12	6.92	6.77
2.847	7.19	7.12	6.92	6.76
2.848	7.20	7.12	6.93	6.76
2.849	7.20	7.12	6.93	6.76
2.850	7.20	7.12	6.93	6.76
2.851	7.20	7.12	6.93	6.75
2.852	7.21	7.12	6.94	6.75
2.853	7.21	7.11	6.94	6.75
2.854	7.22	7.11	6.94	6.74
2.855	7.22	7.11	6.93	6.74
2.856	7.22	7.11	6.92	6.74
2.857	7.21	7.11	6.90	6.73
2.858	7.20	7.11	6.87	6.73
2.859	7.18	7.11	6.85	6.73
2.860	7.15	7.11	6.82	6.72
2.861	7.13	7.10	6.79	6.72
2.862	7.10	7.10	6.75	6.72
2.863	7.07	7.10	6.72	6.71
2.864	7.04	7.10	6.69	6.71
2.865	7.01	7.10	6.65	6.71
2.866	6.98	7.10	6.62	6.70
2.867	6.95	7.10	6.58	6.70
2.868	6.92	7.10	6.53	6.70
2.869	6.88	7.10	6.49	6.70
2.870	6.84	7.10	6.45	6.69
2.871	6.79	7.10	6.41	6.69
2.872	6.75	7.10	6.39	6.69
2.873	6.72	7.10	6.38	6.69
2.874	6.70	7.10	6.39	6.69
2.875	6.70	7.11	6.43	6.69
2.876	6.72	7.11	6.47	6.69
2.877	6.76	7.11	6.52	6.69
2.878	6.80	7.11	6.57	6.68
2.879	6.85	7.11	6.62	6.68
2.880	6.91	7.12	6.67	6.68
2.881	6.97	7.12	6.74	6.68
2.882	7.03	7.12	6.80	6.68
2.883	7.09	7.12	6.87	6.68
2.884	7.16	7.12	6.94	6.68
2.885	7.23	7.13	7.01	6.68
2.886	7.31	7.13	7.08	6.67
2.887	7.38	7.13	7.12	6.67
2.888	7.45	7.13	7.15	6.67
2.889	7.49	7.13	7.16	6.67
2.890	7.51	7.13	7.15	6.66
2.891	7.52	7.13	7.14	6.66
2.892	7.51	7.13	7.11	6.65
2.893	7.49	7.13	7.08	6.65
2.894	7.46	7.13	7.04	6.64
2.895	7.42	7.12	7.00	6.64
2.896	7.39	7.12	6.95	6.63
2.897	7.35	7.12	6.92	6.62
2.898	7.32	7.11	6.88	6.62
2.899	7.30	7.11	6.86	6.61
2.900	7.27	7.10	6.83	6.60
2.901	7.26	7.10	6.81	6.59
2.902	7.24	7.09	6.79	6.58
2.903	7.23	7.09	6.78	6.57
2.904	7.22	7.08	6.76	6.56
2.905	7.21	7.07	6.73	6.55
2.906	7.19	7.06	6.71	6.54
2.907	7.17	7.05	6.68	6.53
2.908	7.15	7.05	6.66	6.52
2.909	7.13	7.04	6.63	6.51
2.910	7.11	7.03	6.60	6.50
2.911	7.09	7.02	6.58	6.49
2.912	7.07	7.01	6.56	6.48
2.913	7.06	7.00	6.55	6.47
2.914	7.04	6.99	6.54	6.46
2.915	7.02	6.98	6.52	6.45
2.916	7.00	6.97	6.49	6.43
2.917	6.98	6.96	6.47	6.42
2.918	6.96	6.95	6.44	6.41
2.919	6.94	6.93	6.42	6.40
2.920	6.92	6.92	6.41	6.40
2.921	6.89	6.91	6.39	6.39
2.922	6.87	6.90	6.38	6.38
2.923	6.85	6.89	6.38	6.37
2.924	6.83	6.88	6.37	6.36
2.925	6.81	6.87	6.36	6.35
2.926	6.80	6.86	6.34	6.35
2.927	6.79	6.85	6.33	6.34
2.928	6.78	6.85	6.32	6.33
2.929	6.77	6.84	6.32	6.33
2.930	6.76	6.83	6.31	6.32
2.931	6.75	6.82	6.31	6.32
2.932	6.72	6.82	6.30	6.32
2.933	6.70	6.81	6.29	6.31
2.934	6.68	6.80	6.28	6.31
2.935	6.67	6.80	6.27	6.31
2.936	6.66	6.79	6.27	6.31
2.937	6.66	6.79	6.27	6.31
2.938	6.66	6.79	6.28	6.31
2.939	6.67	6.78	6.29	6.31
2.940	6.67	6.78	6.30	6.31
2.941	6.67	6.78	6.31	6.32
2.942	6.66	6.78	6.31	6.32
2.943	6.65	6.78	6.30	6.32
2.944	6.63	6.78	6.28	6.33
2.945	6.62	6.78	6.27	6.33
2.946	6.61	6.78	6.26	6.34
2.947	6.60	6.78	6.26	6.35
2.948	6.60	6.79	6.27	6.35
2.949	6.61	6.79	6.28	6.36
2.950	6.62	6.80	6.30	6.37
2.951	6.63	6.80	6.32	6.38
2.952	6.64	6.81	6.33	6.39
2.953	6.66	6.81	6.35	6.40
2.954	6.67	6.82	6.37	6.41
2.955	6.69	6.83	6.39	6.43
2.956	6.71	6.84	6.41	6.44
2.957	6.74	6.85	6.44	6.45
2.958	6.77	6.86	6.47	6.47
2.959	6.80	6.87	6.50	6.48
2.960	6.83	6.88	6.52	6.49
2.961	6.85	6.89	6.54	6.51
2.962	6.86	6.90	6.56	6.52
2.963	6.86	6.91	6.57	6.54
2.964	6.86	6.93	6.59	6.55
2.965	6.87	6.94	6.62	6.57
2.966	6.88	6.95	6.65	6.58
2.967	6.90	6.96	6.68	6.60
2.968	6.92	6.98	6.71	6.62
2.969	6.95	6.99	6.73	6.63
2.970	6.97	7.01	6.76	6.65
2.971	6.99	7.02	6.78	6.66
2.972	7.02	7.03	6.81	6.68
2.973	7.04	7.05	6.83	6.69
2.974	7.06	7.06	6.84	6.71
2.975	7.09	7.07	6.86	6.72
2.976	7.11	7.09	6.89	6.74
2.977	7.14	7.10	6.92	6.75
2.978	7.18	7.12	6.96	6.76
2.979	7.21	7.13	7.00	6.78
2.980	7.25	7.14	7.04	6.79
2.981	7.28	7.15	7.06	6.80
2.982	7.31	7.17	7.08	6.81
2.983	7.34	7.18	7.10	6.83
2.984	7.38	7.19	7.13	6.84
2.985	7.42	7.20	7.17	6.85
2.986	7.46	7.21	7.22	6.85
2.987	7.51	7.22	7.26	6.86
2.988	7.54	7.23	7.30	6.87
2.989	7.57	7.24	7.32	6.88
2.990	7.59	7.24	7.33	6.88
2.991	7.60	7.25	7.31	6.89
2.992	7.59	7.26	7.26	6.89
2.993	7.55	7.26	7.20	6.90
2.994	7.51	7.27	7.14	6.90
2.995	7.46	7.27	7.08	6.91
2.996	7.41	7.28	7.02	6.91
2.997	7.36	7.28	6.98	6.91
2.998	7.31	7.29	6.94	6.91
2.999	7.27	7.29	6.91	6.91
3.000	7.23	7.29	6.89	6.91
3.001	7.20	7.29	6.88	6.91
3.002	7.19	7.30	6.88	6.91
3.003	7.18	7.30	6.88	6.91
3.004	7.19	7.30	6.88	6.91
3.005	7.20	7.30	6.90	6.90
3.006	7.21	7.30	6.91	6.90
3.007	7.22	7.30	6.92	6.90
3.008	7.23	7.30	6.93	6.89
3.009	7.23	7.30	6.94	6.89
3.010	7.23	7.30	6.94	6.89
3.011	7.23	7.30	6.94	6.88
3.012	7.23	7.30	6.94	6.88
3.013	7.23	7.29	6.94	6.87
3.014	7.24	7.29	6.94	6.86
3.015	7.24	7.29	6.94	6.86
3.016	7.24	7.29	6.93	6.85
3.017	7.24	7.29	6.93	6.84
3.018	7.23	7.28	6.91	6.84
3.019	7.23	7.28	6.90	6.83
3.020	7.22	7.28	6.89	6.82
3.021	7.21	7.27	6.88	6.81
3.022	7.21	7.27	6.88	6.80
3.023	7.20	7.26	6.87	6.80
3.024	7.19	7.26	6.86	6.79
3.025	7.19	7.26	6.86	6.78
3.026	7.18	7.25	6.86	6.77
3.027	7.19	7.25	6.85	6.76
3.028	7.19	7.24	6.85	6.74
3.029	7.21	7.23	6.85	6.73
3.030	7.23	7.23	6.85	6.72
3.031	7.25	7.22	6.85	6.71
3.032	7.27	7.22	6.85	6.70
3.033	7.28	7.21	6.86	6.69
3.034	7.29	7.20	6.86	6.67
3.035	7.30	7.19	6.86	6.66
3.036	7.30	7.19	6.85	6.65
3.037	7.30	7.18	6.84	6.63
3.038	7.30	7.17	6.84	6.62
3.039	7.30	7.16	6.83	6.60
3.040	7.30	7.15	6.83	6.59
3.041	7.31	7.14	6.83	6.57
3.042	7.31	7.13	6.83	6.56
3.043	7.32	7.12	6.83	6.54
3.044	7.32	7.11	6.82	6.53
3.045	7.33	7.10	6.82	6.51
3.046	7.34	7.09	6.81	6.50
3.047	7.34	7.08	6.80	6.48
3.048	7.34	7.07	6.78	6.47
3.049	7.33	7.06	6.76	6.45
3.050	7.31	7.04	6.73	6.43
3.051	7.29	7.03	6.70	6.42
3.052	7.26	7.02	6.66	6.40
3.053	7.22	7.01	6.61	6.39
3.054	7.18	6.99	6.56	6.37
3.055	7.14	6.98	6.51	6.36
3.056	7.10	6.97	6.46	6.34
3.057	7.06	6.96	6.42	6.33
3.058	7.02	6.95	6.38	6.31
3.059	6.97	6.93	6.34	6.30
3.060	6.92	6.92	6.29	6.29
3.061	6.87	6.91	6.25	6.28
3.062	6.81	6.90	6.20	6.26
3.063	6.75	6.89	6.16	6.25
3.064	6.70	6.88	6.11	6.24
3.065	6.66	6.87	6.06	6.24
3.066	6.62	6.87	6.03	6.23
3.067	6.59	6.86	6.01	6.22
3.068	6.57	6.85	6.01	6.21
3.069	6.56	6.85	6.01	6.21
3.070	6.56	6.84	6.02	6.20
3.071	6.57	6.84	6.03	6.20
3.072	6.58	6.83	6.04	6.20
3.073	6.58	6.83	6.04	6.20
3.074	6.59	6.83	6.04	6.20
3.075	6.58	6.83	6.04	6.20
3.076	6.58	6.83	6.04	6.20
3.077	6.58	6.83	6.05	6.21
3.078	6.58	6.84	6.06	6.21
3.079	6.59	6.84	6.07	6.22
3.080	6.61	6.84	6.08	6.23
3.081	6.62	6.85	6.09	6.23
3.082	6.63	6.86	6.10	6.24
3.083	6.65	6.86	6.12	6.25
3.084	6.66	6.87	6.13	6.27
3.085	6.66	6.88	6.14	6.28
3.086	6.66	6.89	6.15	6.29
3.087	6.66	6.91	6.15	6.31
3.088	6.67	6.92	6.16	6.32
3.089	6.68	6.93	6.18	6.34
3.090	6.71	6.95	6.20	6.36
3.091	6.74	6.96	6.24	6.37
3.092	6.78	6.98	6.28	6.39
3.093	6.81	6.99	6.32	6.41
3.094	6.85	7.01	6.36	6.43
3.095	6.89	7.03	6.41	6.45
3.096	6.94	7.04	6.46	6.47
3.097	6.99	7.06	6.51	6.49
3.098	7.04	7.08	6.56	6.51
3.099	7.08	7.10	6.60	6.54
3.100	7.11	7.12	6.64	6.56
3.101	7.13	7.14	6.67	6.58
3.102	7.15	7.16	6.70	6.60
3.103	7.17	7.18	6.73	6.62
3.104	7.19	7.20	6.77	6.64
3.105	7.21	7.22	6.81	6.67
3.106	7.24	7.24	6.86	6.69
3.107	7.27	7.26	6.91	6.71
3.108	7.32	7.27	6.96	6.73
3.109	7.37	7.29	7.01	6.75
3.110	7.43	7.31	7.05	6.77
3.111	7.47	7.33	7.10	6.79
3.112	7.52	7.35	7.15	6.80
3.113	7.57	7.36	7.20	6.82
3.114	7.61	7.38	7.25	6.84
3.115	7.67	7.39	7.30	6.85
3.116	7.72	7.41	7.34	6.87
3.117	7.77	7.42	7.38	6.88
3.118	7.81	7.43	7.40	6.89
3.119	7.84	7.45	7.42	6.91
3.120	7.86	7.46	7.42	6.92
3.121	7.87	7.47	7.42	6.93
3.122	7.88	7.48	7.41	6.94
3.123	7.88	7.48	7.40	6.94
3.124	7.87	7.49	7.38	6.95
3.125	7.86	7.50	7.36	6.96
3.126	7.84	7.50	7.33	6.96
3.127	7.81	7.51	7.30	6.96
3.128	7.78	7.51	7.28	6.97
3.129	7.74	7.51	7.25	6.97
3.130	7.70	7.51	7.22	6.97
3.131	7.67	7.51	7.19	6.97
3.132	7.65	7.51	7.17	6.97
3.133	7.62	7.51	7.15	6.97
3.134	7.61	7.51	7.13	6.97
3.135	7.59	7.51	7.11	6.96
3.136	7.57	7.51	7.09	6.96
3.137	7.55	7.50	7.06	6.96
3.138	7.52	7.50	7.04	6.95
3.139	7.50	7.49	7.02	6.95
3.140	7.48	7.49	7.02	6.94
3.141	7.48	7.48	7.02	6.93
3.142	7.49	7.48	7.03	6.93
3.143	7.51	7.47	7.03	6.92
3.144	7.52	7.46	7.03	6.91
3.145	7.51	7.46	7.02	6.91
3.146	7.49	7.45	6.99	6.90
3.147	7.46	7.44	6.96	6.89
3.148	7.42	7.43	6.92	6.88
3.149	7.38	7.43	6.89	6.87
3.150	7.33	7.42	6.86	6.87
3.151	7.30	7.41	6.84	6.86
3.152	7.27	7.40	6.82	6.85
3.153	7.26	7.39	6.81	6.84
3.154	7.25	7.39	6.79	6.84
3.155	7.24	7.38	6.78	6.83
3.156	7.23	7.37	6.76	6.82
3.157	7.21	7.37	6.74	6.81
3.158	7.19	7.36	6.72	6.81
3.159	7.18	7.35	6.71	6.80
3.160	7.16	7.35	6.70	6.79
3.161	7.15	7.34	6.69	6.79
3.162	7.14	7.34	6.68	6.78
3.163	7.13	7.33	6.68	6.78
3.164	7.13	7.33	6.68	6.77
3.165	7.12	7.32	6.68	6.77
3.166	7.12	7.32	6.68	6.77
3.167	7.11	7.31	6.67	6.76
3.168	7.10	7.31	6.66	6.76
3.169	7.09	7.31	6.64	6.76
3.170	7.08	7.31	6.63	6.76
3.171	7.07	7.31	6.61	6.76
3.172	7.08	7.30	6.60	6.75
3.173	7.08	7.30	6.60	6.75
3.174	7.09	7.30	6.61	6.75
3.175	7.11	7.30	6.63	6.75
3.176	7.13	7.30	6.66	6.75
3.177	7.16	7.30	6.69	6.76
3.178	7.20	7.30	6.73	6.76
3.179	7.24	7.30	6.77	6.76
3.180	7.28	7.31	6.81	6.76
3.181	7.31	7.31	6.85	6.76
3.182	7.34	7.31	6.89	6.76
3.183	7.36	7.31	6.93	6.76
3.184	7.40	7.31	6.97	6.77
3.185	7.43	7.31	7.01	6.77
3.186	7.47	7.31	7.05	6.77
3.187	7.51	7.31	7.09	6.77
3.188	7.55	7.32	7.14	6.77
3.189	7.59	7.32	7.19	6.78
3.190	7.63	7.32	7.23	6.78
3.191	7.67	7.32	7.26	6.78
3.192	7.69	7.32	7.28	6.78
3.193	7.71	7.32	7.27	6.78
3.194	7.70	7.32	7.25	6.78
3.195	7.68	7.32	7.22	6.78
3.196	7.64	7.32	7.18	6.78
3.197	7.60	7.32	7.13	6.78
3.198	7.55	7.32	7.08	6.78
3.199	7.50	7.32	7.03	6.78
3.200	7.46	7.32	6.99	6.78
3.201	7.43	7.32	6.95	6.78
3.202	7.40	7.31	6.92	6.78
3.203	7.38	7.31	6.90	6.78
3.204	7.36	7.31	6.88	6.78
3.205	7.34	7.31	6.86	6.79
3.206	7.32	7.31	6.83	6.79
3.207	7.29	7.31	6.80	6.79
3.208	7.25	7.31	6.78	6.79
3.209	7.21	7.31	6.75	6.79
3.210	7.17	7.31	6.72	6.79
3.211	7.14	7.31	6.70	6.79
3.212	7.12	7.31	6.69	6.80
3.213	7.11	7.31	6.68	6.80
3.214	7.10	7.31	6.69	6.80
3.215	7.10	7.31	6.69	6.81
3.216	7.10	7.32	6.69	6.81
3.217	7.10	7.32	6.70	6.82
3.218	7.09	7.32	6.71	6.82
3.219	7.09	7.33	6.72	6.83
3.220	7.10	7.33	6.73	6.83
3.221	7.11	7.33	6.74	6.84
3.222	7.13	7.34	6.76	6.85
3.223	7.15	7.34	6.77	6.86
3.224	7.18	7.35	6.79	6.86
3.225	7.21	7.35	6.80	6.87
3.226	7.23	7.36	6.80	6.88
3.227	7.23	7.37	6.80	6.89
3.228	7.22	7.37	6.79	6.90
3.229	7.20	7.38	6.77	6.91
3.230	7.17	7.39	6.77	6.92
3.231	7.16	7.40	6.77	6.94
3.232	7.17	7.41	6.79	6.95
3.233	7.21	7.41	6.83	6.96
3.234	7.27	7.42	6.89	6.97
3.235	7.34	7.43	6.96	6.98
3.236	7.41	7.44	7.03	7.00
3.237	7.48	7.45	7.10	7.01
3.238	7.53	7.46	7.15	7.02
3.239	7.57	7.47	7.19	7.04
3.240	7.60	7.48	7.22	7.05
3.241	7.62	7.49	7.25	7.06
3.242	7.64	7.50	7.29	7.07
3.243	7.67	7.50	7.34	7.09
3.244	7.71	7.51	7.39	7.10
3.245	7.76	7.52	7.45	7.11
3.246	7.81	7.53	7.49	7.12
3.247	7.85	7.54	7.53	7.14
3.248	7.88	7.54	7.54	7.15
3.249	7.89	7.55	7.54	7.16
3.250	7.87	7.56	7.53	7.17
3.251	7.83	7.56	7.50	7.18
3.252	7.79	7.57	7.48	7.19
3.253	7.74	7.57	7.44	7.20
3.254	7.70	7.58	7.40	7.21
3.255	7.66	7.58	7.36	7.22
3.256	7.63	7.59	7.33	7.22
3.257	7.61	7.59	7.31	7.23
3.258	7.59	7.59	7.31	7.24
3.259	7.58	7.60	7.31	7.25
3.260	7.58	7.60	7.32	7.25
3.261	7.58	7.60	7.33	7.26
3.262	7.59	7.60	7.34	7.26
3.263	7.58	7.61	7.35	7.27
3.264	7.57	7.61	7.35	7.27
3.265	7.54	7.61	7.34	7.28
3.266	7.52	7.61	7.34	7.28
3.267	7.50	7.61	7.34	7.29
3.268	7.49	7.61	7.35	7.29
3.269	7.50	7.61	7.35	7.29
3.270	7.51	7.61	7.36	7.29
3.271	7.53	7.61	7.37	7.30
3.272	7.56	7.61	7.39	7.30
3.273	7.57	7.61	7.40	7.30
3.274	7.58	7.61	7.41	7.30
3.275	7.57	7.61	7.41	7.30
3.276	7.56	7.61	7.42	7.30
3.277	7.56	7.61	7.43	7.30
3.278	7.57	7.61	7.45	7.30
3.279	7.60	7.61	7.47	7.29
3.280	7.63	7.60	7.49	7.29
3.281	7.67	7.60	7.50	7.29
3.282	7.71	7.60	7.52	7.29
3.283	7.75	7.59	7.52	7.28
3.284	7.77	7.59	7.53	7.28
3.285	7.79	7.59	7.53	7.28
3.286	7.79	7.58	7.54	7.27
3.287	7.80	7.58	7.56	7.27
3.288	7.81	7.58	7.57	7.26
3.289	7.81	7.57	7.59	7.25
3.290	7.82	7.57	7.59	7.25
3.291	7.81	7.56	7.58	7.24
3.292	7.79	7.56	7.56	7.23
3.293	7.77	7.55	7.52	7.23
3.294	7.73	7.54	7.48	7.22
3.295	7.69	7.54	7.44	7.21
3.296	7.65	7.53	7.39	7.20
3.297	7.60	7.53	7.34	7.20
3.298	7.55	7.52	7.29	7.19
3.299	7.51	7.51	7.24	7.18
3.300	7.46	7.51	7.19	7.17
3.301	7.41	7.50	7.13	7.16
3.302	7.35	7.50	7.08	7.16
3.303	7.30	7.49	7.02	7.15
3.304	7.24	7.49	6.97	7.14
3.305	7.19	7.48	6.91	7.14
3.306	7.15	7.48	6.86	7.13
3.307	7.11	7.47	6.80	7.12
3.308	7.08	7.47	6.76	7.12
3.309	7.06	7.46	6.75	7.11
3.310	7.05	7.46	6.75	7.11
3.311	7.06	7.46	6.78	7.10
3.312	7.09	7.45	6.81	7.10
3.313	7.12	7.45	6.85	7.09
3.314	7.15	7.45	6.88	7.09
3.315	7.19	7.45	6.92	7.08
3.316	7.23	7.45	6.96	7.08
3.317	7.27	7.45	7.00	7.08
3.318	7.32	7.44	7.06	7.08
3.319	7.38	7.44	7.12	7.07
3.320	7.44	7.44	7.18	7.07
3.321	7.50	7.44	7.24	7.07
3.322	7.56	7.44	7.29	7.07
3.323	7.60	7.44	7.32	7.07
3.324	7.63	7.44	7.35	7.06
3.325	7.65	7.44	7.36	7.06
3.326	7.66	7.44	7.37	7.06
3.327	7.66	7.44	7.36	7.06
3.328	7.65	7.44	7.34	7.06
3.329	7.64	7.44	7.32	7.05
3.330	7.63	7.43	7.30	7.05
3.331	7.61	7.43	7.28	7.05
3.332	7.60	7.43	7.26	7.05
3.333	7.60	7.43	7.25	7.04
3.334	7.59	7.43	7.25	7.04
3.335	7.59	7.42	7.25	7.04
3.336	7.59	7.42	7.25	7.03
3.337	7.58	7.42	7.25	7.03
3.338	7.58	7.42	7.25	7.03
3.339	7.57	7.41	7.25	7.02
3.340	7.55	7.41	7.24	7.02
3.341	7.52	7.40	7.23	7.01
3.342	7.49	7.40	7.21	7.01
3.343	7.46	7.40	7.19	7.00
3.344	7.43	7.39	7.16	7.00
3.345	7.41	7.39	7.14	6.99
3.346	7.40	7.38	7.11	6.99
3.347	7.38	7.38	7.08	6.98
3.348	7.37	7.37	7.05	6.98
3.349	7.36	7.37	7.03	6.97
3.350	7.35	7.36	7.01	6.97
3.351	7.34	7.36	7.00	6.96
3.352	7.32	7.35	6.99	6.96
3.353	7.30	7.35	6.98	6.95
3.354	7.28	7.34	6.98	6.95
3.355	7.27	7.34	7.00	6.94
3.356	7.27	7.33	7.01	6.94
3.357	7.28	7.33	7.02	6.93
3.358	7.28	7.32	7.02	6.93
3.359	7.29	7.32	7.02	6.92
3.360	7.29	7.31	7.02	6.92
3.361	7.28	7.31	7.01	6.91
3.362	7.28	7.30	7.00	6.91
3.363	7.27	7.30	6.98	6.90
3.364	7.27	7.29	6.96	6.90
3.365	7.27	7.29	6.95	6.89
3.366	7.27	7.28	6.94	6.89
3.367	7.27	7.28	6.95	6.88
3.368	7.27	7.28	6.95	6.88
3.369	7.27	7.27	6.96	6.88
3.370	7.26	7.27	6.95	6.87
3.371	7.25	7.26	6.95	6.87
3.372	7.24	7.26	6.93	6.87
3.373	7.23	7.26	6.92	6.86
3.374	7.21	7.25	6.89	6.86
3.375	7.19	7.25	6.86	6.86
3.376	7.17	7.25	6.83	6.86
3.377	7.15	7.25	6.81	6.85
3.378	7.14	7.24	6.79	6.85
3.379	7.13	7.24	6.79	6.85
3.380	7.12	7.24	6.80	6.85
3.381	7.12	7.24	6.80	6.85
3.382	7.12	7.24	6.80	6.84
3.383	7.13	7.23	6.79	6.84
3.384	7.13	7.23	6.79	6.84
3.385	7.13	7.23	6.78	6.84
3.386	7.13	7.23	6.77	6.84
3.387	7.12	7.23	6.77	6.84
3.388	7.11	7.23	6.78	6.84
3.389	7.10	7.23	6.79	6.84
3.390	7.09	7.23	6.80	6.84
3.391	7.09	7.23	6.83	6.84
3.392	7.11	7.23	6.86	6.84
3.393	7.14	7.23	6.89	6.84
3.394	7.17	7.23	6.91	6.84
3.395	7.20	7.22	6.94	6.84
3.396	7.23	7.22	6.96	6.84
3.397	7.26	7.22	6.99	6.84
3.398	7.28	7.22	7.01	6.84
3.399	7.30	7.22	7.04	6.84
3.400	7.31	7.22	7.07	6.84
3.401	7.33	7.22	7.11	6.83
3.402	7.36	7.22	7.14	6.83
3.403	7.38	7.21	7.17	6.83
3.404	7.42	7.21	7.20	6.83
3.405	7.45	7.21	7.22	6.82
3.406	7.48	7.21	7.25	6.82
3.407	7.49	7.20	7.26	6.82
3.408	7.50	7.20	7.25	6.81
3.409	7.49	7.20	7.23	6.81
3.410	7.47	7.19	7.19	6.80
3.411	7.44	7.19	7.15	6.80
3.412	7.41	7.18	7.10	6.79
3.413	7.39	7.18	7.07	6.79
3.414	7.37	7.17	7.05	6.78
3.415	7.36	7.16	7.04	6.77
3.416	7.35	7.16	7.02	6.77
3.417	7.34	7.15	7.00	6.76
3.418	7.32	7.14	6.96	6.75
3.419	7.28	7.14	6.91	6.75
3.420	7.25	7.13	6.85	6.74
3.421	7.21	7.12	6.81	6.73
3.422	7.17	7.12	6.78	6.72
3.423	7.13	7.11	6.76	6.72
3.424	7.09	7.10	6.74	6.71
3.425	7.05	7.09	6.73	6.70
3.426	7.01	7.09	6.70	6.69
3.427	6.97	7.08	6.67	6.69
3.428	6.93	7.07	6.62	6.68
3.429	6.89	7.07	6.58	6.68
3.430	6.86	7.06	6.52	6.67
3.431	6.81	7.05	6.46	6.66
3.432	6.77	7.05	6.40	6.66
3.433	6.72	7.04	6.36	6.65
3.434	6.68	7.04	6.34	6.65
3.435	6.66	7.03	6.34	6.64
3.436	6.66	7.03	6.37	6.64
3.437	6.68	7.02	6.40	6.64
3.438	6.71	7.02	6.44	6.63
3.439	6.75	7.02	6.48	6.63
3.440	6.78	7.01	6.51	6.63
3.441	6.81	7.01	6.53	6.63
3.442	6.85	7.01	6.55	6.63
3.443	6.89	7.01	6.59	6.62
3.444	6.93	7.01	6.64	6.62
3.445	6.98	7.00	6.69	6.62
3.446	7.03	7.00	6.75	6.62
3.447	7.07	7.00	6.80	6.62
3.448	7.12	7.00	6.85	6.62
3.449	7.17	7.00	6.91	6.62
3.450	7.22	7.00	6.96	6.62
3.451	7.26	7.00	7.02	6.62
3.452	7.30	7.00	7.06	6.62
3.453	7.31	7.00	7.08	6.62
3.454	7.31	7.00	7.08	6.62
3.455	7.29	7.00	7.05	6.62
3.456	7.26	6.99	7.01	6.62
3.457	7.23	6.99	6.97	6.62
3.458	7.20	6.99	6.93	6.62
3.459	7.16	6.99	6.89	6.62
3.460	7.13	6.99	6.86	6.62
3.461	7.10	6.99	6.84	6.62
3.462	7.08	6.99	6.82	6.62
3.463	7.06	6.99	6.80	6.62
3.464	7.03	6.99	6.77	6.62
3.465	7.01	6.99	6.74	6.62
3.466	6.98	6.99	6.71	6.62
3.467	6.95	6.99	6.67	6.62
3.468	6.92	6.99	6.64	6.62
3.469	6.90	6.99	6.61	6.62
3.470	6.89	6.99	6.58	6.62
3.471	6.89	7.00	6.56	6.63
3.472	6.89	7.00	6.56	6.63
3.473	6.90	7.00	6.56	6.63
3.474	6.91	7.00	6.59	6.63
3.475	6.91	7.00	6.61	6.64
3.476	6.91	7.01	6.62	6.64
3.477	6.91	7.01	6.63	6.64
3.478	6.92	7.01	6.62	6.65
3.479	6.92	7.02	6.61	6.65
3.480	6.92	7.02	6.60	6.66
3.481	6.91	7.03	6.59	6.66
3.482	6.91	7.03	6.58	6.67
3.483	6.90	7.04	6.58	6.68
3.484	6.90	7.04	6.58	6.68
3.485	6.90	7.05	6.59	6.69
3.486	6.89	7.06	6.60	6.70
3.487	6.90	7.06	6.61	6.71
3.488	6.91	7.07	6.63	6.72
3.489	6.93	7.08	6.65	6.73
3.490	6.95	7.09	6.68	6.74
3.491	6.98	7.10	6.72	6.75
3.492	7.01	7.11	6.75	6.76
3.493	7.04	7.11	6.79	6.77
3.494	7.08	7.12	6.83	6.78
3.495	7.11	7.13	6.86	6.79
3.496	7.14	7.14	6.90	6.80
3.497	7.17	7.15	6.93	6.81
3.498	7.19	7.16	6.95	6.82
3.499	7.21	7.17	6.96	6.84
3.500	7.22	7.18	6.98	6.85
3.501	7.23	7.19	6.98	6.86
3.502	7.23	7.20	7.00	6.87
3.503	7.24	7.21	7.01	6.88
3.504	7.26	7.22	7.04	6.89
3.505	7.28	7.23	7.06	6.91
3.506	7.31	7.24	7.09	6.92
3.507	7.33	7.25	7.11	6.93
3.508	7.35	7.26	7.12	6.94
3.509	7.37	7.27	7.14	6.95
3.510	7.38	7.28	7.15	6.96
3.511	7.39	7.29	7.17	6.97
3.512	7.40	7.30	7.19	6.98
3.513	7.41	7.31	7.20	6.99
3.514	7.42	7.31	7.21	7.00
3.515	7.43	7.32	7.22	7.01
3.516	7.43	7.33	7.22	7.02
3.517	7.43	7.34	7.22	7.03
3.518	7.43	7.35	7.21	7.04
3.519	7.42	7.35	7.19	7.05
3.520	7.40	7.36	7.18	7.06
3.521	7.39	7.37	7.17	7.06
3.522	7.38	7.37	7.17	7.07
3.523	7.37	7.38	7.17	7.08
3.524	7.37	7.39	7.18	7.08
3.525	7.37	7.39	7.20	7.09
3.526	7.38	7.40	7.20	7.10
3.527	7.38	7.40	7.21	7.10
3.528	7.39	7.41	7.21	7.11
3.529	7.39	7.41	7.21	7.11
3.530	7.39	7.41	7.21	7.12
3.531	7.40	7.42	7.21	7.12
3.532	7.40	7.42	7.22	7.13
3.533	7.42	7.42	7.23	7.13
3.534	7.43	7.43	7.25	7.13
3.535	7.44	7.43	7.27	7.14
3.536	7.46	7.43	7.29	7.14
3.537	7.48	7.43	7.31	7.14
3.538	7.49	7.44	7.34	7.14
3.539	7.51	7.44	7.36	7.14
3.540	7.53	7.44	7.38	7.14
3.541	7.55	7.44	7.39	7.14
3.542	7.58	7.44	7.40	7.14
3.543	7.60	7.44	7.41	7.14
3.544	7.62	7.44	7.42	7.14
3.545	7.64	7.44	7.43	7.14
3.546	7.66	7.43	7.45	7.14
3.547	7.67	7.43	7.46	7.14
3.548	7.68	7.43	7.46	7.14
3.549	7.68	7.43	7.45	7.14
3.550	7.67	7.43	7.42	7.13
3.551	7.64	7.42	7.39	7.13
3.552	7.61	7.42	7.35	7.13
3.553	7.58	7.42	7.31	7.12
3.554	7.54	7.41	7.27	7.12
3.555	7.50	7.41	7.22	7.12
3.556	7.46	7.41	7.18	7.12
3.557	7.42	7.40	7.13	7.11
3.558	7.37	7.40	7.07	7.11
3.559	7.32	7.40	7.02	7.11
3.560	7.27	7.39	6.97	7.11
3.561	7.23	7.39	6.92	7.10
3.562	7.19	7.39	6.89	7.10
3.563	7.16	7.39	6.87	7.10
3.564	7.12	7.38	6.86	7.10
3.565	7.10	7.38	6.85	7.10
3.566	7.07	7.38	6.86	7.10
3.567	7.07	7.38	6.88	7.10
3.568	7.08	7.38	6.90	7.10
3.569	7.10	7.38	6.94	7.10
3.570	7.13	7.38	6.96	7.10
3.571	7.16	7.38	6.99	7.10
3.572	7.19	7.38	7.01	7.10
3.573	7.21	7.38	7.02	7.10
3.574	7.22	7.38	7.03	7.10
3.575	7.23	7.38	7.03	7.11
3.576	7.23	7.38	7.03	7.11
3.577	7.24	7.38	7.03	7.11
3.578	7.25	7.38	7.04	7.11
3.579	7.26	7.39	7.05	7.12
3.580	7.27	7.39	7.05	7.12
3.581	7.27	7.39	7.05	7.12
3.582	7.26	7.40	7.05	7.13
3.583	7.24	7.40	7.05	7.13
3.584	7.22	7.40	7.05	7.13
3.585	7.21	7.41	7.06	7.14
3.586	7.22	7.41	7.09	7.14
3.587	7.23	7.41	7.12	7.14
3.588	7.27	7.42	7.16	7.15
3.589	7.30	7.42	7.21	7.15
3.590	7.34	7.43	7.26	7.15
3.591	7.38	7.43	7.30	7.15
3.592	7.40	7.43	7.34	7.15
3.593	7.42	7.44	7.37	7.16
3.594	7.44	7.44	7.39	7.16
3.595	7.45	7.44	7.41	7.15
3.596	7.46	7.44	7.42	7.15
3.597	7.47	7.44	7.42	7.15
3.598	7.49	7.45	7.43	7.15
3.599	7.51	7.45	7.44	7.15
3.600	7.55	7.45	7.47	7.14
3.601	7.59	7.44	7.53	7.14
3.602	7.65	7.44	7.58	7.13
3.603	7.71	7.44	7.63	7.12
3.604	7.78	7.44	7.67	7.11
3.605	7.84	7.43	7.68	7.10
3.606	7.88	7.43	7.68	7.09
3.607	7.90	7.42	7.65	7.08
3.608	7.89	7.42	7.60	7.07
3.609	7.86	7.41	7.54	7.06
3.610	7.83	7.40	7.49	7.04
3.611	7.79	7.39	7.43	7.03
3.612	7.75	7.38	7.39	7.01
3.613	7.71	7.37	7.34	6.99
3.614	7.66	7.36	7.30	6.97
3.615	7.61	7.34	7.26	6.96
3.616	7.55	7.33	7.21	6.94
3.617	7.50	7.31	7.17	6.92
3.618	7.45	7.30	7.12	6.90
3.619	7.41	7.28	7.07	6.87
3.620	7.37	7.27	7.01	6.85
3.621	7.33	7.25	6.96	6.83
3.622	7.30	7.23	6.92	6.81
3.623	7.27	7.21	6.88	6.78
3.624	7.24	7.19	6.84	6.76
3.625	7.22	7.17	6.81	6.73
3.626	7.20	7.15	6.79	6.71
3.627	7.17	7.13	6.77	6.69
3.628	7.15	7.11	6.75	6.66
3.629	7.13	7.09	6.73	6.64
3.630	7.11	7.07	6.69	6.61
3.631	7.08	7.05	6.65	6.59
3.632	7.06	7.02	6.61	6.57
3.633	7.03	7.00	6.58	6.54
3.634	7.00	6.98	6.55	6.52
3.635	6.96	6.96	6.52	6.50
3.636	6.92	6.94	6.49	6.47
3.637	6.87	6.92	6.45	6.45
3.638	6.83	6.89	6.41	6.43
3.639	6.80	6.87	6.37	6.41
3.640	6.78	6.85	6.34	6.39
3.641	6.77	6.83	6.32	6.37
3.642	6.76	6.81	6.30	6.35
3.643	6.76	6.79	6.29	6.33
3.644	6.75	6.78	6.28	6.32
3.645	6.74	6.76	6.27	6.30
3.646	6.72	6.74	6.26	6.29
3.647	6.70	6.72	6.23	6.27
3.648	6.67	6.71	6.20	6.26
3.649	6.63	6.69	6.16	6.25
3.650	6.59	6.68	6.11	6.24
3.651	6.53	6.66	6.06	6.23
3.652	6.48	6.65	6.03	6.22
3.653	6.44	6.64	6.00	6.21
3.654	6.40	6.63	5.97	6.21
3.655	6.36	6.62	5.95	6.20
3.656	6.33	6.61	5.93	6.20
3.657	6.30	6.60	5.92	6.19
3.658	6.26	6.59	5.90	6.19
3.659	6.23	6.59	5.88	6.19
3.660	6.20	6.58	5.86	6.19
3.661	6.17	6.58	5.85	6.20
3.662	6.14	6.58	5.85	6.20
3.663	6.12	6.58	5.87	6.20
3.664	6.12	6.58	5.92	6.21
3.665	6.13	6.58	5.96	6.22
3.666	6.16	6.58	6.02	6.22
3.667	6.19	6.58	6.07	6.23
3.668	6.24	6.59	6.12	6.24
3.669	6.29	6.59	6.18	6.25
3.670	6.35	6.60	6.24	6.26
3.671	6.41	6.61	6.30	6.27
3.672	6.47	6.61	6.36	6.28
3.673	6.53	6.62	6.41	6.30
3.674	6.59	6.63	6.46	6.31
3.675	6.64	6.64	6.51	6.32
3.676	6.69	6.65	6.55	6.34
3.677	6.74	6.66	6.60	6.35
3.678	6.78	6.67	6.65	6.36
3.679	6.82	6.69	6.70	6.38
3.680	6.85	6.70	6.74	6.39
3.681	6.88	6.71	6.77	6.40
3.682	6.91	6.72	6.80	6.42
3.683	6.93	6.73	6.82	6.43
3.684	6.96	6.75	6.84	6.44
3.685	6.99	6.76	6.85	6.45
3.686	7.02	6.77	6.85	6.47
3.687	7.04	6.78	6.85	6.48
3.688	7.05	6.79	6.84	6.49
3.689	7.05	6.81	6.82	6.50
3.690	7.04	6.82	6.81	6.51
3.691	7.03	6.83	6.80	6.52
3.692	7.03	6.84	6.79	6.53
3.693	7.02	6.85	6.77	6.54
3.694	7.02	6.86	6.76	6.55
3.695	7.01	6.87	6.75	6.55
3.696	7.00	6.88	6.75	6.56
3.697	6.99	6.89	6.75	6.57
3.698	6.97	6.90	6.74	6.57
3.699	6.96	6.91	6.74	6.58
3.700	6.94	6.91	6.73	6.58
3.701	6.93	6.92	6.73	6.59
3.702	6.92	6.93	6.71	6.59
3.703	6.92	6.93	6.70	6.59
3.704	6.91	6.94	6.69	6.60
3.705	6.91	6.95	6.68	6.60
3.706	6.92	6.95	6.68	6.60
3.707	6.93	6.96	6.68	6.60
3.708	6.94	6.96	6.70	6.60
3.709	6.97	6.97	6.72	6.60
3.710	7.00	6.97	6.75	6.60
3.711	7.04	6.97	6.79	6.60
3.712	7.09	6.97	6.84	6.60
3.713	7.13	6.98	6.89	6.60
3.714	7.17	6.98	6.94	6.59
3.715	7.21	6.98	6.98	6.59
3.716	7.25	6.98	7.03	6.59
3.717	7.29	6.98	7.07	6.58
3.718	7.34	6.98	7.11	6.58
3.719	7.39	6.98	7.14	6.57
3.720	7.44	6.97	7.15	6.57
3.721	7.49	6.97	7.13	6.56
3.722	7.51	6.97	7.05	6.55
3.723	7.50	6.97	6.91	6.55
3.724	7.42	6.96	6.72	6.54
3.725	7.27	6.96	6.52	6.53
3.726	7.08	6.96	6.35	6.53
3.727	6.88	6.95	6.24	6.52
3.728	6.71	6.95	6.18	6.51
3.729	6.61	6.94	6.17	6.51
3.730	6.55	6.94	6.18	6.50
3.731	6.54	6.94	6.21	6.50
3.732	6.56	6.93	6.23	6.49
3.733	6.59	6.93	6.26	6.49
3.734	6.62	6.92	6.29	6.48
3.735	6.65	6.92	6.31	6.48
3.736	6.68	6.92	6.32	6.47
3.737	6.69	6.92	6.33	6.47
3.738	6.71	6.91	6.35	6.47
3.739	6.72	6.91	6.36	6.46
3.740	6.73	6.91	6.37	6.46
3.741	6.74	6.91	6.39	6.46
3.742	6.76	6.91	6.41	6.46
3.743	6.77	6.91	6.42	6.46
3.744	6.79	6.91	6.44	6.46
3.745	6.80	6.91	6.45	6.46
3.746	6.81	6.91	6.46	6.46
3.747	6.83	6.91	6.48	6.46
3.748	6.84	6.91	6.49	6.46
3.749	6.86	6.91	6.50	6.46
3.750	6.88	6.92	6.52	6.46
3.751	6.90	6.92	6.53	6.47
3.752	6.91	6.92	6.55	6.47
3.753	6.93	6.93	6.56	6.47
3.754	6.93	6.93	6.57	6.48
3.755	6.93	6.94	6.58	6.48
3.756	6.93	6.94	6.58	6.48
3.757	6.91	6.94	6.58	6.49
3.758	6.90	6.95	6.57	6.49
3.759	6.89	6.96	6.56	6.50
3.760	6.88	6.96	6.55	6.50
3.761	6.88	6.97	6.54	6.51
3.762	6.88	6.97	6.54	6.51
3.763	6.89	6.98	6.55	6.52
3.764	6.90	6.99	6.56	6.53
3.765	6.91	7.00	6.57	6.53
3.766	6.92	7.00	6.59	6.54
3.767	6.94	7.01	6.61	6.55
3.768	6.95	7.02	6.63	6.55
3.769	6.97	7.03	6.65	6.56
3.770	7.00	7.04	6.67	6.56
3.771	7.02	7.04	6.69	6.57
3.772	7.04	7.05	6.71	6.58
3.773	7.06	7.06	6.74	6.58
3.774	7.09	7.07	6.76	6.59
3.775	7.11	7.08	6.79	6.60
3.776	7.14	7.09	6.82	6.60
3.777	7.17	7.09	6.84	6.61
3.778	7.20	7.10	6.86	6.62
3.779	7.22	7.11	6.87	6.62
3.780	7.24	7.12	6.88	6.63
3.781	7.26	7.13	6.89	6.63
3.782	7.28	7.14	6.90	6.64
3.783	7.29	7.14	6.91	6.64
3.784	7.31	7.15	6.91	6.65
3.785	7.32	7.16	6.91	6.65
3.786	7.33	7.17	6.90	6.66
3.787	7.34	7.17	6.89	6.66
3.788	7.35	7.18	6.88	6.67
3.789	7.35	7.19	6.86	6.67
3.790	7.35	7.19	6.85	6.67
3.791	7.35	7.20	6.84	6.68
3.792	7.35	7.21	6.84	6.68
3.793	7.34	7.21	6.83	6.68
3.794	7.34	7.22	6.82	6.69
3.795	7.34	7.22	6.81	6.69
3.796	7.33	7.23	6.80	6.70
3.797	7.31	7.23	6.78	6.70
3.798	7.29	7.24	6.76	6.70
3.799	7.26	7.24	6.74	6.71
3.800	7.23	7.25	6.71	6.71
3.801	7.20	7.25	6.68	6.71
3.802	7.17	7.26	6.65	6.72
3.803	7.15	7.26	6.63	6.72
3.804	7.13	7.27	6.62	6.72
3.805	7.11	7.27	6.62	6.73
3.806	7.10	7.28	6.63	6.73
3.807	7.10	7.28	6.65	6.74
3.808	7.11	7.29	6.67	6.74
3.809	7.12	7.29	6.70	6.75
3.810	7.15	7.30	6.72	6.75
3.811	7.17	7.30	6.74	6.76
3.812	7.19	7.31	6.75	6.76
3.813	7.22	7.31	6.77	6.77
3.814	7.25	7.32	6.79	6.77
3.815	7.28	7.32	6.82	6.78
3.816	7.31	7.33	6.86	6.78
3.817	7.34	7.33	6.90	6.79
3.818	7.37	7.34	6.94	6.79
3.819	7.40	7.34	6.97	6.80
3.820	7.43	7.35	7.01	6.80
3.821	7.46	7.36	7.04	6.81
3.822	7.49	7.36	7.07	6.82
3.823	7.52	7.37	7.08	6.82
3.824	7.54	7.37	7.09	6.83
3.825	7.54	7.38	7.08	6.83
3.826	7.54	7.38	7.06	6.84
3.827	7.52	7.39	7.03	6.84
3.828	7.50	7.39	7.01	6.85
3.829	7.48	7.39	6.99	6.85
3.830	7.47	7.40	6.98	6.86
3.831	7.46	7.40	6.97	6.86
3.832	7.44	7.41	6.95	6.87
3.833	7.43	7.41	6.93	6.87
3.834	7.41	7.42	6.89	6.88
3.835	7.38	7.42	6.85	6.88
3.836	7.36	7.43	6.83	6.89
3.837	7.34	7.43	6.83	6.89
3.838	7.32	7.44	6.82	6.90
3.839	7.29	7.44	6.81	6.91
3.840	7.26	7.45	6.78	6.91
3.841	7.22	7.45	6.75	6.92
3.842	7.18	7.46	6.72	6.92
3.843	7.15	7.46	6.71	6.93
3.844	7.13	7.47	6.71	6.93
3.845	7.13	7.47	6.74	6.94
3.846	7.14	7.48	6.79	6.94
3.847	7.18	7.48	6.85	6.95
3.848	7.22	7.49	6.92	6.95
3.849	7.28	7.49	6.99	6.96
3.850	7.35	7.50	7.07	6.96
3.851	7.43	7.50	7.16	6.97
3.852	7.52	7.51	7.24	6.97
3.853	7.61	7.51	7.33	6.97
3.854	7.69	7.52	7.40	6.98
3.855	7.77	7.52	7.45	6.98
3.856	7.84	7.53	7.49	6.98
3.857	7.90	7.53	7.50	6.98
3.858	7.93	7.53	7.50	6.98
3.859	7.95	7.54	7.49	6.99
3.860	7.94	7.54	7.46	6.99
3.861	7.92	7.54	7.42	6.99
3.862	7.89	7.54	7.37	6.98
3.863	7.85	7.54	7.33	6.98
3.864	7.81	7.54	7.28	6.98
3.865	7.76	7.54	7.23	6.98
3.866	7.72	7.54	7.19	6.98
3.867	7.69	7.54	7.16	6.97
3.868	7.66	7.54	7.13	6.97
3.869	7.64	7.54	7.11	6.97
3.870	7.62	7.54	7.09	6.96
3.871	7.61	7.53	7.08	6.96
3.872	7.61	7.53	7.06	6.95
3.873	7.60	7.53	7.04	6.95
3.874	7.59	7.53	7.02	6.95
3.875	7.58	7.52	7.00	6.94
3.876	7.56	7.52	6.99	6.94
3.877	7.54	7.52	6.97	6.93
3.878	7.52	7.51	6.95	6.93
3.879	7.49	7.51	6.93	6.92
3.880	7.46	7.51	6.91	6.92
3.881	7.43	7.50	6.89	6.91
3.882	7.41	7.50	6.87	6.91
3.883	7.38	7.49	6.86	6.90
3.884	7.37	7.49	6.85	6.90
3.885	7.35	7.49	6.85	6.89
3.886	7.34	7.49	6.84	6.89
3.887	7.33	7.48	6.82	6.89
3.888	7.32	7.48	6.81	6.88
3.889	7.31	7.48	6.80	6.88
3.890	7.30	7.47	6.78	6.88
3.891	7.28	7.47	6.77	6.87
3.892	7.27	7.47	6.76	6.87
3.893	7.26	7.47	6.75	6.87
3.894	7.25	7.47	6.73	6.87
3.895	7.24	7.47	6.72	6.86
3.896	7.24	7.47	6.72	6.86
3.897	7.24	7.47	6.73	6.86
3.898	7.26	7.46	6.76	6.86
3.899	7.28	7.46	6.79	6.86
3.900	7.31	7.46	6.82	6.86
3.901	7.34	7.47	6.85	6.86
3.902	7.36	7.47	6.88	6.86
3.903	7.38	7.47	6.90	6.86
3.904	7.40	7.47	6.93	6.86
3.905	7.42	7.47	6.95	6.86
3.906	7.45	7.47	6.97	6.86
3.907	7.48	7.47	6.99	6.86
3.908	7.51	7.47	7.01	6.86
3.909	7.53	7.47	7.03	6.86
3.910	7.55	7.47	7.06	6.86
3.911	7.56	7.47	7.08	6.86
3.912	7.58	7.48	7.10	6.87
3.913	7.59	7.48	7.12	6.87
3.914	7.61	7.48	7.13	6.87
3.915	7.62	7.48	7.14	6.87
3.916	7.63	7.48	7.14	6.87
3.917	7.63	7.48	7.14	6.86
3.918	7.64	7.48	7.13	6.86
3.919	7.64	7.48	7.12	6.86
3.920	7.64	7.48	7.11	6.86
3.921	7.64	7.48	7.10	6.86
3.922	7.64	7.48	7.09	6.86
3.923	7.63	7.47	7.07	6.86
3.924	7.62	7.47	7.06	6.86
3.925	7.61	7.47	7.06	6.85
3.926	7.60	7.47	7.05	6.85
3.927	7.59	7.47	7.04	6.85
3.928	7.58	7.46	7.03	6.85
3.929	7.57	7.46	7.00	6.84
3.930	7.56	7.46	6.98	6.84
3.931	7.54	7.46	6.96	6.84
3.932	7.53	7.45	6.95	6.83
3.933	7.51	7.45	6.93	6.83
3.934	7.50	7.45	6.92	6.83
3.935	7.48	7.44	6.91	6.83
3.936	7.47	7.44	6.90	6.82
3.937	7.46	7.43	6.89	6.82
3.938	7.45	7.43	6.88	6.82
3.939	7.44	7.43	6.88	6.81
3.940	7.43	7.42	6.87	6.81
3.941	7.42	7.42	6.86	6.81
3.942	7.40	7.41	6.85	6.80
3.943	7.39	7.41	6.84	6.80
3.944	7.37	7.41	6.82	6.80
3.945	7.34	7.40	6.80	6.80
3.946	7.32	7.40	6.79	6.79
3.947	7.29	7.40	6.78	6.79
3.948	7.27	7.39	6.77	6.79
3.949	7.26	7.39	6.77	6.79
3.950	7.26	7.39	6.77	6.79
3.951	7.26	7.38	6.77	6.78
3.952	7.26	7.38	6.77	6.78
3.953	7.26	7.38	6.76	6.78
3.954	7.25	7.38	6.74	6.78
3.955	7.24	7.37	6.72	6.78
3.956	7.22	7.37	6.72	6.78
3.957	7.22	7.37	6.73	6.78
3.958	7.22	7.37	6.76	6.78
3.959	7.23	7.37	6.78	6.78
3.960	7.25	7.37	6.81	6.78
3.961	7.26	7.37	6.83	6.78
3.962	7.28	7.36	6.83	6.78
3.963	7.30	7.36	6.84	6.78
3.964	7.31	7.36	6.84	6.78
3.965	7.32	7.36	6.85	6.78
3.966	7.33	7.36	6.86	6.78
3.967	7.35	7.36	6.88	6.78
3.968	7.36	7.36	6.90	6.78
3.969	7.38	7.36	6.92	6.79
3.970	7.41	7.36	6.94	6.79
3.971	7.43	7.36	6.95	6.79
3.972	7.44	7.36	6.96	6.79
3.973	7.45	7.36	6.96	6.79
3.974	7.46	7.36	6.97	6.79
3.975	7.46	7.36	6.97	6.79
3.976	7.46	7.36	6.96	6.79
3.977	7.46	7.36	6.96	6.79
3.978	7.45	7.36	6.96	6.79
3.979	7.45	7.36	6.96	6.79
3.980	7.44	7.36	6.96	6.79
3.981	7.43	7.36	6.96	6.79
3.982	7.43	7.36	6.96	6.79
3.983	7.43	7.36	6.95	6.79
3.984	7.44	7.36	6.95	6.79
3.985	7.44	7.36	6.95	6.79
3.986	7.43	7.36	6.95	6.79
3.987	7.43	7.36	6.95	6.79
3.988	7.42	7.36	6.95	6.79
3.989	7.42	7.36	6.96	6.79
3.990	7.42	7.35	6.96	6.79
3.991	7.43	7.35	6.97	6.79
3.992	7.44	7.35	6.97	6.79
3.993	7.45	7.35	6.97	6.79
3.994	7.45	7.35	6.96	6.79
3.995	7.43	7.35	6.94	6.79
3.996	7.41	7.34	6.92	6.79
3.997	7.40	7.34	6.90	6.78
3.998	7.38	7.34	6.88	6.78
3.999	7.36	7.34	6.87	6.78
4.000	7.35	7.34	6.85	6.78
4.001	7.35	7.34	6.84	6.78
4.002	7.34	7.33	6.84	6.78
4.003	7.32	7.33	6.84	6.78
4.004	7.31	7.33	6.83	6.78
4.005	7.31	7.33	6.82	6.78
4.006	7.30	7.33	6.81	6.78
4.007	7.29	7.33	6.80	6.78
4.008	7.28	7.33	6.78	6.77
4.009	7.26	7.33	6.76	6.77
4.010	7.25	7.32	6.74	6.77
4.011	7.23	7.32	6.73	6.77
4.012	7.22	7.32	6.74	6.77
4.013	7.22	7.32	6.76	6.78
4.014	7.21	7.32	6.77	6.78
4.015	7.21	7.32	6.78	6.78
4.016	7.21	7.32	6.78	6.78
4.017	7.20	7.32	6.77	6.78
4.018	7.20	7.33	6.75	6.78
4.019	7.20	7.33	6.74	6.78
4.020	7.20	7.33	6.72	6.78
4.021	7.19	7.33	6.71	6.78
4.022	7.18	7.33	6.71	6.79
4.023	7.17	7.33	6.70	6.79
4.024	7.16	7.34	6.71	6.79
4.025	7.16	7.34	6.71	6.79
4.026	7.15	7.34	6.73	6.79
4.027	7.16	7.34	6.75	6.80
4.028	7.18	7.35	6.78	6.80
4.029	7.21	7.35	6.82	6.80
4.030	7.25	7.35	6.86	6.80
4.031	7.29	7.35	6.90	6.80
4.032	7.33	7.36	6.94	6.81
4.033	7.37	7.36	6.97	6.81
4.034	7.40	7.36	7.00	6.81
4.035	7.42	7.37	7.03	6.81
4.036	7.45	7.37	7.06	6.81
4.037	7.48	7.37	7.09	6.81
4.038	7.51	7.37	7.12	6.81
4.039	7.55	7.37	7.14	6.81
4.040	7.58	7.38	7.15	6.81
4.041	7.59	7.38	7.15	6.81
4.042	7.60	7.38	7.14	6.81
4.043	7.60	7.38	7.13	6.81
4.044	7.60	7.38	7.12	6.81
4.045	7.59	7.38	7.10	6.80
4.046	7.58	7.38	7.08	6.80
4.047	7.57	7.38	7.05	6.80
4.048	7.55	7.38	7.02	6.79
4.049	7.54	7.38	6.99	6.79
4.050	7.52	7.37	6.96	6.78
4.051	7.50	7.37	6.94	6.78
4.052	7.48	7.37	6.92	6.78
4.053	7.47	7.37	6.91	6.77
4.054	7.45	7.36	6.90	6.76
4.055	7.44	7.36	6.89	6.76
4.056	7.42	7.35	6.87	6.75
4.057	7.41	7.35	6.84	6.75
4.058	7.39	7.35	6.82	6.74
4.059	7.38	7.34	6.80	6.73
4.060	7.37	7.34	6.79	6.73
4.061	7.36	7.33	6.78	6.72
4.062	7.35	7.33	6.77	6.71
4.063	7.33	7.32	6.76	6.70
4.064	7.32	7.31	6.76	6.70
4.065	7.31	7.31	6.75	6.69
4.066	7.29	7.30	6.73	6.68
4.067	7.27	7.30	6.71	6.67
4.068	7.25	7.29	6.68	6.67
4.069	7.22	7.28	6.65	6.66
4.070	7.20	7.28	6.62	6.65
4.071	7.18	7.27	6.61	6.64
4.072	7.16	7.27	6.60	6.64
4.073	7.14	7.26	6.59	6.63
4.074	7.13	7.25	6.57	6.62
4.075	7.11	7.25	6.55	6.61
4.076	7.10	7.24	6.53	6.61
4.077	7.08	7.24	6.51	6.60
4.078	7.06	7.23	6.49	6.59
4.079	7.03	7.22	6.47	6.58
4.080	7.01	7.22	6.47	6.58
4.081	6.99	7.21	6.49	6.57
4.082	6.99	7.21	6.55	6.56
4.083	7.00	7.20	6.64	6.55
4.084	7.03	7.20	6.74	6.55
4.085	7.09	7.19	6.86	6.54
4.086	7.18	7.19	6.97	6.53
4.087	7.28	7.18	7.05	6.52
4.088	7.38	7.17	7.11	6.52
4.089	7.48	7.17	7.12	6.51
4.090	7.55	7.16	7.10	6.50
4.091	7.61	7.16	7.05	6.49
4.092	7.63	7.15	6.98	6.49
4.093	7.61	7.15	6.90	6.48
4.094	7.58	7.14	6.82	6.47
4.095	7.52	7.13	6.75	6.46
4.096	7.46	7.13	6.69	6.45
4.097	7.40	7.12	6.63	6.45
4.098	7.34	7.11	6.56	6.44
4.099	7.29	7.11	6.49	6.43
4.100	7.24	7.10	6.43	6.43
4.101	7.19	7.10	6.37	6.42
4.102	7.13	7.09	6.33	6.41
4.103	7.07	7.09	6.28	6.41
4.104	7.01	7.08	6.24	6.40
4.105	6.94	7.08	6.18	6.40
4.106	6.86	7.07	6.12	6.40
4.107	6.79	7.07	6.06	6.39
4.108	6.73	7.06	6.03	6.39
4.109	6.67	7.06	6.02	6.39
4.110	6.62	7.06	6.03	6.39
4.111	6.61	7.06	6.06	6.39
4.112	6.61	7.05	6.10	6.39
4.113	6.63	7.05	6.15	6.39
4.114	6.67	7.05	6.20	6.39
4.115	6.71	7.05	6.25	6.39
4.116	6.75	7.06	6.29	6.39
4.117	6.79	7.06	6.34	6.40
4.118	6.83	7.06	6.38	6.40
4.119	6.87	7.06	6.41	6.41
4.120	6.91	7.07	6.44	6.41
4.121	6.95	7.07	6.47	6.42
4.122	6.99	7.07	6.49	6.42
4.123	7.02	7.08	6.50	6.43
4.124	7.04	7.08	6.51	6.43
4.125	7.07	7.09	6.53	6.44
4.126	7.09	7.09	6.55	6.45
4.127	7.12	7.10	6.58	6.46
4.128	7.15	7.11	6.61	6.46
4.129	7.18	7.11	6.64	6.47
4.130	7.22	7.12	6.67	6.48
4.131	7.25	7.13	6.70	6.49
4.132	7.28	7.13	6.72	6.50
4.133	7.30	7.14	6.74	6.51
4.134	7.32	7.15	6.76	6.51
4.135	7.33	7.15	6.77	6.52
4.136	7.34	7.16	6.78	6.53
4.137	7.35	7.17	6.77	6.54
4.138	7.35	7.17	6.77	6.55
4.139	7.34	7.18	6.76	6.56
4.140	7.34	7.19	6.76	6.56
4.141	7.33	7.19	6.76	6.57
4.142	7.33	7.20	6.76	6.58
4.143	7.32	7.21	6.76	6.59
4.144	7.31	7.21	6.76	6.59
4.145	7.31	7.22	6.76	6.60
4.146	7.30	7.23	6.76	6.61
4.147	7.29	7.23	6.76	6.62
4.148	7.28	7.24	6.75	6.62
4.149	7.26	7.24	6.74	6.63
4.150	7.25	7.25	6.73	6.64
4.151	7.24	7.25	6.71	6.64
4.152	7.23	7.26	6.71	6.65
4.153	7.23	7.26	6.71	6.65
4.154	7.23	7.27	6.71	6.66
4.155	7.23	7.27	6.71	6.67
4.156	7.23	7.28	6.71	6.67
4.157	7.23	7.28	6.71	6.68
4.158	7.23	7.29	6.70	6.68
4.159	7.22	7.29	6.69	6.69
4.160	7.21	7.30	6.67	6.69
4.161	7.19	7.30	6.66	6.69
4.162	7.17	7.31	6.64	6.70
4.163	7.15	7.31	6.63	6.70
4.164	7.13	7.32	6.62	6.70
4.165	7.11	7.32	6.62	6.71
4.166	7.10	7.32	6.64	6.71
4.167	7.09	7.33	6.67	6.71
4.168	7.10	7.33	6.71	6.71
4.169	7.12	7.33	6.75	6.72
4.170	7.15	7.34	6.78	6.72
4.171	7.19	7.34	6.82	6.72
4.172	7.23	7.34	6.86	6.72
4.173	7.27	7.35	6.90	6.72
4.174	7.32	7.35	6.94	6.72
4.175	7.37	7.35	6.98	6.72
4.176	7.42	7.35	7.03	6.71
4.177	7.48	7.35	7.07	6.71
4.178	7.53	7.35	7.12	6.71
4.179	7.59	7.35	7.17	6.70
4.180	7.65	7.35	7.22	6.70
4.181	7.72	7.35	7.26	6.69
4.182	7.79	7.34	7.31	6.69
4.183	7.85	7.34	7.35	6.68
4.184	7.91	7.34	7.37	6.67
4.185	7.96	7.33	7.38	6.66
4.186	7.99	7.33	7.35	6.65
4.187	8.00	7.32	7.31	6.64
4.188	7.98	7.31	7.24	6.63
4.189	7.94	7.30	7.17	6.62
4.190	7.89	7.30	7.10	6.61
4.191	7.83	7.29	7.03	6.60
4.192	7.77	7.28	6.96	6.59
4.193	7.70	7.27	6.89	6.58
4.194	7.62	7.26	6.81	6.57
4.195	7.54	7.25	6.73	6.56
4.196	7.45	7.24	6.65	6.54
4.197	7.36	7.23	6.57	6.53
4.198	7.27	7.22	6.50	6.52
4.199	7.18	7.21	6.42	6.51
4.200	7.10	7.20	6.34	6.50
4.201	7.03	7.19	6.26	6.49
4.202	6.95	7.18	6.19	6.48
4.203	6.88	7.17	6.11	6.48
4.204	6.80	7.16	6.04	6.47
4.205	6.73	7.15	5.96	6.46
4.206	6.66	7.15	5.89	6.46
4.207	6.59	7.14	5.84	6.46
4.208	6.53	7.14	5.81	6.45
4.209	6.47	7.13	5.81	6.45
4.210	6.44	7.13	5.82	6.45
4.211	6.42	7.13	5.86	6.45
4.212	6.42	7.13	5.90	6.46
4.213	6.44	7.13	5.94	6.46
4.214	6.48	7.13	5.98	6.46
4.215	6.53	7.13	6.02	6.47
4.216	6.58	7.14	6.07	6.48
4.217	6.64	7.14	6.14	6.49
4.218	6.70	7.15	6.23	6.50
4.219	6.76	7.16	6.32	6.51
4.220	6.83	7.17	6.42	6.52
4.221	6.90	7.17	6.50	6.53
4.222	6.97	7.19	6.58	6.54
4.223	7.03	7.20	6.64	6.55
4.224	7.10	7.21	6.70	6.57
4.225	7.16	7.22	6.74	6.58
4.226	7.21	7.23	6.78	6.60
4.227	7.26	7.25	6.81	6.61
4.228	7.31	7.26	6.83	6.63
4.229	7.35	7.28	6.85	6.64
4.230	7.39	7.29	6.87	6.66
4.231	7.41	7.30	6.89	6.67
4.232	7.43	7.32	6.91	6.69
4.233	7.45	7.34	6.93	6.70
4.234	7.47	7.35	6.95	6.72
4.235	7.49	7.37	6.98	6.74
4.236	7.51	7.38	7.01	6.75
4.237	7.54	7.40	7.05	6.76
4.238	7.57	7.41	7.07	6.78
4.239	7.59	7.43	7.10	6.79
4.240	7.61	7.44	7.11	6.81
4.241	7.63	7.45	7.13	6.82
4.242	7.64	7.47	7.14	6.83
4.243	7.65	7.48	7.15	6.84
4.244	7.66	7.49	7.15	6.85
4.245	7.67	7.51	7.16	6.86
4.246	7.69	7.52	7.17	6.87
4.247	7.70	7.53	7.19	6.88
4.248	7.72	7.54	7.21	6.89
4.249	7.74	7.55	7.22	6.90
4.250	7.76	7.56	7.23	6.91
4.251	7.77	7.57	7.22	6.91
4.252	7.77	7.57	7.21	6.92
4.253	7.76	7.58	7.20	6.92
4.254	7.76	7.59	7.20	6.92
4.255	7.76	7.59	7.20	6.93
4.256	7.77	7.60	7.20	6.93
4.257	7.78	7.60	7.21	6.93
4.258	7.79	7.60	7.21	6.93
4.259	7.81	7.61	7.21	6.93
4.260	7.82	7.61	7.20	6.93
4.261	7.82	7.61	7.19	6.93
4.262	7.82	7.61	7.17	6.92
4.263	7.81	7.61	7.16	6.92
4.264	7.79	7.60	7.14	6.92
4.265	7.78	7.60	7.13	6.91
4.266	7.77	7.60	7.13	6.91
4.267	7.75	7.59	7.12	6.90
4.268	7.74	7.59	7.11	6.89
4.269	7.73	7.58	7.10	6.89
4.270	7.71	7.58	7.07	6.88
4.271	7.69	7.57	7.04	6.87
4.272	7.66	7.57	7.01	6.87
4.273	7.64	7.56	6.99	6.86
4.274	7.61	7.55	6.97	6.85
4.275	7.59	7.54	6.95	6.84
4.276	7.58	7.53	6.93	6.83
4.277	7.56	7.52	6.92	6.82
4.278	7.54	7.51	6.90	6.81
4.279	7.53	7.50	6.88	6.80
4.280	7.51	7.49	6.86	6.79
4.281	7.50	7.48	6.85	6.78
4.282	7.49	7.47	6.84	6.78
4.283	7.48	7.46	6.84	6.77
4.284	7.48	7.45	6.85	6.76
4.285	7.48	7.44	6.85	6.75
4.286	7.49	7.43	6.85	6.74
4.287	7.49	7.42	6.85	6.73
4.288	7.49	7.41	6.83	6.73
4.289	7.48	7.40	6.82	6.72
4.290	7.46	7.39	6.79	6.71
4.291	7.44	7.38	6.77	6.71
4.292	7.42	7.37	6.74	6.70
4.293	7.39	7.36	6.71	6.69
4.294	7.37	7.36	6.69	6.69
4.295	7.34	7.35	6.66	6.69
4.296	7.31	7.34	6.62	6.68
4.297	7.28	7.33	6.59	6.68
4.298	7.23	7.33	6.55	6.68
4.299	7.18	7.32	6.51	6.68
4.300	7.13	7.32	6.48	6.68
4.301	7.08	7.31	6.44	6.68
4.302	7.03	7.31	6.42	6.68
4.303	6.99	7.31	6.39	6.69
4.304	6.95	7.31	6.36	6.69
4.305	6.92	7.31	6.34	6.69
4.306	6.89	7.31	6.32	6.70
4.307	6.87	7.31	6.33	6.71
4.308	6.85	7.31	6.35	6.71
4.309	6.83	7.31	6.38	6.72
4.310	6.83	7.32	6.42	6.73
4.311	6.85	7.32	6.46	6.74
4.312	6.88	7.33	6.51	6.75
4.313	6.93	7.34	6.56	6.77
4.314	6.99	7.34	6.60	6.78
4.315	7.04	7.35	6.65	6.79
4.316	7.09	7.36	6.69	6.80
4.317	7.14	7.37	6.73	6.82
4.318	7.18	7.38	6.78	6.83
4.319	7.22	7.40	6.83	6.85
4.320	7.26	7.41	6.88	6.86
4.321	7.29	7.42	6.93	6.88
4.322	7.33	7.44	6.97	6.89
4.323	7.37	7.45	7.02	6.91
4.324	7.41	7.46	7.06	6.93
4.325	7.45	7.48	7.10	6.94
4.326	7.47	7.49	7.13	6.96
4.327	7.49	7.51	7.15	6.97
4.328	7.50	7.52	7.17	6.99
4.329	7.52	7.54	7.18	7.00
4.330	7.53	7.55	7.20	7.02
4.331	7.55	7.57	7.23	7.03
4.332	7.57	7.58	7.26	7.04
4.333	7.60	7.59	7.29	7.05
4.334	7.64	7.61	7.32	7.06
4.335	7.68	7.62	7.36	7.08
4.336	7.73	7.63	7.40	7.09
4.337	7.79	7.65	7.44	7.09
4.338	7.85	7.66	7.49	7.10
4.339	7.90	7.67	7.53	7.11
4.340	7.94	7.68	7.57	7.11
4.341	7.97	7.69	7.59	7.12
4.342	7.99	7.69	7.61	7.12
4.343	8.01	7.70	7.62	7.12
4.344	8.02	7.71	7.64	7.13
4.345	8.05	7.71	7.67	7.12
4.346	8.09	7.72	7.71	7.12
4.347	8.13	7.72	7.75	7.12
4.348	8.18	7.72	7.78	7.12
4.349	8.23	7.72	7.79	7.11
4.350	8.28	7.72	7.77	7.11
4.351	8.31	7.72	7.74	7.10
4.352	8.32	7.71	7.70	7.09
4.353	8.31	7.71	7.64	7.08
4.354	8.28	7.70	7.57	7.07
4.355	8.23	7.70	7.49	7.06
4.356	8.16	7.69	7.40	7.04
4.357	8.09	7.68	7.30	7.03
4.358	8.01	7.67	7.20	7.02
4.359	7.93	7.66	7.12	7.00
4.360	7.86	7.65	7.04	6.99
4.361	7.80	7.63	6.98	6.97
4.362	7.75	7.62	6.93	6.95
4.363	7.70	7.61	6.87	6.94
4.364	7.65	7.59	6.83	6.92
4.365	7.59	7.58	6.78	6.90
4.366	7.53	7.56	6.72	6.89
4.367	7.47	7.54	6.65	6.87
4.368	7.39	7.53	6.57	6.85
4.369	7.31	7.51	6.50	6.84
4.370	7.22	7.49	6.43	6.82
4.371	7.13	7.48	6.39	6.80
4.372	7.05	7.46	6.37	6.79
4.373	6.98	7.44	6.38	6.77
4.374	6.94	7.43	6.40	6.76
4.375	6.92	7.41	6.43	6.74
4.376	6.92	7.39	6.46	6.73
4.377	6.93	7.38	6.49	6.71
4.378	6.96	7.36	6.51	6.70
4.379	6.99	7.35	6.54	6.68
4.380	7.02	7.33	6.57	6.67
4.381	7.06	7.32	6.61	6.66
4.382	7.09	7.30	6.64	6.65
4.383	7.12	7.29	6.67	6.63
4.384	7.16	7.28	6.69	6.62
4.385	7.19	7.26	6.71	6.61
4.386	7.21	7.25	6.72	6.60
4.387	7.22	7.24	6.73	6.59
4.388	7.22	7.22	6.72	6.58
4.389	7.22	7.21	6.71	6.57
4.390	7.22	7.20	6.69	6.56
4.391	7.21	7.19	6.68	6.54
4.392	7.19	7.18	6.66	6.53
4.393	7.17	7.17	6.65	6.52
4.394	7.15	7.16	6.64	6.51
4.395	7.13	7.14	6.63	6.50
4.396	7.12	7.13	6.62	6.49
4.397	7.12	7.12	6.61	6.49
4.398	7.12	7.11	6.61	6.48
4.399	7.12	7.10	6.60	6.47
4.400	7.11	7.09	6.60	6.46
4.401	7.11	7.08	6.59	6.45
4.402	7.10	7.07	6.59	6.44
4.403	7.09	7.07	6.58	6.43
4.404	7.09	7.06	6.57	6.42
4.405	7.09	7.05	6.56	6.41
4.406	7.08	7.04	6.55	6.40
4.407	7.08	7.03	6.54	6.39
4.408	7.07	7.02	6.54	6.38
4.409	7.06	7.01	6.54	6.37
4.410	7.06	7.00	6.54	6.36
4.411	7.06	6.99	6.53	6.35
4.412	7.05	6.99	6.51	6.34
4.413	7.05	6.98	6.48	6.33
4.414	7.03	6.97	6.46	6.32
4.415	7.01	6.96	6.44	6.31
4.416	6.99	6.95	6.43	6.30
4.417	6.97	6.94	6.42	6.29
4.418	6.96	6.94	6.41	6.28
4.419	6.94	6.93	6.40	6.27
4.420	6.93	6.92	6.37	6.26
4.421	6.92	6.91	6.34	6.26
4.422	6.91	6.90	6.32	6.25
4.423	6.89	6.89	6.30	6.24
4.424	6.88	6.89	6.28	6.23
4.425	6.86	6.88	6.28	6.22
4.426	6.85	6.87	6.28	6.21
4.427	6.84	6.86	6.28	6.20
4.428	6.84	6.85	6.29	6.19
4.429	6.83	6.85	6.29	6.18
4.430	6.84	6.84	6.30	6.17
4.431	6.84	6.83	6.30	6.16
4.432	6.85	6.82	6.30	6.15
4.433	6.86	6.82	6.29	6.14
4.434	6.86	6.81	6.27	6.13
4.435	6.86	6.80	6.25	6.12
4.436	6.86	6.79	6.24	6.11
4.437	6.86	6.79	6.23	6.11
4.438	6.86	6.78	6.23	6.10
4.439	6.85	6.77	6.24	6.09
4.440	6.85	6.76	6.24	6.08
4.441	6.84	6.76	6.24	6.07
4.442	6.83	6.75	6.23	6.06
4.443	6.81	6.74	6.20	6.06
4.444	6.79	6.74	6.17	6.05
4.445	6.76	6.73	6.13	6.04
4.446	6.73	6.72	6.10	6.03
4.447	6.70	6.72	6.08	6.03
4.448	6.69	6.71	6.07	6.02
4.449	6.68	6.70	6.06	6.01
4.450	6.68	6.70	6.06	6.01
4.451	6.68	6.69	6.06	6.00
4.452	6.68	6.69	6.06	5.99
4.453	6.68	6.68	6.05	5.99
4.454	6.67	6.68	6.05	5.98
4.455	6.67	6.67	6.04	5.98
4.456	6.66	6.67	6.04	5.98
4.457	6.66	6.66	6.04	5.97
4.458	6.65	6.66	6.03	5.97
4.459	6.64	6.65	6.03	5.97
4.460	6.64	6.65	6.02	5.96
4.461	6.63	6.65	6.01	5.96
4.462	6.63	6.64	6.01	5.96
4.463	6.62	6.64	6.00	5.96
4.464	6.62	6.64	6.00	5.96
4.465	6.62	6.64	6.00	5.96
4.466	6.63	6.64	6.01	5.96
4.467	6.63	6.63	6.01	5.96
4.468	6.63	6.63	6.02	5.96
4.469	6.63	6.63	6.02	5.96
4.470	6.64	6.63	6.02	5.96
4.471	6.64	6.63	6.01	5.96
4.472	6.63	6.63	6.00	5.97
4.473	6.63	6.63	5.99	5.97
4.474	6.63	6.63	5.99	5.97
4.475	6.63	6.64	6.00	5.98
4.476	6.63	6.64	6.02	5.98
4.477	6.63	6.64	6.04	5.99
4.478	6.63	6.64	6.05	5.99
4.479	6.63	6.65	6.07	6.00
4.480	6.63	6.65	6.07	6.01
4.481	6.62	6.65	6.08	6.01
4.482	6.61	6.66	6.08	6.02
4.483	6.61	6.66	6.07	6.03
4.484	6.60	6.67	6.07	6.04
4.485	6.60	6.68	6.06	6.05
4.486	6.59	6.68	6.06	6.06
4.487	6.59	6.69	6.06	6.07
4.488	6.58	6.70	6.06	6.08
4.489	6.58	6.70	6.08	6.09
4.490	6.59	6.71	6.10	6.10
4.491	6.60	6.72	6.13	6.11
4.492	6.62	6.73	6.16	6.13
4.493	6.65	6.74	6.19	6.14
4.494	6.68	6.75	6.22	6.15
4.495	6.71	6.76	6.24	6.16
4.496	6.74	6.77	6.26	6.18
4.497	6.76	6.78	6.28	6.19
4.498	6.78	6.79	6.30	6.20
4.499	6.80	6.80	6.32	6.22
4.500	6.82	6.82	6.34	6.23
4.501	6.83	6.83	6.35	6.25
4.502	6.83	6.84	6.37	6.26
4.503	6.83	6.85	6.38	6.28
4.504	6.84	6.87	6.39	6.29
4.505	6.84	6.88	6.40	6.31
4.506	6.86	6.90	6.42	6.32
4.507	6.88	6.91	6.44	6.34
4.508	6.91	6.92	6.47	6.36
4.509	6.94	6.94	6.50	6.37
4.510	6.97	6.95	6.53	6.39
4.511	7.01	6.97	6.54	6.40
4.512	7.03	6.98	6.55	6.42
4.513	7.05	7.00	6.55	6.43
4.514	7.06	7.01	6.56	6.45
4.515	7.07	7.03	6.56	6.46
4.516	7.07	7.04	6.57	6.48
4.517	7.08	7.06	6.59	6.50
4.518	7.09	7.07	6.60	6.51
4.519	7.10	7.09	6.61	6.53
4.520	7.11	7.10	6.63	6.54
4.521	7.12	7.12	6.65	6.56
4.522	7.13	7.13	6.67	6.57
4.523	7.15	7.15	6.69	6.58
4.524	7.17	7.16	6.70	6.60
4.525	7.19	7.18	6.71	6.61
4.526	7.21	7.19	6.73	6.63
4.527	7.22	7.21	6.74	6.64
4.528	7.24	7.22	6.75	6.65
4.529	7.25	7.24	6.75	6.67
4.530	7.25	7.25	6.76	6.68
4.531	7.26	7.26	6.76	6.69
4.532	7.25	7.28	6.75	6.71
4.533	7.23	7.29	6.75	6.72
4.534	7.22	7.31	6.74	6.73
4.535	7.21	7.32	6.74	6.74
4.536	7.21	7.33	6.75	6.75
4.537	7.22	7.35	6.75	6.76
4.538	7.23	7.36	6.76	6.77
4.539	7.25	7.37	6.77	6.78
4.540	7.27	7.38	6.79	6.79
4.541	7.28	7.39	6.82	6.80
4.542	7.30	7.40	6.85	6.81
4.543	7.33	7.42	6.89	6.82
4.544	7.36	7.43	6.93	6.82
4.545	7.41	7.44	6.98	6.83
4.546	7.45	7.44	7.01	6.84
4.547	7.49	7.45	7.04	6.84
4.548	7.53	7.46	7.06	6.85
4.549	7.55	7.47	7.07	6.85
4.550	7.57	7.48	7.09	6.85
4.551	7.59	7.48	7.10	6.86
4.552	7.61	7.49	7.12	6.86
4.553	7.64	7.49	7.13	6.86
4.554	7.67	7.50	7.15	6.86
4.555	7.70	7.50	7.17	6.86
4.556	7.74	7.50	7.19	6.86
4.557	7.79	7.50	7.22	6.86
4.558	7.82	7.50	7.25	6.85
4.559	7.86	7.50	7.28	6.85
4.560	7.89	7.50	7.32	6.85
4.561	7.91	7.50	7.35	6.84
4.562	7.93	7.50	7.37	6.83
4.563	7.94	7.49	7.39	6.83
4.564	7.95	7.49	7.40	6.82
4.565	7.96	7.49	7.40	6.81
4.566	7.96	7.48	7.38	6.80
4.567	7.95	7.47	7.32	6.79
4.568	7.92	7.47	7.26	6.78
4.569	7.88	7.46	7.18	6.77
4.570	7.82	7.45	7.11	6.76
4.571	7.77	7.44	7.03	6.75
4.572	7.70	7.43	6.96	6.74
4.573	7.63	7.42	6.89	6.73
4.574	7.55	7.41	6.81	6.72
4.575	7.46	7.40	6.72	6.71
4.576	7.36	7.39	6.64	6.70
4.577	7.27	7.38	6.55	6.68
4.578	7.18	7.37	6.46	6.67
4.579	7.10	7.36	6.37	6.66
4.580	7.02	7.35	6.29	6.65
4.581	6.95	7.34	6.22	6.65
4.582	6.88	7.33	6.16	6.64
4.583	6.82	7.32	6.13	6.63
4.584	6.77	7.31	6.11	6.62
4.585	6.74	7.31	6.12	6.62
4.586	6.73	7.30	6.14	6.61
4.587	6.74	7.29	6.16	6.61
4.588	6.77	7.29	6.19	6.60
4.589	6.80	7.28	6.23	6.60
4.590	6.84	7.28	6.27	6.60
4.591	6.89	7.27	6.32	6.60
4.592	6.93	7.27	6.36	6.60
4.593	6.97	7.27	6.40	6.60
4.594	7.01	7.27	6.44	6.60
4.595	7.04	7.27	6.48	6.60
4.596	7.06	7.27	6.52	6.60
4.597	7.09	7.27	6.56	6.61
4.598	7.11	7.27	6.60	6.61
4.599	7.13	7.27	6.63	6.62
4.600	7.15	7.28	6.67	6.62
4.601	7.17	7.28	6.70	6.63
4.602	7.20	7.28	6.73	6.63
4.603	7.22	7.29	6.75	6.64
4.604	7.25	7.29	6.77	6.65
4.605	7.28	7.30	6.79	6.65
4.606	7.31	7.30	6.81	6.66
4.607	7.33	7.31	6.82	6.67
4.608	7.35	7.31	6.83	6.68
4.609	7.38	7.32	6.85	6.69
4.610	7.40	7.33	6.87	6.69
4.611	7.42	7.33	6.90	6.70
4.612	7.43	7.34	6.93	6.71
4.613	7.45	7.34	6.97	6.72
4.614	7.48	7.35	7.00	6.72
4.615	7.50	7.35	7.04	6.73
4.616	7.53	7.36	7.07	6.74
4.617	7.55	7.37	7.09	6.75
4.618	7.57	7.37	7.11	6.75
4.619	7.58	7.38	7.11	6.76
4.620	7.59	7.38	7.11	6.76
4.621	7.60	7.39	7.10	6.77
4.622	7.61	7.39	7.08	6.78
4.623	7.61	7.39	7.06	6.78
4.624	7.61	7.40	7.04	6.79
4.625	7.60	7.40	7.03	6.79
4.626	7.58	7.40	7.01	6.80
4.627	7.57	7.41	7.00	6.80
4.628	7.56	7.41	7.00	6.80
4.629	7.55	7.41	6.99	6.81
4.630	7.54	7.41	6.98	6.81
4.631	7.54	7.41	6.98	6.81
4.632	7.52	7.42	6.97	6.81
4.633	7.50	7.42	6.96	6.82
4.634	7.49	7.42	6.95	6.82
4.635	7.47	7.42	6.94	6.82
4.636	7.45	7.42	6.92	6.82
4.637	7.44	7.42	6.90	6.82
4.638	7.42	7.42	6.88	6.82
4.639	7.41	7.41	6.86	6.82
4.640	7.40	7.41	6.84	6.83
4.641	7.39	7.41	6.82	6.83
4.642	7.38	7.41	6.81	6.83
4.643	7.37	7.41	6.81	6.83
4.644	7.36	7.41	6.82	6.83
4.645	7.34	7.41	6.83	6.83
4.646	7.32	7.40	6.83	6.83
4.647	7.30	7.40	6.83	6.83
4.648	7.28	7.40	6.81	6.83
4.649	7.26	7.40	6.80	6.83
4.650	7.24	7.40	6.78	6.83
4.651	7.22	7.39	6.77	6.83
4.652	7.21	7.39	6.77	6.83
4.653	7.20	7.39	6.78	6.83
4.654	7.21	7.39	6.80	6.82
4.655	7.23	7.38	6.84	6.82
4.656	7.26	7.38	6.88	6.82
4.657	7.29	7.38	6.92	6.82
4.658	7.34	7.37	6.97	6.82
4.659	7.38	7.37	7.01	6.82
4.660	7.44	7.37	7.05	6.82
4.661	7.49	7.36	7.08	6.82
4.662	7.54	7.36	7.11	6.82
4.663	7.57	7.36	7.12	6.81
4.664	7.60	7.35	7.13	6.81
4.665	7.62	7.35	7.13	6.81
4.666	7.61	7.34	7.11	6.81
4.667	7.60	7.34	7.08	6.80
4.668	7.57	7.34	7.04	6.80
4.669	7.54	7.33	7.00	6.80
4.670	7.51	7.33	6.96	6.79
4.671	7.48	7.32	6.94	6.79
4.672	7.46	7.31	6.93	6.79
4.673	7.43	7.31	6.92	6.78
4.674	7.41	7.30	6.91	6.78
4.675	7.38	7.30	6.88	6.78
4.676	7.34	7.29	6.86	6.77
4.677	7.31	7.29	6.83	6.77
4.678	7.27	7.28	6.79	6.77
4.679	7.24	7.27	6.76	6.76
4.680	7.21	7.27	6.73	6.76
4.681	7.17	7.26	6.70	6.76
4.682	7.13	7.26	6.67	6.75
4.683	7.09	7.25	6.64	6.75
4.684	7.06	7.25	6.62	6.75
4.685	7.03	7.24	6.61	6.74
4.686	7.01	7.24	6.61	6.74
4.687	7.01	7.23	6.62	6.74
4.688	7.02	7.23	6.64	6.74
4.689	7.02	7.23	6.65	6.73
4.690	7.02	7.22	6.66	6.73
4.691	7.01	7.22	6.67	6.73
4.692	7.00	7.22	6.68	6.73
4.693	6.99	7.21	6.69	6.73
4.694	6.99	7.21	6.70	6.72
4.695	7.00	7.21	6.71	6.72
4.696	7.01	7.20	6.73	6.72
4.697	7.03	7.20	6.74	6.72
4.698	7.04	7.20	6.74	6.72
4.699	7.05	7.20	6.73	6.72
4.700	7.06	7.20	6.73	6.71
4.701	7.08	7.20	6.75	6.71
4.702	7.11	7.19	6.79	6.71
4.703	7.14	7.19	6.83	6.71
4.704	7.18	7.19	6.87	6.71
4.705	7.21	7.19	6.91	6.70
4.706	7.24	7.19	6.94	6.70
4.707	7.28	7.19	6.96	6.70
4.708	7.31	7.19	6.99	6.70
4.709	7.34	7.18	7.01	6.69
4.710	7.36	7.18	7.03	6.69
4.711	7.39	7.18	7.04	6.68
4.712	7.41	7.18	7.06	6.68
4.713	7.43	7.17	7.06	6.67
4.714	7.45	7.17	7.06	6.67
4.715	7.47	7.17	7.03	6.66
4.716	7.48	7.16	7.01	6.66
4.717	7.47	7.16	6.98	6.65
4.718	7.46	7.15	6.96	6.64
4.719	7.45	7.15	6.93	6.64
4.720	7.43	7.14	6.91	6.63
4.721	7.40	7.14	6.89	6.62
4.722	7.38	7.13	6.86	6.62
4.723	7.34	7.13	6.82	6.61
4.724	7.31	7.12	6.78	6.60
4.725	7.27	7.11	6.73	6.59
4.726	7.23	7.11	6.69	6.58
4.727	7.19	7.10	6.67	6.57
4.728	7.16	7.09	6.65	6.57
4.729	7.13	7.09	6.65	6.56
4.730	7.10	7.08	6.64	6.55
4.731	7.07	7.07	6.62	6.54
4.732	7.04	7.06	6.60	6.53
4.733	7.00	7.06	6.57	6.53
4.734	6.97	7.05	6.54	6.52
4.735	6.94	7.04	6.51	6.51
4.736	6.91	7.04	6.48	6.50
4.737	6.88	7.03	6.45	6.50
4.738	6.86	7.02	6.42	6.49
4.739	6.84	7.02	6.39	6.48
4.740	6.82	7.01	6.37	6.48
4.741	6.81	7.00	6.35	6.47
4.742	6.81	7.00	6.35	6.47
4.743	6.82	6.99	6.36	6.46
4.744	6.83	6.99	6.38	6.46
4.745	6.85	6.99	6.39	6.46
4.746	6.87	6.98	6.40	6.45
4.747	6.89	6.98	6.40	6.45
4.748	6.90	6.98	6.40	6.45
4.749	6.91	6.97	6.39	6.45
4.750	6.91	6.97	6.39	6.45
4.751	6.91	6.97	6.38	6.45
4.752	6.91	6.97	6.37	6.45
4.753	6.90	6.97	6.37	6.45
4.754	6.89	6.97	6.36	6.45
4.755	6.88	6.97	6.35	6.45
4.756	6.86	6.97	6.35	6.45
4.757	6.84	6.97	6.35	6.46
4.758	6.82	6.97	6.34	6.46
4.759	6.80	6.97	6.35	6.46
4.760	6.79	6.97	6.36	6.47
4.761	6.79	6.98	6.39	6.47
4.762	6.80	6.98	6.42	6.47
4.763	6.81	6.98	6.47	6.48
4.764	6.83	6.98	6.50	6.48
4.765	6.84	6.99	6.53	6.49
4.766	6.86	6.99	6.56	6.49
4.767	6.88	7.00	6.58	6.50
4.768	6.91	7.00	6.59	6.51
4.769	6.93	7.00	6.61	6.51
4.770	6.96	7.01	6.63	6.52
4.771	6.99	7.01	6.66	6.52
4.772	7.02	7.02	6.69	6.53
4.773	7.05	7.02	6.73	6.53
4.774	7.08	7.03	6.76	6.54
4.775	7.11	7.03	6.80	6.54
4.776	7.13	7.04	6.83	6.55
4.777	7.15	7.04	6.86	6.55
4.778	7.16	7.05	6.88	6.55
4.779	7.18	7.05	6.89	6.56
4.780	7.19	7.05	6.90	6.56
4.781	7.20	7.06	6.90	6.56
4.782	7.21	7.06	6.89	6.56
4.783	7.22	7.06	6.87	6.57
4.784	7.23	7.07	6.85	6.57
4.785	7.24	7.07	6.83	6.57
4.786	7.24	7.07	6.81	6.57
4.787	7.25	7.07	6.79	6.57
4.788	7.25	7.07	6.77	6.57
4.789	7.25	7.07	6.76	6.57
4.790	7.25	7.07	6.76	6.57
4.791	7.25	7.07	6.75	6.56
4.792	7.24	7.07	6.74	6.56
4.793	7.24	7.07	6.73	6.56
4.794	7.23	7.07	6.71	6.55
4.795	7.22	7.07	6.70	6.55
4.796	7.21	7.07	6.68	6.55
4.797	7.20	7.06	6.67	6.54
4.798	7.18	7.06	6.65	6.54
4.799	7.15	7.06	6.62	6.53
4.800	7.11	7.05	6.60	6.53
4.801	7.06	7.05	6.57	6.52
4.802	7.02	7.04	6.54	6.51
4.803	6.98	7.04	6.52	6.51
4.804	6.95	7.04	6.50	6.50
4.805	6.92	7.03	6.49	6.49
4.806	6.90	7.03	6.48	6.49
4.807	6.88	7.02	6.47	6.48
4.808	6.87	7.01	6.46	6.47
4.809	6.87	7.01	6.46	6.46
4.810	6.88	7.00	6.46	6.46
4.811	6.89	7.00	6.48	6.45
4.812	6.90	6.99	6.50	6.44
4.813	6.92	6.98	6.52	6.43
4.814	6.94	6.98	6.54	6.42
4.815	6.95	6.97	6.56	6.41
4.816	6.97	6.96	6.57	6.40
4.817	6.99	6.95	6.58	6.39
4.818	7.00	6.95	6.58	6.38
4.819	7.01	6.94	6.59	6.37
4.820	7.02	6.93	6.59	6.36
4.821	7.02	6.92	6.58	6.35
4.822	7.02	6.92	6.56	6.34
4.823	7.01	6.91	6.54	6.33
4.824	7.00	6.90	6.52	6.32
4.825	6.98	6.89	6.50	6.31
4.826	6.97	6.88	6.48	6.30
4.827	6.96	6.87	6.46	6.28
4.828	6.95	6.86	6.44	6.27
4.829	6.94	6.86	6.42	6.26
4.830	6.93	6.85	6.41	6.25
4.831	6.92	6.84	6.40	6.24
4.832	6.91	6.83	6.38	6.23
4.833	6.89	6.82	6.38	6.21
4.834	6.88	6.81	6.37	6.20
4.835	6.87	6.80	6.35	6.19
4.836	6.85	6.79	6.33	6.18
4.837	6.84	6.78	6.31	6.17
4.838	6.82	6.78	6.29	6.16
4.839	6.81	6.77	6.28	6.15
4.840	6.80	6.76	6.25	6.14
4.841	6.78	6.75	6.23	6.13
4.842	6.77	6.74	6.20	6.12
4.843	6.76	6.73	6.18	6.11
4.844	6.74	6.73	6.17	6.10
4.845	6.73	6.72	6.16	6.09
4.846	6.72	6.71	6.15	6.08
4.847	6.71	6.70	6.13	6.07
4.848	6.69	6.70	6.12	6.06
4.849	6.68	6.69	6.10	6.06
4.850	6.66	6.69	6.08	6.05
4.851	6.64	6.68	6.05	6.05
4.852	6.62	6.68	6.02	6.04
4.853	6.59	6.67	6.00	6.04
4.854	6.57	6.67	5.98	6.03
4.855	6.56	6.66	5.96	6.03
4.856	6.54	6.66	5.94	6.03
4.857	6.54	6.66	5.93	6.03
4.858	6.54	6.66	5.93	6.03
4.859	6.54	6.66	5.93	6.03
4.860	6.54	6.66	5.95	6.03
4.861	6.55	6.66	5.97	6.03
4.862	6.56	6.66	6.00	6.03
4.863	6.58	6.66	6.03	6.03
4.864	6.59	6.66	6.06	6.04
4.865	6.61	6.66	6.09	6.04
4.866	6.63	6.67	6.11	6.05
4.867	6.64	6.67	6.11	6.06
4.868	6.64	6.68	6.11	6.06
4.869	6.63	6.68	6.11	6.07
4.870	6.62	6.69	6.10	6.08
4.871	6.61	6.70	6.09	6.09
4.872	6.61	6.70	6.08	6.10
4.873	6.60	6.71	6.08	6.11
4.874	6.61	6.72	6.08	6.12
4.875	6.61	6.73	6.09	6.14
4.876	6.62	6.74	6.11	6.15
4.877	6.62	6.75	6.12	6.16
4.878	6.63	6.77	6.13	6.18
4.879	6.63	6.78	6.14	6.20
4.880	6.64	6.79	6.15	6.21
4.881	6.66	6.81	6.16	6.23
4.882	6.68	6.82	6.18	6.25
4.883	6.70	6.84	6.20	6.27
4.884	6.72	6.85	6.23	6.28
4.885	6.75	6.87	6.27	6.30
4.886	6.78	6.89	6.31	6.32
4.887	6.81	6.90	6.34	6.34
4.888	6.84	6.92	6.38	6.36
4.889	6.87	6.94	6.42	6.39
4.890	6.89	6.96	6.45	6.41
4.891	6.92	6.98	6.49	6.43
4.892	6.94	7.00	6.52	6.45
4.893	6.97	7.01	6.56	6.47
4.894	7.00	7.03	6.59	6.50
4.895	7.03	7.05	6.62	6.52
4.896	7.06	7.07	6.64	6.54
4.897	7.10	7.10	6.67	6.56
4.898	7.13	7.12	6.70	6.59
4.899	7.16	7.14	6.73	6.61
4.900	7.19	7.16	6.76	6.63
4.901	7.21	7.18	6.79	6.65
4.902	7.24	7.20	6.82	6.68
4.903	7.26	7.22	6.84	6.70
4.904	7.27	7.24	6.87	6.72
4.905	7.30	7.26	6.89	6.74
4.906	7.32	7.28	6.92	6.76
4.907	7.35	7.30	6.94	6.78
4.908	7.39	7.32	6.97	6.80
4.909	7.42	7.33	7.00	6.82
4.910	7.45	7.35	7.04	6.84
4.911	7.49	7.37	7.07	6.86
4.912	7.51	7.39	7.10	6.88
4.913	7.53	7.41	7.13	6.90
4.914	7.54	7.42	7.13	6.91
4.915	7.54	7.44	7.13	6.93
4.916	7.55	7.46	7.13	6.94
4.917	7.55	7.47	7.13	6.96
4.918	7.55	7.49	7.15	6.97
4.919	7.56	7.50	7.17	6.99
4.920	7.58	7.51	7.19	7.00
4.921	7.59	7.53	7.21	7.01
4.922	7.60	7.54	7.22	7.02
4.923	7.61	7.55	7.23	7.03
4.924	7.62	7.56	7.23	7.04
4.925	7.63	7.57	7.23	7.05
4.926	7.64	7.58	7.23	7.06
4.927	7.65	7.59	7.23	7.06
4.928	7.67	7.60	7.23	7.07
4.929	7.69	7.60	7.25	7.08
4.930	7.71	7.61	7.27	7.08
4.931	7.73	7.62	7.29	7.08
4.932	7.76	7.62	7.31	7.08
4.933	7.77	7.63	7.32	7.09
4.934	7.78	7.63	7.33	7.09
4.935	7.78	7.63	7.34	7.09
4.936	7.79	7.63	7.35	7.09
4.937	7.79	7.64	7.37	7.08
4.938	7.80	7.64	7.39	7.08
4.939	7.82	7.64	7.41	7.08
4.940	7.84	7.63	7.42	7.07
4.941	7.86	7.63	7.43	7.07
4.942	7.87	7.63	7.43	7.06
4.943	7.88	7.63	7.42	7.06
4.944	7.88	7.62	7.40	7.05
4.945	7.87	7.62	7.37	7.04
4.946	7.85	7.62	7.33	7.03
4.947	7.82	7.61	7.28	7.02
4.948	7.78	7.60	7.22	7.01
4.949	7.74	7.60	7.17	7.00
4.950	7.69	7.59	7.12	6.99
4.951	7.64	7.58	7.07	6.98
4.952	7.60	7.58	7.03	6.97
4.953	7.55	7.57	6.99	6.96
4.954	7.52	7.56	6.96	6.95
4.955	7.48	7.55	6.92	6.93
4.956	7.45	7.54	6.88	6.92
4.957	7.42	7.53	6.84	6.91
4.958	7.38	7.53	6.80	6.90
4.959	7.35	7.52	6.76	6.89
4.960	7.32	7.51	6.72	6.88
4.961	7.29	7.50	6.69	6.86
4.962	7.27	7.49	6.68	6.85
4.963	7.25	7.49	6.67	6.84
4.964	7.23	7.48	6.66	6.83
4.965	7.22	7.47	6.66	6.82
4.966	7.20	7.46	6.65	6.81
4.967	7.19	7.46	6.65	6.80
4.968	7.18	7.45	6.64	6.79
4.969	7.18	7.44	6.63	6.78
4.970	7.18	7.44	6.63	6.77
4.971	7.20	7.43	6.64	6.76
4.972	7.22	7.43	6.65	6.76
4.973	7.25	7.42	6.66	6.75
4.974	7.27	7.41	6.68	6.74
4.975	7.28	7.41	6.69	6.73
4.976	7.30	7.41	6.71	6.73
4.977	7.32	7.40	6.74	6.72
4.978	7.33	7.40	6.76	6.72
4.979	7.35	7.39	6.77	6.71
4.980	7.36	7.39	6.78	6.70
4.981	7.36	7.39	6.79	6.70
4.982	7.36	7.38	6.79	6.69
4.983	7.36	7.38	6.79	6.69
4.984	7.36	7.38	6.79	6.68
4.985	7.36	7.38	6.79	6.68
4.986	7.36	7.37	6.79	6.67
4.987	7.37	7.37	6.79	6.67
4.988	7.38	7.37	6.79	6.66
4.989	7.40	7.36	6.79	6.66
4.990	7.42	7.36	6.80	6.65
4.991	7.44	7.36	6.82	6.65
4.992	7.45	7.36	6.84	6.65
4.993	7.47	7.35	6.86	6.64
4.994	7.49	7.35	6.89	6.64
4.995	7.50	7.35	6.91	6.63
4.996	7.51	7.34	6.93	6.63
4.997	7.52	7.34	6.93	6.62
4.998	7.52	7.33	6.92	6.62
4.999	7.52	7.33	6.90	6.61
5.000	7.51	7.33	6.88	6.61
5.001	7.49	7.32	6.85	6.60
5.002	7.47	7.32	6.83	6.60
5.003	7.45	7.31	6.81	6.60
5.004	7.44	7.31	6.79	6.59
5.005	7.43	7.30	6.77	6.59
5.006	7.42	7.30	6.75	6.58
5.007	7.41	7.29	6.74	6.58
5.008	7.39	7.29	6.72	6.57
5.009	7.37	7.28	6.70	6.57
5.010	7.35	7.28	6.67	6.56
5.011	7.33	7.27	6.66	6.56
5.012	7.32	7.26	6.65	6.55
5.013	7.31	7.26	6.64	6.55
5.014	7.30	7.25	6.63	6.55
5.015	7.29	7.25	6.62	6.54
5.016	7.28	7.24	6.60	6.54
5.017	7.27	7.24	6.59	6.54
5.018	7.26	7.23	6.57	6.53
5.019	7.24	7.22	6.56	6.53
5.020	7.22	7.22	6.54	6.53
5.021	7.20	7.21	6.52	6.53
5.022	7.19	7.21	6.51	6.53
5.023	7.17	7.20	6.50	6.53
5.024	7.16	7.20	6.49	6.53
5.025	7.14	7.19	6.48	6.53
5.026	7.12	7.19	6.46	6.53
5.027	7.10	7.19	6.44	6.53
5.028	7.07	7.18	6.42	6.53
5.029	7.04	7.18	6.40	6.53
5.030	7.02	7.18	6.40	6.53
5.031	7.01	7.17	6.40	6.54
5.032	6.99	7.17	6.41	6.54
5.033	6.98	7.17	6.43	6.54
5.034	6.98	7.17	6.45	6.55
5.035	6.97	7.17	6.48	6.55
5.036	6.97	7.17	6.50	6.55
5.037	6.98	7.17	6.53	6.56
5.038	6.98	7.17	6.55	6.57
5.039	6.99	7.17	6.57	6.57
5.040	7.00	7.17	6.59	6.58
5.041	7.01	7.17	6.61	6.58
5.042	7.03	7.17	6.63	6.59
5.043	7.05	7.17	6.66	6.60
5.044	7.07	7.17	6.69	6.60
5.045	7.09	7.18	6.72	6.61
5.046	7.11	7.18	6.74	6.62
5.047	7.13	7.18	6.76	6.62
5.048	7.15	7.18	6.77	6.63
5.049	7.16	7.19	6.79	6.64
5.050	7.18	7.19	6.82	6.65
5.051	7.21	7.20	6.86	6.65
5.052	7.24	7.20	6.89	6.66
5.053	7.28	7.20	6.94	6.67
5.054	7.33	7.21	6.97	6.67
5.055	7.38	7.21	7.00	6.68
5.056	7.42	7.21	7.01	6.69
5.057	7.45	7.22	7.02	6.69
5.058	7.47	7.22	7.01	6.70
5.059	7.46	7.23	7.00	6.70
5.060	7.45	7.23	6.98	6.71
5.061	7.42	7.23	6.96	6.72
5.062	7.40	7.24	6.94	6.72
5.063	7.37	7.24	6.91	6.73
5.064	7.34	7.24	6.87	6.73
5.065	7.32	7.24	6.84	6.74
5.066	7.30	7.25	6.82	6.74
5.067	7.28	7.25	6.79	6.74
5.068	7.25	7.25	6.77	6.75
5.069	7.23	7.26	6.75	6.75
5.070	7.21	7.26	6.74	6.75
5.071	7.19	7.26	6.74	6.76
5.072	7.16	7.26	6.75	6.76
5.073	7.14	7.27	6.76	6.76
5.074	7.14	7.27	6.78	6.77
5.075	7.14	7.27	6.79	6.77
5.076	7.17	7.27	6.81	6.77
5.077	7.20	7.28	6.82	6.78
5.078	7.23	7.28	6.82	6.78
5.079	7.26	7.28	6.84	6.78
5.080	7.28	7.28	6.85	6.78
5.081	7.29	7.28	6.87	6.78
5.082	7.30	7.29	6.87	6.79
5.083	7.30	7.29	6.87	6.79
5.084	7.31	7.29	6.88	6.79
5.085	7.32	7.29	6.89	6.79
5.086	7.33	7.29	6.91	6.79
5.087	7.33	7.29	6.92	6.79
5.088	7.34	7.29	6.94	6.79
5.089	7.35	7.30	6.96	6.79
5.090	7.36	7.30	6.97	6.79
5.091	7.36	7.30	6.97	6.79
5.092	7.36	7.30	6.96	6.79
5.093	7.37	7.30	6.94	6.79
5.094	7.37	7.30	6.93	6.79
5.095	7.36	7.30	6.91	6.79
5.096	7.36	7.30	6.91	6.79
5.097	7.36	7.30	6.91	6.78
5.098	7.36	7.30	6.91	6.78
5.099	7.36	7.30	6.92	6.78
5.100	7.36	7.30	6.91	6.78
5.101	7.34	7.29	6.90	6.78
5.102	7.33	7.29	6.88	6.77
5.103	7.30	7.29	6.87	6.77
5.104	7.29	7.29	6.85	6.77
5.105	7.27	7.29	6.84	6.76
5.106	7.26	7.29	6.83	6.76
5.107	7.26	7.29	6.83	6.75
5.108	7.26	7.28	6.82	6.75
5.109	7.25	7.28	6.81	6.75
5.110	7.24	7.28	6.80	6.74
5.111	7.23	7.28	6.78	6.74
5.112	7.21	7.28	6.76	6.73
5.113	7.19	7.27	6.74	6.73
5.114	7.16	7.27	6.71	6.72
5.115	7.14	7.27	6.70	6.72
5.116	7.12	7.27	6.69	6.71
5.117	7.10	7.27	6.68	6.70
5.118	7.09	7.26	6.69	6.70
5.119	7.09	7.26	6.70	6.69
5.120	7.11	7.26	6.72	6.69
5.121	7.13	7.25	6.75	6.68
5.122	7.17	7.25	6.79	6.67
5.123	7.21	7.25	6.83	6.67
5.124	7.25	7.25	6.86	6.66
5.125	7.29	7.24	6.89	6.65
5.126	7.34	7.24	6.93	6.64
5.127	7.38	7.23	6.95	6.64
5.128	7.42	7.23	6.96	6.63
5.129	7.46	7.23	6.96	6.62
5.130	7.49	7.22	6.94	6.61
5.131	7.51	7.22	6.91	6.60
5.132	7.52	7.21	6.89	6.59
5.133	7.51	7.21	6.86	6.58
5.134	7.49	7.20	6.84	6.58
5.135	7.45	7.19	6.81	6.57
5.136	7.41	7.19	6.76	6.56
5.137	7.36	7.18	6.72	6.55
5.138	7.31	7.18	6.67	6.54
5.139	7.25	7.17	6.64	6.53
5.140	7.21	7.16	6.61	6.52
5.141	7.18	7.15	6.59	6.51
5.142	7.17	7.15	6.58	6.50
5.143	7.16	7.14	6.57	6.49
5.144	7.16	7.13	6.56	6.48
5.145	7.15	7.13	6.55	6.47
5.146	7.14	7.12	6.53	6.46
5.147	7.12	7.11	6.50	6.45
5.148	7.09	7.10	6.48	6.44
5.149	7.06	7.10	6.46	6.43
5.150	7.04	7.09	6.45	6.42
5.151	7.02	7.08	6.43	6.41
5.152	7.01	7.08	6.42	6.41
5.153	7.00	7.07	6.41	6.40
5.154	7.00	7.06	6.40	6.39
5.155	6.99	7.06	6.39	6.39
5.156	6.99	7.05	6.38	6.38
5.157	6.98	7.05	6.37	6.37
5.158	6.97	7.04	6.36	6.37
5.159	6.97	7.04	6.36	6.37
5.160	6.96	7.03	6.36	6.36
5.161	6.96	7.03	6.36	6.36
5.162	6.96	7.03	6.37	6.35
5.163	6.96	7.02	6.38	6.35
5.164	6.96	7.02	6.38	6.35
5.165	6.96	7.02	6.37	6.35
5.166	6.97	7.02	6.35	6.35
5.167	6.96	7.02	6.34	6.35
5.168	6.96	7.02	6.32	6.35
5.169	6.95	7.02	6.31	6.35
5.170	6.93	7.02	6.29	6.35
5.171	6.91	7.02	6.28	6.35
5.172	6.90	7.02	6.27	6.36
5.173	6.88	7.02	6.26	6.36
5.174	6.86	7.02	6.25	6.36
5.175	6.85	7.03	6.24	6.37
5.176	6.83	7.03	6.24	6.37
5.177	6.83	7.03	6.24	6.38
5.178	6.82	7.04	6.27	6.39
5.179	6.83	7.04	6.30	6.39
5.180	6.84	7.05	6.35	6.40
5.181	6.87	7.06	6.39	6.41
5.182	6.90	7.06	6.44	6.42
5.183	6.94	7.07	6.48	6.42
5.184	6.98	7.08	6.52	6.43
5.185	7.02	7.08	6.55	6.44
5.186	7.06	7.09	6.57	6.45
5.187	7.09	7.10	6.60	6.46
5.188	7.13	7.11	6.62	6.47
5.189	7.16	7.12	6.65	6.48
5.190	7.19	7.13	6.69	6.49
5.191	7.22	7.14	6.72	6.50
5.192	7.25	7.15	6.75	6.51
5.193	7.28	7.16	6.78	6.52
5.194	7.30	7.17	6.80	6.53
5.195	7.33	7.17	6.81	6.55
5.196	7.35	7.18	6.81	6.56
5.197	7.36	7.19	6.81	6.57
5.198	7.35	7.20	6.79	6.58
5.199	7.35	7.21	6.76	6.59
5.200	7.33	7.22	6.73	6.60
5.201	7.32	7.23	6.71	6.61
5.202	7.31	7.24	6.69	6.62
5.203	7.29	7.25	6.67	6.63
5.204	7.27	7.26	6.66	6.64
5.205	7.25	7.27	6.67	6.65
5.206	7.24	7.28	6.67	6.66
5.207	7.23	7.29	6.69	6.67
5.208	7.23	7.30	6.71	6.68
5.209	7.22	7.31	6.73	6.68
5.210	7.23	7.32	6.76	6.69
5.211	7.24	7.32	6.78	6.70
5.212	7.26	7.33	6.80	6.71
5.213	7.29	7.34	6.83	6.72
5.214	7.31	7.35	6.85	6.73
5.215	7.34	7.36	6.86	6.73
5.216	7.36	7.37	6.88	6.74
5.217	7.38	7.37	6.90	6.75
5.218	7.41	7.38	6.92	6.75
5.219	7.44	7.39	6.94	6.76
5.220	7.46	7.39	6.96	6.77
5.221	7.49	7.40	6.99	6.77
5.222	7.51	7.41	7.00	6.78
5.223	7.53	7.41	7.02	6.78
5.224	7.55	7.42	7.03	6.79
5.225	7.57	7.42	7.04	6.79
5.226	7.59	7.43	7.06	6.79
5.227	7.61	7.43	7.07	6.80
5.228	7.62	7.44	7.09	6.80
5.229	7.64	7.44	7.12	6.80
5.230	7.66	7.44	7.14	6.80
5.231	7.68	7.45	7.15	6.81
5.232	7.70	7.45	7.15	6.81
5.233	7.71	7.45	7.13	6.81
5.234	7.70	7.45	7.10	6.81
5.235	7.68	7.45	7.07	6.81
5.236	7.65	7.45	7.03	6.81
5.237	7.62	7.46	7.00	6.81
5.238	7.59	7.46	6.97	6.81
5.239	7.56	7.46	6.94	6.81
5.240	7.53	7.46	6.91	6.81
5.241	7.50	7.46	6.88	6.81
5.242	7.48	7.46	6.85	6.81
5.243	7.47	7.46	6.82	6.81
5.244	7.46	7.46	6.80	6.81
5.245	7.46	7.46	6.79	6.81
5.246	7.45	7.46	6.77	6.81
5.247	7.43	7.46	6.75	6.80
5.248	7.41	7.46	6.72	6.80
5.249	7.37	7.46	6.69	6.81
5.250	7.33	7.46	6.66	6.81
5.251	7.28	7.46	6.63	6.81
5.252	7.24	7.46	6.62	6.81
5.253	7.20	7.46	6.62	6.81
5.254	7.18	7.46	6.62	6.81
5.255	7.17	7.46	6.64	6.81
5.256	7.18	7.47	6.67	6.81
5.257	7.19	7.47	6.70	6.82
5.258	7.22	7.47	6.73	6.82
5.259	7.24	7.48	6.76	6.82
5.260	7.25	7.48	6.77	6.83
5.261	7.26	7.48	6.79	6.83
5.262	7.27	7.49	6.79	6.84
5.263	7.28	7.49	6.80	6.84
5.264	7.29	7.50	6.80	6.84
5.265	7.31	7.50	6.82	6.85
5.266	7.34	7.51	6.84	6.85
5.267	7.37	7.52	6.87	6.86
5.268	7.41	7.52	6.91	6.87
5.269	7.44	7.53	6.94	6.87
5.270	7.46	7.54	6.97	6.88
5.271	7.48	7.54	6.99	6.88
5.272	7.50	7.55	7.01	6.89
5.273	7.52	7.56	7.03	6.89
5.274	7.55	7.57	7.05	6.90
5.275	7.59	7.57	7.07	6.91
5.276	7.62	7.58	7.09	6.91
5.277	7.66	7.59	7.11	6.92
5.278	7.69	7.60	7.12	6.92
5.279	7.71	7.60	7.12	6.93
5.280	7.73	7.61	7.13	6.93
5.281	7.74	7.62	7.13	6.94
5.282	7.75	7.62	7.14	6.94
5.283	7.76	7.63	7.16	6.94
5.284	7.77	7.64	7.17	6.95
5.285	7.78	7.64	7.18	6.95
5.286	7.80	7.65	7.19	6.96
5.287	7.81	7.65	7.20	6.96
5.288	7.83	7.66	7.21	6.96
5.289	7.86	7.66	7.23	6.96
5.290	7.88	7.67	7.25	6.97
5.291	7.90	7.67	7.28	6.97
5.292	7.92	7.68	7.30	6.97
5.293	7.94	7.68	7.31	6.97
5.294	7.94	7.68	7.30	6.97
5.295	7.93	7.69	7.28	6.97
5.296	7.91	7.69	7.24	6.97
5.297	7.89	7.69	7.20	6.97
5.298	7.85	7.69	7.15	6.98
5.299	7.81	7.69	7.11	6.97
5.300	7.77	7.69	7.06	6.97
5.301	7.73	7.69	7.03	6.97
5.302	7.69	7.69	6.99	6.97
5.303	7.65	7.70	6.96	6.97
5.304	7.61	7.70	6.93	6.97
5.305	7.58	7.70	6.90	6.97
5.306	7.56	7.70	6.88	6.97
5.307	7.55	7.69	6.88	6.97
5.308	7.55	7.69	6.89	6.97
5.309	7.56	7.69	6.91	6.97
5.310	7.57	7.69	6.92	6.97
5.311	7.58	7.69	6.93	6.97
5.312	7.59	7.69	6.94	6.97
5.313	7.60	7.69	6.96	6.97
5.314	7.61	7.69	6.98	6.97
5.315	7.62	7.69	7.00	6.97
5.316	7.63	7.69	7.01	6.97
5.317	7.64	7.69	7.03	6.97
5.318	7.65	7.69	7.05	6.97
5.319	7.66	7.69	7.06	6.97
5.320	7.67	7.69	7.08	6.97
5.321	7.69	7.69	7.09	6.97
5.322	7.70	7.69	7.11	6.98
5.323	7.72	7.69	7.12	6.98
5.324	7.73	7.68	7.14	6.98
5.325	7.74	7.68	7.15	6.98
5.326	7.75	7.68	7.17	6.98
5.327	7.76	7.68	7.18	6.98
5.328	7.77	7.68	7.18	6.98
5.329	7.78	7.68	7.18	6.98
5.330	7.79	7.68	7.18	6.99
5.331	7.79	7.68	7.18	6.99
5.332	7.80	7.68	7.18	6.99
5.333	7.80	7.68	7.17	6.99
5.334	7.79	7.68	7.16	7.00
5.335	7.78	7.68	7.15	7.00
5.336	7.76	7.68	7.14	7.00
5.337	7.75	7.68	7.14	7.00
5.338	7.74	7.68	7.13	7.01
5.339	7.73	7.68	7.13	7.01
5.340	7.72	7.68	7.12	7.01
5.341	7.71	7.68	7.11	7.02
5.342	7.70	7.68	7.09	7.02
5.343	7.69	7.68	7.06	7.03
5.344	7.67	7.68	7.02	7.03
5.345	7.64	7.69	6.99	7.04
5.346	7.61	7.69	6.96	7.04
5.347	7.58	7.69	6.95	7.05
5.348	7.55	7.69	6.95	7.05
5.349	7.54	7.69	6.97	7.06
5.350	7.53	7.70	7.00	7.07
5.351	7.55	7.70	7.04	7.08
5.352	7.57	7.71	7.07	7.08
5.353	7.59	7.71	7.08	7.09
5.354	7.61	7.72	7.09	7.10
5.355	7.62	7.72	7.09	7.11
5.356	7.62	7.73	7.08	7.12
5.357	7.62	7.73	7.07	7.13
5.358	7.62	7.74	7.06	7.14
5.359	7.62	7.75	7.07	7.15
5.360	7.63	7.75	7.10	7.16
5.361	7.63	7.76	7.14	7.17
5.362	7.65	7.77	7.16	7.19
5.363	7.66	7.78	7.19	7.20
5.364	7.67	7.79	7.20	7.21
5.365	7.68	7.80	7.22	7.22
5.366	7.69	7.81	7.23	7.24
5.367	7.69	7.82	7.24	7.25
5.368	7.70	7.83	7.25	7.26
5.369	7.71	7.84	7.27	7.28
5.370	7.73	7.85	7.30	7.29
5.371	7.76	7.86	7.34	7.30
5.372	7.81	7.87	7.39	7.32
5.373	7.85	7.88	7.43	7.33
5.374	7.90	7.89	7.48	7.34
5.375	7.93	7.91	7.51	7.36
5.376	7.96	7.92	7.55	7.37
5.377	7.99	7.93	7.58	7.39
5.378	8.01	7.94	7.62	7.40
5.379	8.03	7.96	7.64	7.41
5.380	8.05	7.97	7.66	7.42
5.381	8.07	7.98	7.67	7.44
5.382	8.09	7.99	7.69	7.45
5.383	8.11	8.00	7.70	7.46
5.384	8.13	8.01	7.71	7.47
5.385	8.15	8.03	7.73	7.48
5.386	8.17	8.04	7.75	7.49
5.387	8.18	8.05	7.76	7.51
5.388	8.20	8.06	7.77	7.52
5.389	8.22	8.07	7.77	7.52
5.390	8.23	8.08	7.77	7.53
5.391	8.23	8.09	7.77	7.54
5.392	8.23	8.10	7.76	7.55
5.393	8.21	8.11	7.75	7.56
5.394	8.20	8.12	7.74	7.57
5.395	8.18	8.13	7.72	7.57
5.396	8.17	8.14	7.69	7.58
5.397	8.15	8.15	7.67	7.59
5.398	8.13	8.16	7.65	7.59
5.399	8.11	8.17	7.63	7.60
5.400	8.10	8.18	7.62	7.60
5.401	8.09	8.18	7.62	7.61
5.402	8.08	8.19	7.62	7.61
5.403	8.08	8.20	7.63	7.62
5.404	8.09	8.21	7.64	7.62
5.405	8.11	8.21	7.64	7.63
5.406	8.13	8.22	7.63	7.63
5.407	8.15	8.23	7.62	7.63
5.408	8.16	8.23	7.61	7.63
5.409	8.16	8.24	7.60	7.64
5.410	8.17	8.24	7.61	7.64
5.411	8.17	8.25	7.62	7.64
5.412	8.19	8.25	7.65	7.64
5.413	8.20	8.26	7.68	7.64
5.414	8.22	8.26	7.71	7.64
5.415	8.24	8.27	7.73	7.64
5.416	8.26	8.27	7.76	7.64
5.417	8.28	8.27	7.78	7.64
5.418	8.31	8.28	7.81	7.63
5.419	8.34	8.28	7.84	7.63
5.420	8.38	8.28	7.86	7.63
5.421	8.41	8.28	7.88	7.62
5.422	8.43	8.28	7.90	7.62
5.423	8.45	8.28	7.92	7.62
5.424	8.47	8.28	7.94	7.61
5.425	8.49	8.28	7.96	7.60
5.426	8.51	8.28	7.98	7.60
5.427	8.53	8.28	7.99	7.59
5.428	8.55	8.27	8.00	7.58
5.429	8.57	8.27	7.98	7.58
5.430	8.58	8.27	7.95	7.57
5.431	8.58	8.26	7.90	7.56
5.432	8.56	8.26	7.85	7.55
5.433	8.54	8.25	7.81	7.54
5.434	8.50	8.24	7.77	7.53
5.435	8.47	8.24	7.73	7.52
5.436	8.43	8.23	7.68	7.51
5.437	8.39	8.22	7.62	7.49
5.438	8.35	8.22	7.57	7.48
5.439	8.30	8.21	7.52	7.47
5.440	8.25	8.20	7.48	7.46
5.441	8.20	8.19	7.45	7.45
5.442	8.15	8.18	7.42	7.44
5.443	8.11	8.17	7.40	7.42
5.444	8.07	8.16	7.38	7.41
5.445	8.04	8.15	7.36	7.40
5.446	8.01	8.14	7.34	7.39
5.447	7.99	8.13	7.32	7.38
5.448	7.97	8.13	7.30	7.37
5.449	7.95	8.12	7.27	7.36
5.450	7.94	8.11	7.25	7.35
5.451	7.92	8.10	7.24	7.34
5.452	7.90	8.09	7.23	7.33
5.453	7.89	8.08	7.23	7.32
5.454	7.88	8.07	7.23	7.31
5.455	7.88	8.07	7.22	7.30
5.456	7.88	8.06	7.22	7.29
5.457	7.89	8.05	7.22	7.28
5.458	7.90	8.05	7.22	7.28
5.459	7.90	8.04	7.23	7.27
5.460	7.91	8.03	7.23	7.26
5.461	7.92	8.03	7.24	7.26
5.462	7.92	8.02	7.24	7.25
5.463	7.92	8.02	7.23	7.24
5.464	7.91	8.01	7.22	7.24
5.465	7.90	8.01	7.21	7.23
5.466	7.88	8.01	7.21	7.23
5.467	7.87	8.00	7.22	7.23
5.468	7.87	8.00	7.24	7.22
5.469	7.88	8.00	7.26	7.22
5.470	7.90	7.99	7.27	7.22
5.471	7.91	7.99	7.28	7.21
5.472	7.93	7.99	7.29	7.21
5.473	7.94	7.99	7.30	7.21
5.474	7.96	7.99	7.31	7.21
5.475	7.97	7.99	7.32	7.21
5.476	7.99	7.99	7.32	7.21
5.477	8.00	7.98	7.32	7.21
5.478	8.00	7.98	7.31	7.21
5.479	8.00	7.98	7.30	7.21
5.480	8.00	7.98	7.29	7.21
5.481	7.99	7.98	7.29	7.21
5.482	7.98	7.98	7.29	7.21
5.483	7.98	7.98	7.30	7.21
5.484	7.99	7.99	7.31	7.21
5.485	8.00	7.99	7.32	7.21
5.486	8.02	7.99	7.34	7.21
5.487	8.04	7.99	7.36	7.21
5.488	8.05	7.99	7.37	7.21
5.489	8.07	7.99	7.38	7.21
5.490	8.08	7.99	7.39	7.21
5.491	8.09	7.99	7.39	7.21
5.492	8.09	7.99	7.38	7.21
5.493	8.08	7.99	7.37	7.21
5.494	8.07	7.99	7.36	7.22
5.495	8.05	7.99	7.34	7.22
5.496	8.04	7.99	7.34	7.22
5.497	8.03	7.99	7.33	7.22
5.498	8.03	7.99	7.34	7.22
5.499	8.03	7.99	7.35	7.22
5.500	8.04	7.99	7.36	7.22
5.501	8.04	7.99	7.37	7.22
5.502	8.05	7.99	7.37	7.22
5.503	8.05	7.99	7.36	7.22
5.504	8.05	7.99	7.35	7.23
5.505	8.06	7.99	7.35	7.23
5.506	8.06	7.99	7.35	7.23
5.507	8.07	7.99	7.36	7.23
5.508	8.07	7.99	7.38	7.23
5.509	8.07	7.99	7.39	7.23
5.510	8.07	7.99	7.41	7.23
5.511	8.07	7.99	7.42	7.23
5.512	8.06	7.99	7.42	7.23
5.513	8.05	7.99	7.41	7.23
5.514	8.04	7.98	7.40	7.23
5.515	8.02	7.98	7.38	7.23
5.516	7.99	7.98	7.35	7.23
5.517	7.96	7.98	7.32	7.23
5.518	7.94	7.98	7.30	7.23
5.519	7.93	7.98	7.28	7.24
5.520	7.94	7.98	7.28	7.24
5.521	7.95	7.98	7.29	7.24
5.522	7.97	7.97	7.30	7.24
5.523	7.97	7.97	7.32	7.24
5.524	7.98	7.97	7.33	7.24
5.525	7.98	7.97	7.35	7.24
5.526	7.98	7.97	7.36	7.24
5.527	7.98	7.97	7.37	7.24
5.528	7.99	7.97	7.37	7.25
5.529	7.99	7.97	7.37	7.25
5.530	7.99	7.97	7.37	7.25
5.531	7.99	7.97	7.36	7.25
5.532	7.99	7.97	7.35	7.25
5.533	7.99	7.97	7.34	7.26
5.534	7.99	7.97	7.34	7.26
5.535	7.98	7.97	7.33	7.26
5.536	7.97	7.97	7.32	7.27
5.537	7.96	7.97	7.32	7.27
5.538	7.95	7.97	7.31	7.27
5.539	7.94	7.97	7.31	7.28
5.540	7.93	7.97	7.31	7.28
5.541	7.93	7.97	7.32	7.29
5.542	7.93	7.97	7.34	7.29
5.543	7.94	7.98	7.35	7.29
5.544	7.95	7.98	7.37	7.30
5.545	7.96	7.98	7.38	7.31
5.546	7.96	7.98	7.38	7.31
5.547	7.97	7.99	7.39	7.32
5.548	7.97	7.99	7.39	7.32
5.549	7.98	7.99	7.39	7.33
5.550	7.99	8.00	7.40	7.34
5.551	7.99	8.00	7.40	7.35
5.552	8.00	8.01	7.41	7.35
5.553	8.00	8.01	7.42	7.36
5.554	8.00	8.02	7.43	7.37
5.555	8.01	8.02	7.44	7.38
5.556	8.02	8.03	7.46	7.39
5.557	8.03	8.04	7.47	7.40
5.558	8.04	8.04	7.47	7.41
5.559	8.05	8.05	7.48	7.42
5.560	8.06	8.06	7.48	7.43
5.561	8.06	8.07	7.49	7.44
5.562	8.06	8.07	7.49	7.45
5.563	8.06	8.08	7.50	7.46
5.564	8.06	8.09	7.50	7.47
5.565	8.06	8.10	7.51	7.49
5.566	8.06	8.11	7.52	7.50
5.567	8.06	8.12	7.52	7.51
5.568	8.06	8.13	7.53	7.53
5.569	8.06	8.14	7.53	7.54
5.570	8.06	8.15	7.54	7.55
5.571	8.07	8.16	7.56	7.57
5.572	8.07	8.18	7.58	7.58
5.573	8.08	8.19	7.59	7.59
5.574	8.09	8.20	7.61	7.61
5.575	8.09	8.22	7.63	7.62
5.576	8.10	8.23	7.64	7.64
5.577	8.11	8.24	7.66	7.65
5.578	8.12	8.26	7.67	7.67
5.579	8.14	8.27	7.68	7.68
5.580	8.15	8.29	7.69	7.70
5.581	8.16	8.30	7.70	7.72
5.582	8.17	8.32	7.71	7.73
5.583	8.18	8.33	7.73	7.75
5.584	8.19	8.35	7.74	7.76
5.585	8.20	8.36	7.76	7.78
5.586	8.22	8.38	7.78	7.79
5.587	8.25	8.40	7.81	7.81
5.588	8.29	8.41	7.86	7.82
5.589	8.34	8.43	7.92	7.84
5.590	8.40	8.44	7.98	7.85
5.591	8.46	8.46	8.03	7.87
5.592	8.52	8.48	8.07	7.88
5.593	8.56	8.49	8.10	7.89
5.594	8.60	8.51	8.13	7.91
5.595	8.64	8.52	8.16	7.92
5.596	8.68	8.54	8.19	7.93
5.597	8.71	8.55	8.21	7.94
5.598	8.73	8.57	8.23	7.96
5.599	8.75	8.58	8.24	7.97
5.600	8.76	8.59	8.24	7.98
5.601	8.76	8.61	8.24	7.99
5.602	8.76	8.62	8.23	7.99
5.603	8.76	8.63	8.21	8.00
5.604	8.75	8.64	8.20	8.01
5.605	8.75	8.66	8.20	8.02
5.606	8.75	8.67	8.20	8.02
5.607	8.75	8.68	8.21	8.03
5.608	8.76	8.68	8.23	8.03
5.609	8.77	8.69	8.24	8.04
5.610	8.79	8.70	8.25	8.04
5.611	8.81	8.71	8.26	8.04
5.612	8.83	8.72	8.27	8.04
5.613	8.85	8.72	8.27	8.04
5.614	8.86	8.73	8.27	8.04
5.615	8.88	8.73	8.27	8.04
5.616	8.89	8.73	8.26	8.04
5.617	8.89	8.74	8.24	8.04
5.618	8.88	8.74	8.22	8.04
5.619	8.88	8.74	8.21	8.04
5.620	8.87	8.74	8.21	8.03
5.621	8.88	8.74	8.21	8.03
5.622	8.88	8.74	8.22	8.02
5.623	8.89	8.74	8.23	8.02
5.624	8.89	8.74	8.23	8.01
5.625	8.89	8.74	8.24	8.00
5.626	8.88	8.74	8.23	8.00
5.627	8.88	8.73	8.22	7.99
5.628	8.86	8.73	8.20	7.98
5.629	8.85	8.72	8.17	7.97
5.630	8.84	8.72	8.15	7.96
5.631	8.83	8.71	8.13	7.95
5.632	8.82	8.71	8.11	7.94
5.633	8.80	8.70	8.09	7.93
5.634	8.78	8.69	8.08	7.92
5.635	8.77	8.69	8.07	7.91
5.636	8.76	8.68	8.06	7.90
5.637	8.74	8.67	8.04	7.89
5.638	8.73	8.66	8.01	7.88
5.639	8.72	8.65	7.99	7.87
5.640	8.71	8.64	7.96	7.86
5.641	8.69	8.63	7.93	7.85
5.642	8.68	8.63	7.88	7.83
5.643	8.65	8.62	7.81	7.82
5.644	8.62	8.61	7.75	7.81
5.645	8.58	8.60	7.70	7.80
5.646	8.53	8.59	7.65	7.79
5.647	8.48	8.58	7.60	7.78
5.648	8.42	8.57	7.56	7.77
5.649	8.36	8.56	7.51	7.76
5.650	8.29	8.55	7.48	7.75
5.651	8.24	8.55	7.48	7.74
5.652	8.19	8.54	7.49	7.74
5.653	8.17	8.53	7.51	7.73
5.654	8.17	8.52	7.53	7.72
5.655	8.18	8.52	7.55	7.71
5.656	8.20	8.51	7.56	7.71
5.657	8.23	8.51	7.58	7.70
5.658	8.25	8.50	7.59	7.70
5.659	8.27	8.50	7.61	7.69
5.660	8.29	8.49	7.64	7.69
5.661	8.30	8.49	7.65	7.68
5.662	8.31	8.48	7.67	7.68
5.663	8.32	8.48	7.69	7.67
5.664	8.34	8.47	7.70	7.67
5.665	8.36	8.47	7.72	7.66
5.666	8.38	8.47	7.74	7.66
5.667	8.40	8.47	7.76	7.66
5.668	8.42	8.46	7.77	7.65
5.669	8.44	8.46	7.79	7.65
5.670	8.45	8.46	7.81	7.65
5.671	8.46	8.46	7.83	7.64
5.672	8.48	8.46	7.85	7.64
5.673	8.50	8.45	7.87	7.64
5.674	8.52	8.45	7.87	7.64
5.675	8.53	8.45	7.87	7.63
5.676	8.55	8.45	7.85	7.63
5.677	8.56	8.45	7.84	7.62
5.678	8.56	8.44	7.82	7.62
5.679	8.56	8.44	7.82	7.62
5.680	8.57	8.44	7.82	7.61
5.681	8.57	8.44	7.82	7.61
5.682	8.58	8.43	7.83	7.60
5.683	8.58	8.43	7.84	7.60
5.684	8.58	8.43	7.84	7.59
5.685	8.58	8.43	7.83	7.59
5.686	8.57	8.42	7.82	7.58
5.687	8.56	8.42	7.80	7.58
5.688	8.55	8.42	7.78	7.57
5.689	8.53	8.41	7.75	7.57
5.690	8.52	8.41	7.73	7.56
5.691	8.51	8.40	7.72	7.55
5.692	8.50	8.40	7.71	7.55
5.693	8.49	8.39	7.72	7.54
5.694	8.48	8.39	7.72	7.53
5.695	8.47	8.38	7.72	7.53
5.696	8.45	8.38	7.71	7.52
5.697	8.44	8.37	7.69	7.51
5.698	8.43	8.36	7.67	7.51
5.699	8.42	8.36	7.64	7.50
5.700	8.42	8.35	7.62	7.49
5.701	8.41	8.34	7.59	7.48
5.702	8.40	8.34	7.56	7.47
5.703	8.38	8.33	7.54	7.47
5.704	8.37	8.32	7.52	7.46
5.705	8.35	8.32	7.51	7.45
5.706	8.34	8.31	7.49	7.44
5.707	8.32	8.30	7.48	7.44
5.708	8.30	8.30	7.48	7.43
5.709	8.28	8.29	7.46	7.42
5.710	8.27	8.28	7.45	7.42
5.711	8.25	8.27	7.42	7.41
5.712	8.23	8.27	7.39	7.40
5.713	8.21	8.26	7.36	7.40
5.714	8.18	8.25	7.34	7.39
5.715	8.16	8.25	7.32	7.38
5.716	8.14	8.24	7.31	7.38
5.717	8.12	8.23	7.31	7.37
5.718	8.11	8.23	7.31	7.37
5.719	8.10	8.22	7.33	7.36
5.720	8.10	8.21	7.35	7.36
5.721	8.09	8.21	7.35	7.35
5.722	8.09	8.20	7.35	7.35
5.723	8.09	8.19	7.35	7.34
5.724	8.08	8.19	7.35	7.34
5.725	8.07	8.18	7.35	7.34
5.726	8.07	8.18	7.35	7.33
5.727	8.08	8.17	7.35	7.33
5.728	8.08	8.17	7.36	7.33
5.729	8.09	8.16	7.36	7.32
5.730	8.10	8.16	7.37	7.32
5.731	8.11	8.16	7.37	7.32
5.732	8.12	8.15	7.38	7.31
5.733	8.12	8.15	7.38	7.31
5.734	8.12	8.14	7.38	7.31
5.735	8.12	8.14	7.38	7.31
5.736	8.12	8.14	7.38	7.30
5.737	8.13	8.13	7.40	7.30
5.738	8.13	8.13	7.41	7.30
5.739	8.14	8.12	7.42	7.30
5.740	8.14	8.12	7.42	7.30
5.741	8.14	8.12	7.42	7.29
5.742	8.14	8.11	7.42	7.29
5.743	8.13	8.11	7.40	7.29
5.744	8.12	8.11	7.39	7.29
5.745	8.11	8.10	7.38	7.29
5.746	8.10	8.10	7.38	7.28
5.747	8.10	8.10	7.39	7.28
5.748	8.10	8.09	7.41	7.28
5.749	8.10	8.09	7.42	7.27
5.750	8.12	8.08	7.43	7.27
5.751	8.13	8.08	7.44	7.27
5.752	8.14	8.08	7.45	7.27
5.753	8.15	8.07	7.45	7.26
5.754	8.15	8.07	7.44	7.26
5.755	8.15	8.06	7.44	7.25
5.756	8.15	8.06	7.43	7.25
5.757	8.14	8.06	7.42	7.25
5.758	8.13	8.05	7.41	7.24
5.759	8.12	8.05	7.39	7.24
5.760	8.10	8.04	7.38	7.23
5.761	8.08	8.04	7.36	7.23
5.762	8.07	8.03	7.36	7.22
5.763	8.07	8.02	7.36	7.22
5.764	8.07	8.02	7.36	7.21
5.765	8.07	8.01	7.36	7.20
5.766	8.07	8.01	7.37	7.20
5.767	8.08	8.00	7.37	7.19
5.768	8.09	8.00	7.38	7.19
5.769	8.10	7.99	7.39	7.18
5.770	8.11	7.98	7.39	7.17
5.771	8.10	7.98	7.39	7.17
5.772	8.09	7.97	7.37	7.16
5.773	8.06	7.96	7.35	7.15
5.774	8.04	7.96	7.32	7.14
5.775	8.00	7.95	7.28	7.14
5.776	7.97	7.94	7.25	7.13
5.777	7.95	7.94	7.23	7.12
5.778	7.93	7.93	7.22	7.12
5.779	7.91	7.92	7.21	7.11
5.780	7.90	7.92	7.20	7.10
5.781	7.89	7.91	7.19	7.09
5.782	7.88	7.90	7.19	7.09
5.783	7.87	7.90	7.18	7.08
5.784	7.87	7.89	7.17	7.07
5.785	7.87	7.89	7.16	7.07
5.786	7.87	7.88	7.15	7.06
5.787	7.86	7.87	7.14	7.05
5.788	7.86	7.87	7.13	7.05
5.789	7.85	7.86	7.11	7.04
5.790	7.84	7.86	7.10	7.03
5.791	7.83	7.85	7.09	7.03
5.792	7.83	7.85	7.07	7.02
5.793	7.82	7.84	7.06	7.02
5.794	7.82	7.84	7.05	7.01
5.795	7.82	7.84	7.05	7.01
5.796	7.82	7.83	7.05	7.01
5.797	7.83	7.83	7.05	7.00
5.798	7.83	7.83	7.05	7.00
5.799	7.82	7.83	7.05	7.00
5.800	7.82	7.82	7.05	7.00
5.801	7.81	7.82	7.04	7.00
5.802	7.80	7.82	7.02	6.99
5.803	7.78	7.82	7.00	6.99
5.804	7.77	7.82	6.98	6.99
5.805	7.76	7.82	6.97	6.99
5.806	7.75	7.82	6.97	7.00
5.807	7.75	7.82	6.97	7.00
5.808	7.75	7.82	6.97	7.00
5.809	7.75	7.82	6.98	7.00
5.810	7.76	7.82	6.99	7.01
5.811	7.76	7.83	7.00	7.01
5.812	7.77	7.83	7.01	7.01
5.813	7.78	7.83	7.03	7.02
5.814	7.79	7.84	7.05	7.02
5.815	7.79	7.84	7.06	7.03
5.816	7.80	7.85	7.07	7.04
5.817	7.80	7.85	7.07	7.05
5.818	7.80	7.86	7.07	7.05
5.819	7.81	7.86	7.07	7.06
5.820	7.81	7.87	7.07	7.07
5.821	7.81	7.88	7.08	7.08
5.822	7.81	7.89	7.09	7.09
5.823	7.81	7.90	7.09	7.10
5.824	7.81	7.90	7.10	7.11
5.825	7.81	7.91	7.10	7.12
5.826	7.81	7.92	7.11	7.13
5.827	7.81	7.93	7.13	7.15
5.828	7.82	7.94	7.15	7.16
5.829	7.84	7.95	7.18	7.17
5.830	7.86	7.97	7.21	7.18
5.831	7.89	7.98	7.25	7.20
5.832	7.91	7.99	7.28	7.21
5.833	7.94	8.00	7.30	7.22
5.834	7.96	8.01	7.32	7.24
5.835	7.98	8.03	7.33	7.25
5.836	8.00	8.04	7.35	7.27
5.837	8.01	8.05	7.36	7.28
5.838	8.03	8.06	7.37	7.30
5.839	8.05	8.08	7.39	7.31
5.840	8.06	8.09	7.42	7.33
5.841	8.08	8.11	7.46	7.34
5.842	8.10	8.12	7.49	7.36
5.843	8.13	8.13	7.52	7.37
5.844	8.16	8.15	7.55	7.39
5.845	8.20	8.16	7.57	7.40
5.846	8.24	8.17	7.59	7.42
5.847	8.27	8.19	7.62	7.43
5.848	8.31	8.20	7.65	7.44
5.849	8.34	8.21	7.68	7.46
5.850	8.36	8.23	7.70	7.47
5.851	8.38	8.24	7.72	7.49
5.852	8.39	8.25	7.74	7.50
5.853	8.40	8.27	7.75	7.51
5.854	8.41	8.28	7.77	7.52
5.855	8.43	8.29	7.79	7.54
5.856	8.45	8.30	7.79	7.55
5.857	8.47	8.31	7.79	7.56
5.858	8.48	8.32	7.78	7.57
5.859	8.49	8.33	7.77	7.58
5.860	8.49	8.35	7.76	7.59
5.861	8.49	8.36	7.75	7.60
5.862	8.49	8.37	7.75	7.61
5.863	8.50	8.37	7.77	7.62
5.864	8.51	8.38	7.80	7.63
5.865	8.52	8.39	7.83	7.64
5.866	8.53	8.40	7.84	7.65
5.867	8.53	8.41	7.85	7.66
5.868	8.52	8.42	7.86	7.67
5.869	8.51	8.43	7.85	7.68
5.870	8.50	8.43	7.84	7.69
5.871	8.49	8.44	7.83	7.69
5.872	8.48	8.45	7.81	7.70
5.873	8.47	8.45	7.80	7.71
5.874	8.47	8.46	7.79	7.72
5.875	8.47	8.47	7.78	7.72
5.876	8.47	8.47	7.77	7.73
5.877	8.47	8.48	7.77	7.74
5.878	8.47	8.49	7.78	7.74
5.879	8.47	8.49	7.78	7.75
5.880	8.46	8.50	7.78	7.76
5.881	8.45	8.50	7.78	7.76
5.882	8.44	8.51	7.77	7.77
5.883	8.43	8.52	7.77	7.78
5.884	8.42	8.52	7.76	7.78
5.885	8.41	8.53	7.76	7.79
5.886	8.41	8.53	7.75	7.79
5.887	8.40	8.54	7.75	7.80
5.888	8.40	8.55	7.76	7.81
5.889	8.40	8.55	7.77	7.81
5.890	8.41	8.56	7.77	7.82
5.891	8.42	8.57	7.77	7.83
5.892	8.42	8.57	7.77	7.83
5.893	8.43	8.58	7.78	7.84
5.894	8.43	8.59	7.78	7.84
5.895	8.44	8.59	7.80	7.85
5.896	8.46	8.60	7.82	7.85
5.897	8.48	8.60	7.84	7.86
5.898	8.50	8.61	7.87	7.87
5.899	8.52	8.62	7.89	7.87
5.900	8.54	8.62	7.90	7.88
5.901	8.56	8.63	7.90	7.88
5.902	8.57	8.64	7.91	7.88
5.903	8.57	8.64	7.92	7.89
5.904	8.58	8.65	7.94	7.89
5.905	8.58	8.66	7.96	7.90
5.906	8.59	8.66	7.99	7.90
5.907	8.61	8.67	8.01	7.90
5.908	8.63	8.67	8.03	7.90
5.909	8.65	8.68	8.05	7.91
5.910	8.67	8.68	8.06	7.91
5.911	8.69	8.69	8.07	7.91
5.912	8.70	8.69	8.09	7.91
5.913	8.71	8.70	8.10	7.91
5.914	8.72	8.70	8.11	7.91
5.915	8.73	8.70	8.13	7.91
5.916	8.75	8.70	8.14	7.90
5.917	8.78	8.71	8.16	7.90
5.918	8.81	8.71	8.18	7.90
5.919	8.84	8.71	8.20	7.89
5.920	8.87	8.71	8.20	7.89
5.921	8.89	8.71	8.19	7.88
5.922	8.90	8.71	8.17	7.88
5.923	8.90	8.71	8.15	7.87
5.924	8.88	8.70	8.12	7.86
5.925	8.87	8.70	8.10	7.85
5.926	8.85	8.70	8.08	7.85
5.927	8.83	8.69	8.07	7.84
5.928	8.81	8.69	8.06	7.82
5.929	8.80	8.68	8.05	7.81
5.930	8.79	8.67	8.04	7.80
5.931	8.79	8.67	8.03	7.79
5.932	8.79	8.66	8.01	7.78
5.933	8.79	8.65	8.01	7.76
5.934	8.80	8.64	8.01	7.75
5.935	8.82	8.63	8.02	7.73
5.936	8.84	8.62	8.03	7.72
5.937	8.86	8.61	8.03	7.70
5.938	8.87	8.60	8.02	7.68
5.939	8.87	8.58	8.00	7.67
5.940	8.86	8.57	7.96	7.65
5.941	8.84	8.56	7.92	7.63
5.942	8.81	8.54	7.87	7.61
5.943	8.78	8.53	7.81	7.60
5.944	8.73	8.51	7.75	7.58
5.945	8.68	8.49	7.69	7.56
5.946	8.63	8.48	7.62	7.54
5.947	8.58	8.46	7.56	7.52
5.948	8.53	8.44	7.50	7.50
5.949	8.48	8.43	7.44	7.48
5.950	8.42	8.41	7.39	7.46
5.951	8.36	8.39	7.35	7.45
5.952	8.30	8.37	7.30	7.43
5.953	8.25	8.35	7.27	7.41
5.954	8.20	8.34	7.23	7.39
5.955	8.14	8.32	7.20	7.38
5.956	8.09	8.30	7.18	7.36
5.957	8.04	8.28	7.16	7.34
5.958	7.99	8.27	7.15	7.33
5.959	7.96	8.25	7.15	7.31
5.960	7.95	8.23	7.15	7.30
5.961	7.94	8.22	7.16	7.29
5.962	7.95	8.20	7.17	7.27
5.963	7.95	8.19	7.17	7.26
5.964	7.95	8.17	7.16	7.25
5.965	7.95	8.16	7.16	7.24
5.966	7.94	8.14	7.16	7.23
5.967	7.94	8.13	7.15	7.22
5.968	7.93	8.12	7.15	7.21
5.969	7.93	8.10	7.16	7.20
5.970	7.94	8.09	7.17	7.19
5.971	7.95	8.08	7.19	7.18
5.972	7.97	8.07	7.21	7.17
5.973	7.98	8.06	7.22	7.17
5.974	7.99	8.05	7.23	7.16
5.975	8.00	8.04	7.24	7.16
5.976	8.00	8.03	7.25	7.15
5.977	8.01	8.02	7.27	7.15
5.978	8.02	8.01	7.28	7.14
5.979	8.03	8.01	7.30	7.14
5.980	8.05	8.00	7.33	7.13
5.981	8.07	7.99	7.35	7.13
5.982	8.10	7.98	7.38	7.13
5.983	8.13	7.98	7.39	7.13
5.984	8.14	7.97	7.38	7.13
5.985	8.14	7.97	7.36	7.13
5.986	8.12	7.96	7.32	7.12
5.987	8.10	7.96	7.28	7.12
5.988	8.06	7.95	7.24	7.12
5.989	8.02	7.95	7.21	7.12
5.990	7.98	7.94	7.18	7.13
5.991	7.96	7.94	7.17	7.13
5.992	7.95	7.94	7.17	7.13
5.993	7.95	7.93	7.18	7.13
5.994	7.95	7.93	7.18	7.13
5.995	7.94	7.93	7.18	7.14
5.996	7.92	7.93	7.17	7.14
5.997	7.89	7.93	7.16	7.14
5.998	7.86	7.93	7.15	7.15
5.999	7.81	7.93	7.12	7.15
6.000	7.77	7.93	7.08	7.16
6.001	7.73	7.93	7.04	7.16
6.002	7.69	7.93	7.00	7.17
6.003	7.66	7.93	6.97	7.18
6.004	7.64	7.93	6.97	7.18
6.005	7.64	7.93	6.99	7.19
6.006	7.65	7.94	7.03	7.20
6.007	7.68	7.94	7.09	7.20
6.008	7.72	7.94	7.15	7.21
6.009	7.76	7.95	7.22	7.22
6.010	7.81	7.95	7.27	7.23
6.011	7.85	7.95	7.32	7.24
6.012	7.89	7.96	7.36	7.25
6.013	7.92	7.96	7.38	7.25
6.014	7.95	7.97	7.39	7.26
6.015	7.98	7.97	7.41	7.27
6.016	8.01	7.98	7.45	7.28
6.017	8.05	7.98	7.49	7.29
6.018	8.08	7.99	7.53	7.30
6.019	8.12	8.00	7.58	7.31
6.020	8.15	8.00	7.62	7.31
6.021	8.18	8.01	7.66	7.32
6.022	8.21	8.01	7.69	7.33
6.023	8.23	8.02	7.70	7.34
6.024	8.24	8.02	7.70	7.34
6.025	8.25	8.03	7.69	7.35
6.026	8.25	8.03	7.68	7.35
6.027	8.25	8.03	7.66	7.36
6.028	8.25	8.04	7.65	7.37
6.029	8.24	8.04	7.63	7.37
6.030	8.23	8.05	7.61	7.37
6.031	8.21	8.05	7.59	7.38
6.032	8.18	8.05	7.57	7.38
6.033	8.16	8.05	7.55	7.39
6.034	8.13	8.06	7.53	7.39
6.035	8.11	8.06	7.51	7.39
6.036	8.08	8.06	7.48	7.39
6.037	8.05	8.06	7.46	7.40
6.038	8.03	8.06	7.44	7.40
6.039	8.00	8.06	7.42	7.40
6.040	7.98	8.07	7.40	7.40
6.041	7.96	8.07	7.38	7.40
6.042	7.94	8.07	7.36	7.40
6.043	7.93	8.07	7.34	7.40
6.044	7.93	8.07	7.32	7.40
6.045	7.93	8.07	7.32	7.40
6.046	7.93	8.07	7.33	7.40
6.047	7.94	8.07	7.35	7.40
6.048	7.96	8.07	7.39	7.40
6.049	7.99	8.06	7.42	7.40
6.050	8.03	8.06	7.47	7.40
6.051	8.07	8.06	7.51	7.40
6.052	8.11	8.06	7.54	7.40
6.053	8.14	8.06	7.59	7.40
6.054	8.19	8.06	7.63	7.39
6.055	8.23	8.05	7.68	7.39
6.056	8.28	8.05	7.73	7.39
6.057	8.33	8.05	7.79	7.39
6.058	8.37	8.04	7.83	7.38
6.059	8.40	8.04	7.85	7.38
6.060	8.41	8.04	7.84	7.37
6.061	8.40	8.03	7.81	7.37
6.062	8.37	8.03	7.76	7.36
6.063	8.32	8.02	7.70	7.36
6.064	8.27	8.02	7.65	7.35
6.065	8.21	8.01	7.59	7.35
6.066	8.16	8.00	7.53	7.34
6.067	8.10	8.00	7.47	7.34
6.068	8.03	7.99	7.41	7.33
6.069	7.97	7.99	7.35	7.33
6.070	7.91	7.98	7.29	7.32
6.071	7.85	7.97	7.23	7.31
6.072	7.80	7.97	7.18	7.31
6.073	7.74	7.96	7.13	7.30
6.074	7.69	7.96	7.09	7.30
6.075	7.65	7.95	7.06	7.29
6.076	7.62	7.95	7.05	7.29
6.077	7.60	7.94	7.05	7.28
6.078	7.60	7.94	7.06	7.28
6.079	7.61	7.93	7.06	7.28
6.080	7.63	7.93	7.08	7.27
6.081	7.65	7.93	7.10	7.27
6.082	7.67	7.92	7.12	7.27
6.083	7.69	7.92	7.16	7.26
6.084	7.72	7.92	7.19	7.26
6.085	7.75	7.92	7.23	7.26
6.086	7.77	7.91	7.25	7.26
6.087	7.80	7.91	7.28	7.26
6.088	7.84	7.91	7.31	7.26
6.089	7.87	7.91	7.34	7.26
6.090	7.91	7.91	7.36	7.25
6.091	7.94	7.91	7.39	7.25
6.092	7.97	7.91	7.41	7.25
6.093	7.99	7.90	7.43	7.25
6.094	8.00	7.90	7.45	7.25
6.095	8.02	7.90	7.46	7.25
6.096	8.03	7.90	7.47	7.25
6.097	8.04	7.90	7.47	7.25
6.098	8.04	7.90	7.46	7.25
6.099	8.03	7.90	7.44	7.25
6.100	8.02	7.90	7.43	7.25
6.101	8.01	7.90	7.42	7.25
6.102	7.99	7.90	7.41	7.25
6.103	7.98	7.90	7.41	7.25
6.104	7.96	7.90	7.41	7.25
6.105	7.95	7.90	7.41	7.25
6.106	7.93	7.90	7.41	7.25
6.107	7.92	7.90	7.40	7.25
6.108	7.91	7.90	7.39	7.25
6.109	7.90	7.90	7.38	7.25
6.110	7.90	7.90	7.36	7.25
6.111	7.91	7.89	7.35	7.25
6.112	7.92	7.89	7.34	7.25
6.113	7.93	7.89	7.34	7.25
6.114	7.94	7.89	7.34	7.25
6.115	7.94	7.89	7.34	7.25
6.116	7.94	7.89	7.35	7.25
6.117	7.94	7.89	7.35	7.25
6.118	7.93	7.89	7.34	7.25
6.119	7.92	7.89	7.34	7.25
6.120	7.91	7.88	7.33	7.25
6.121	7.89	7.88	7.33	7.25
6.122	7.88	7.88	7.33	7.25
6.123	7.87	7.88	7.33	7.25
6.124	7.86	7.88	7.34	7.25
6.125	7.86	7.88	7.35	7.25
6.126	7.86	7.88	7.35	7.25
6.127	7.86	7.88	7.35	7.25
6.128	7.87	7.87	7.35	7.25
6.129	7.89	7.87	7.34	7.25
6.130	7.89	7.87	7.34	7.25
6.131	7.90	7.87	7.34	7.25
6.132	7.91	7.87	7.34	7.25
6.133	7.91	7.87	7.34	7.25
6.134	7.91	7.87	7.34	7.25
6.135	7.91	7.86	7.34	7.25
6.136	7.92	7.86	7.34	7.25
6.137	7.93	7.86	7.34	7.25
6.138	7.93	7.86	7.35	7.25
6.139	7.93	7.86	7.35	7.25
6.140	7.93	7.86	7.36	7.26
6.141	7.92	7.86	7.36	7.26
6.142	7.90	7.85	7.36	7.26
6.143	7.87	7.85	7.35	7.26
6.144	7.85	7.85	7.34	7.26
6.145	7.82	7.85	7.32	7.26
6.146	7.79	7.85	7.30	7.26
6.147	7.78	7.85	7.29	7.27
6.148	7.77	7.85	7.29	7.27
6.149	7.76	7.85	7.28	7.27
6.150	7.76	7.85	7.27	7.27
6.151	7.75	7.85	7.26	7.27
6.152	7.74	7.85	7.25	7.28
6.153	7.73	7.85	7.25	7.28
6.154	7.73	7.85	7.26	7.28
6.155	7.72	7.85	7.27	7.28
6.156	7.72	7.85	7.28	7.29
6.157	7.71	7.85	7.29	7.29
6.158	7.71	7.85	7.30	7.29
6.159	7.71	7.86	7.30	7.30
6.160	7.71	7.86	7.28	7.30
6.161	7.72	7.86	7.28	7.30
6.162	7.74	7.86	7.30	7.30
6.163	7.75	7.86	7.33	7.31
6.164	7.77	7.86	7.36	7.31
6.165	7.79	7.87	7.38	7.31
6.166	7.81	7.87	7.41	7.32
6.167	7.83	7.87	7.43	7.32
6.168	7.86	7.87	7.45	7.32
6.169	7.89	7.88	7.46	7.32
6.170	7.91	7.88	7.46	7.33
6.171	7.92	7.88	7.46	7.33
6.172	7.92	7.88	7.46	7.33
6.173	7.93	7.88	7.47	7.33
6.174	7.94	7.88	7.49	7.33
6.175	7.96	7.89	7.51	7.33
6.176	7.98	7.89	7.53	7.34
6.177	8.00	7.89	7.55	7.34
6.178	8.03	7.89	7.55	7.34
6.179	8.04	7.89	7.56	7.34
6.180	8.05	7.89	7.56	7.34
6.181	8.05	7.89	7.56	7.33
6.182	8.05	7.89	7.56	7.33
6.183	8.04	7.89	7.57	7.33
6.184	8.03	7.89	7.57	7.33
6.185	8.02	7.89	7.57	7.33
6.186	8.01	7.89	7.57	7.32
6.187	7.99	7.88	7.55	7.32
6.188	7.98	7.88	7.54	7.32
6.189	7.97	7.88	7.52	7.31
6.190	7.96	7.88	7.50	7.31
6.191	7.95	7.87	7.49	7.31
6.192	7.94	7.87	7.47	7.30
6.193	7.94	7.87	7.46	7.30
6.194	7.94	7.86	7.45	7.29
6.195	7.93	7.86	7.44	7.29
6.196	7.92	7.86	7.43	7.28
6.197	7.91	7.85	7.42	7.27
6.198	7.90	7.85	7.41	7.27
6.199	7.89	7.84	7.39	7.26
6.200	7.87	7.84	7.37	7.25
6.201	7.86	7.83	7.34	7.25
6.202	7.84	7.83	7.31	7.24
6.203	7.83	7.82	7.29	7.23
6.204	7.81	7.81	7.27	7.23
6.205	7.80	7.81	7.25	7.22
6.206	7.79	7.80	7.24	7.21
6.207	7.78	7.80	7.24	7.20
6.208	7.77	7.79	7.23	7.20
6.209	7.75	7.78	7.22	7.19
6.210	7.74	7.78	7.20	7.18
6.211	7.73	7.77	7.18	7.17
6.212	7.71	7.77	7.17	7.17
6.213	7.70	7.76	7.16	7.16
6.214	7.69	7.75	7.16	7.15
6.215	7.69	7.75	7.15	7.15
6.216	7.68	7.74	7.15	7.14
6.217	7.68	7.74	7.15	7.13
6.218	7.68	7.73	7.16	7.13
6.219	7.67	7.72	7.15	7.12
6.220	7.66	7.72	7.15	7.11
6.221	7.65	7.71	7.14	7.11
6.222	7.64	7.71	7.14	7.10
6.223	7.63	7.70	7.13	7.10
6.224	7.63	7.70	7.13	7.09
6.225	7.63	7.69	7.14	7.09
6.226	7.64	7.69	7.14	7.08
6.227	7.65	7.68	7.15	7.08
6.228	7.66	7.68	7.16	7.07
6.229	7.66	7.68	7.16	7.07
6.230	7.67	7.67	7.15	7.06
6.231	7.66	7.67	7.14	7.06
6.232	7.66	7.66	7.13	7.05
6.233	7.65	7.66	7.11	7.05
6.234	7.64	7.65	7.10	7.05
6.235	7.63	7.65	7.09	7.04
6.236	7.63	7.65	7.08	7.04
6.237	7.63	7.64	7.07	7.03
6.238	7.63	7.64	7.06	7.03
6.239	7.63	7.64	7.06	7.03
6.240	7.63	7.63	7.06	7.03
6.241	7.63	7.63	7.07	7.02
6.242	7.63	7.63	7.08	7.02
6.243	7.63	7.63	7.09	7.02
6.244	7.63	7.62	7.10	7.01
6.245	7.63	7.62	7.11	7.01
6.246	7.63	7.62	7.10	7.01
6.247	7.62	7.61	7.09	7.01
6.248	7.60	7.61	7.08	7.00
6.249	7.58	7.61	7.06	7.00
6.250	7.57	7.61	7.05	7.00
6.251	7.55	7.60	7.04	7.00
6.252	7.54	7.60	7.04	6.99
6.253	7.53	7.60	7.03	6.99
6.254	7.52	7.60	7.03	6.99
6.255	7.52	7.60	7.01	6.99
6.256	7.52	7.59	7.00	6.99
6.257	7.51	7.59	6.98	6.98
6.258	7.51	7.59	6.97	6.98
6.259	7.50	7.59	6.96	6.98
6.260	7.49	7.58	6.97	6.97
6.261	7.49	7.58	6.98	6.97
6.262	7.49	7.58	6.99	6.97
6.263	7.50	7.58	7.02	6.97
6.264	7.51	7.58	7.04	6.96
6.265	7.52	7.57	7.06	6.96
6.266	7.54	7.57	7.08	6.96
6.267	7.56	7.57	7.09	6.95
6.268	7.58	7.56	7.11	6.95
6.269	7.59	7.56	7.13	6.94
6.270	7.61	7.56	7.14	6.94
6.271	7.62	7.55	7.15	6.93
6.272	7.63	7.55	7.16	6.93
6.273	7.64	7.54	7.16	6.92
6.274	7.64	7.54	7.16	6.91
6.275	7.64	7.53	7.15	6.91
6.276	7.64	7.53	7.15	6.90
6.277	7.64	7.52	7.14	6.89
6.278	7.64	7.52	7.13	6.88
6.279	7.64	7.51	7.13	6.87
6.280	7.63	7.50	7.12	6.87
6.281	7.62	7.50	7.10	6.86
6.282	7.61	7.49	7.09	6.85
6.283	7.60	7.48	7.07	6.83
6.284	7.59	7.47	7.05	6.82
6.285	7.58	7.46	7.03	6.81
6.286	7.57	7.45	7.02	6.80
6.287	7.56	7.44	7.00	6.79
6.288	7.55	7.43	7.00	6.78
6.289	7.55	7.42	7.01	6.76
6.290	7.55	7.41	7.01	6.75
6.291	7.55	7.40	7.01	6.74
6.292	7.56	7.38	7.00	6.72
6.293	7.56	7.37	7.00	6.71
6.294	7.56	7.36	7.00	6.69
6.295	7.56	7.34	7.00	6.68
6.296	7.56	7.33	7.00	6.66
6.297	7.56	7.32	7.01	6.65
6.298	7.57	7.30	7.01	6.63
6.299	7.58	7.29	7.00	6.62
6.300	7.59	7.27	6.99	6.60
6.301	7.61	7.26	6.96	6.59
6.302	7.61	7.24	6.93	6.57
6.303	7.61	7.23	6.90	6.56
6.304	7.59	7.21	6.87	6.55
6.305	7.56	7.20	6.84	6.53
6.306	7.52	7.18	6.82	6.52
6.307	7.48	7.17	6.79	6.51
6.308	7.44	7.16	6.76	6.49
6.309	7.40	7.14	6.71	6.48
6.310	7.35	7.13	6.62	6.47
6.311	7.27	7.12	6.47	6.46
6.312	7.14	7.10	6.25	6.45
6.313	6.97	7.09	6.01	6.44
6.314	6.76	7.08	5.82	6.44
6.315	6.55	7.07	5.70	6.43
6.316	6.40	7.06	5.65	6.43
6.317	6.30	7.06	5.65	6.43
6.318	6.26	7.05	5.69	6.43
6.319	6.27	7.05	5.75	6.43
6.320	6.30	7.04	5.81	6.43
6.321	6.34	7.04	5.88	6.43
6.322	6.38	7.04	5.95	6.44
6.323	6.43	7.04	6.02	6.44
6.324	6.48	7.04	6.07	6.45
6.325	6.53	7.05	6.12	6.46
6.326	6.58	7.05	6.17	6.47
6.327	6.62	7.06	6.21	6.48
6.328	6.67	7.06	6.26	6.49
6.329	6.71	7.07	6.31	6.51
6.330	6.77	7.08	6.36	6.52
6.331	6.82	7.09	6.42	6.54
6.332	6.88	7.11	6.48	6.56
6.333	6.93	7.12	6.54	6.58
6.334	6.98	7.13	6.60	6.60
6.335	7.03	7.15	6.66	6.62
6.336	7.07	7.17	6.72	6.64
6.337	7.12	7.18	6.77	6.66
6.338	7.17	7.20	6.82	6.68
6.339	7.21	7.22	6.87	6.70
6.340	7.24	7.24	6.91	6.73
6.341	7.27	7.26	6.93	6.75
6.342	7.29	7.28	6.95	6.77
6.343	7.32	7.30	6.97	6.79
6.344	7.35	7.32	7.01	6.82
6.345	7.38	7.34	7.05	6.84
6.346	7.43	7.37	7.11	6.86
6.347	7.48	7.39	7.16	6.89
6.348	7.53	7.41	7.22	6.91
6.349	7.57	7.43	7.26	6.93
6.350	7.61	7.45	7.31	6.95
6.351	7.64	7.47	7.35	6.98
6.352	7.68	7.50	7.40	7.00
6.353	7.73	7.52	7.44	7.02
6.354	7.77	7.54	7.48	7.04
6.355	7.81	7.56	7.52	7.06
6.356	7.86	7.58	7.56	7.08
6.357	7.90	7.60	7.60	7.09
6.358	7.95	7.62	7.63	7.11
6.359	8.00	7.64	7.66	7.13
6.360	8.04	7.66	7.66	7.14
6.361	8.08	7.67	7.65	7.16
6.362	8.12	7.69	7.64	7.17
6.363	8.14	7.71	7.61	7.19
6.364	8.14	7.72	7.58	7.20
6.365	8.13	7.74	7.55	7.21
6.366	8.10	7.75	7.52	7.23
6.367	8.06	7.77	7.48	7.24
6.368	8.01	7.78	7.45	7.25
6.369	7.97	7.79	7.42	7.26
6.370	7.93	7.80	7.39	7.27
6.371	7.90	7.82	7.36	7.27
6.372	7.87	7.83	7.33	7.28
6.373	7.86	7.84	7.31	7.29
6.374	7.84	7.85	7.29	7.30
6.375	7.83	7.86	7.28	7.31
6.376	7.82	7.87	7.27	7.31
6.377	7.81	7.88	7.27	7.32
6.378	7.80	7.89	7.27	7.33
6.379	7.79	7.90	7.26	7.33
6.380	7.77	7.90	7.24	7.34
6.381	7.75	7.91	7.22	7.34
6.382	7.72	7.92	7.19	7.35
6.383	7.69	7.93	7.17	7.36
6.384	7.66	7.94	7.16	7.36
6.385	7.64	7.95	7.16	7.37
6.386	7.64	7.95	7.18	7.37
6.387	7.65	7.96	7.22	7.38
6.388	7.68	7.97	7.25	7.38
6.389	7.73	7.98	7.29	7.39
6.390	7.79	7.98	7.33	7.39
6.391	7.84	7.99	7.37	7.40
6.392	7.90	8.00	7.41	7.40
6.393	7.95	8.00	7.45	7.41
6.394	7.99	8.01	7.49	7.41
6.395	8.04	8.02	7.52	7.41
6.396	8.07	8.02	7.56	7.42
6.397	8.10	8.03	7.60	7.42
6.398	8.13	8.03	7.63	7.42
6.399	8.15	8.04	7.65	7.43
6.400	8.16	8.05	7.67	7.43
6.401	8.17	8.05	7.69	7.43
6.402	8.19	8.05	7.71	7.43
6.403	8.21	8.06	7.74	7.44
6.404	8.24	8.06	7.76	7.44
6.405	8.27	8.07	7.77	7.44
6.406	8.29	8.07	7.78	7.44
6.407	8.31	8.07	7.77	7.44
6.408	8.32	8.07	7.76	7.44
6.409	8.31	8.08	7.74	7.44
6.410	8.30	8.08	7.71	7.44
6.411	8.27	8.08	7.68	7.44
6.412	8.25	8.08	7.65	7.43
6.413	8.23	8.08	7.62	7.43
6.414	8.20	8.08	7.60	7.43
6.415	8.17	8.08	7.57	7.43
6.416	8.14	8.08	7.53	7.43
6.417	8.10	8.08	7.50	7.42
6.418	8.06	8.08	7.46	7.42
6.419	8.02	8.08	7.43	7.42
6.420	8.00	8.08	7.41	7.42
6.421	7.98	8.08	7.39	7.41
6.422	7.96	8.08	7.38	7.41
6.423	7.96	8.08	7.37	7.41
6.424	7.95	8.08	7.36	7.40
6.425	7.94	8.08	7.35	7.40
6.426	7.93	8.08	7.34	7.40
6.427	7.93	8.07	7.33	7.40
6.428	7.93	8.07	7.32	7.39
6.429	7.94	8.07	7.32	7.39
6.430	7.95	8.07	7.32	7.39
6.431	7.96	8.07	7.33	7.39
6.432	7.98	8.07	7.34	7.38
6.433	7.98	8.07	7.35	7.38
6.434	7.98	8.07	7.36	7.38
6.435	7.97	8.07	7.37	7.38
6.436	7.96	8.07	7.36	7.38
6.437	7.95	8.07	7.36	7.37
6.438	7.94	8.07	7.36	7.37
6.439	7.95	8.07	7.36	7.37
6.440	7.96	8.07	7.36	7.37
6.441	7.97	8.07	7.37	7.37
6.442	7.98	8.07	7.38	7.37
6.443	7.99	8.07	7.39	7.36
6.444	8.00	8.07	7.40	7.36
6.445	8.02	8.07	7.41	7.36
6.446	8.03	8.07	7.43	7.36
6.447	8.05	8.07	7.45	7.36
6.448	8.07	8.07	7.47	7.36
6.449	8.09	8.07	7.49	7.35
6.450	8.10	8.07	7.52	7.35
6.451	8.11	8.07	7.53	7.35
6.452	8.11	8.07	7.53	7.35
6.453	8.11	8.07	7.52	7.34
6.454	8.10	8.07	7.51	7.34
6.455	8.09	8.07	7.49	7.34
6.456	8.09	8.07	7.47	7.34
6.457	8.08	8.07	7.46	7.33
6.458	8.09	8.07	7.45	7.33
6.459	8.09	8.06	7.44	7.32
6.460	8.10	8.06	7.45	7.32
6.461	8.11	8.06	7.46	7.32
6.462	8.12	8.06	7.47	7.31
6.463	8.13	8.05	7.48	7.31
6.464	8.15	8.05	7.50	7.30
6.465	8.16	8.05	7.51	7.29
6.466	8.18	8.04	7.52	7.29
6.467	8.19	8.04	7.53	7.28
6.468	8.20	8.03	7.54	7.27
6.469	8.20	8.03	7.53	7.27
6.470	8.19	8.02	7.52	7.26
6.471	8.16	8.02	7.49	7.25
6.472	8.13	8.01	7.46	7.24
6.473	8.10	8.00	7.43	7.24
6.474	8.06	7.99	7.40	7.23
6.475	8.04	7.99	7.38	7.22
6.476	8.02	7.98	7.36	7.21
6.477	8.01	7.97	7.34	7.20
6.478	8.00	7.96	7.32	7.19
6.479	8.00	7.95	7.30	7.18
6.480	7.99	7.94	7.27	7.17
6.481	7.99	7.93	7.25	7.16
6.482	8.00	7.92	7.24	7.15
6.483	8.00	7.91	7.23	7.14
6.484	8.01	7.90	7.23	7.13
6.485	8.00	7.89	7.22	7.12
6.486	7.99	7.88	7.20	7.11
6.487	7.96	7.87	7.18	7.10
6.488	7.92	7.86	7.14	7.08
6.489	7.88	7.85	7.10	7.07
6.490	7.85	7.84	7.06	7.06
6.491	7.81	7.82	7.03	7.05
6.492	7.79	7.81	7.00	7.04
6.493	7.76	7.80	6.98	7.03
6.494	7.74	7.79	6.97	7.02
6.495	7.71	7.78	6.96	7.01
6.496	7.68	7.76	6.95	7.00
6.497	7.65	7.75	6.94	6.99
6.498	7.62	7.74	6.94	6.98
6.499	7.60	7.73	6.94	6.97
6.500	7.59	7.72	6.95	6.96
6.501	7.59	7.71	6.96	6.95
6.502	7.58	7.69	6.96	6.94
6.503	7.58	7.68	6.97	6.93
6.504	7.57	7.67	6.96	6.92
6.505	7.56	7.66	6.96	6.91
6.506	7.55	7.65	6.95	6.90
6.507	7.53	7.64	6.94	6.89
6.508	7.51	7.63	6.92	6.89
6.509	7.49	7.62	6.91	6.88
6.510	7.48	7.61	6.91	6.87
6.511	7.47	7.60	6.91	6.86
6.512	7.48	7.58	6.92	6.85
6.513	7.49	7.57	6.94	6.84
6.514	7.52	7.56	6.96	6.83
6.515	7.54	7.55	6.98	6.83
6.516	7.56	7.54	7.00	6.82
6.517	7.57	7.54	7.02	6.81
6.518	7.59	7.53	7.03	6.80
6.519	7.61	7.52	7.05	6.79
6.520	7.63	7.51	7.06	6.78
6.521	7.65	7.50	7.07	6.77
6.522	7.66	7.49	7.07	6.77
6.523	7.66	7.48	7.07	6.76
6.524	7.65	7.47	7.06	6.75
6.525	7.64	7.46	7.04	6.74
6.526	7.63	7.45	7.02	6.73
6.527	7.62	7.44	7.01	6.72
6.528	7.61	7.43	6.99	6.71
6.529	7.61	7.42	6.97	6.70
6.530	7.60	7.41	6.95	6.70
6.531	7.59	7.40	6.92	6.69
6.532	7.57	7.39	6.90	6.68
6.533	7.54	7.38	6.88	6.67
6.534	7.52	7.38	6.86	6.66
6.535	7.50	7.37	6.84	6.66
6.536	7.48	7.36	6.82	6.65
6.537	7.46	7.35	6.79	6.64
6.538	7.43	7.34	6.77	6.64
6.539	7.41	7.34	6.74	6.63
6.540	7.38	7.33	6.72	6.62
6.541	7.35	7.32	6.70	6.62
6.542	7.33	7.32	6.68	6.61
6.543	7.32	7.31	6.66	6.61
6.544	7.30	7.30	6.65	6.61
6.545	7.29	7.30	6.63	6.60
6.546	7.27	7.30	6.60	6.60
6.547	7.25	7.29	6.58	6.60
6.548	7.23	7.29	6.56	6.60
6.549	7.21	7.29	6.54	6.60
6.550	7.18	7.29	6.52	6.60
6.551	7.15	7.28	6.50	6.60
6.552	7.12	7.28	6.48	6.61
6.553	7.09	7.29	6.46	6.61
6.554	7.07	7.29	6.44	6.62
6.555	7.05	7.29	6.42	6.62
6.556	7.03	7.29	6.40	6.63
6.557	7.02	7.30	6.39	6.64
6.558	7.01	7.30	6.38	6.65
6.559	7.00	7.31	6.38	6.66
6.560	6.99	7.32	6.39	6.67
6.561	6.99	7.33	6.42	6.68
6.562	6.99	7.34	6.45	6.70
6.563	7.01	7.35	6.49	6.71
6.564	7.03	7.36	6.52	6.73
6.565	7.06	7.37	6.56	6.74
6.566	7.09	7.39	6.59	6.76
6.567	7.13	7.40	6.61	6.78
6.568	7.16	7.42	6.64	6.80
6.569	7.18	7.43	6.66	6.82
6.570	7.21	7.45	6.69	6.84
6.571	7.23	7.47	6.72	6.86
6.572	7.25	7.48	6.76	6.88
6.573	7.27	7.50	6.80	6.90
6.574	7.31	7.52	6.85	6.92
6.575	7.35	7.54	6.91	6.95
6.576	7.41	7.56	6.98	6.97
6.577	7.47	7.58	7.05	6.99
6.578	7.54	7.60	7.13	7.02
6.579	7.62	7.63	7.21	7.04
6.580	7.69	7.65	7.28	7.06
6.581	7.77	7.67	7.35	7.09
6.582	7.84	7.69	7.42	7.11
6.583	7.90	7.71	7.48	7.14
6.584	7.96	7.73	7.53	7.16
6.585	8.02	7.75	7.58	7.18
6.586	8.07	7.78	7.62	7.20
6.587	8.12	7.80	7.67	7.23
6.588	8.17	7.82	7.73	7.25
6.589	8.22	7.84	7.79	7.27
6.590	8.28	7.86	7.86	7.29
6.591	8.34	7.87	7.91	7.31
6.592	8.38	7.89	7.93	7.33
6.593	8.41	7.91	7.93	7.35
6.594	8.41	7.93	7.91	7.36
6.595	8.40	7.94	7.87	7.38
6.596	8.38	7.96	7.83	7.40
6.597	8.35	7.98	7.79	7.41
6.598	8.31	7.99	7.74	7.43
6.599	8.27	8.01	7.70	7.44
6.600	8.23	8.02	7.65	7.46
6.601	8.18	8.03	7.60	7.47
6.602	8.12	8.05	7.54	7.49
6.603	8.06	8.06	7.47	7.50
6.604	7.99	8.07	7.41	7.51
6.605	7.93	8.08	7.36	7.52
6.606	7.87	8.09	7.31	7.53
6.607	7.83	8.11	7.29	7.54
6.608	7.80	8.12	7.30	7.56
6.609	7.80	8.13	7.34	7.57
6.610	7.81	8.14	7.38	7.58
6.611	7.83	8.15	7.42	7.59
6.612	7.86	8.16	7.45	7.60
6.613	7.89	8.17	7.47	7.60
6.614	7.92	8.18	7.48	7.61
6.615	7.94	8.19	7.51	7.62
6.616	7.97	8.20	7.53	7.63
6.617	7.99	8.21	7.56	7.64
6.618	8.02	8.21	7.60	7.64
6.619	8.06	8.22	7.63	7.65
6.620	8.09	8.23	7.67	7.66
6.621	8.13	8.24	7.70	7.66
6.622	8.16	8.25	7.74	7.67
6.623	8.19	8.25	7.77	7.67
6.624	8.22	8.26	7.80	7.68
6.625	8.25	8.27	7.84	7.68
6.626	8.29	8.27	7.86	7.68
6.627	8.32	8.28	7.88	7.69
6.628	8.34	8.28	7.90	7.69
6.629	8.36	8.29	7.91	7.69
6.630	8.37	8.29	7.92	7.69
6.631	8.38	8.29	7.93	7.69
6.632	8.39	8.29	7.94	7.68
6.633	8.41	8.30	7.95	7.68
6.634	8.43	8.30	7.97	7.68
6.635	8.46	8.30	7.99	7.67
6.636	8.49	8.30	8.02	7.67
6.637	8.53	8.29	8.05	7.66
6.638	8.57	8.29	8.09	7.65
6.639	8.61	8.29	8.13	7.65
6.640	8.65	8.28	8.17	7.64
6.641	8.69	8.28	8.20	7.63
6.642	8.73	8.27	8.23	7.62
6.643	8.76	8.27	8.24	7.60
6.644	8.78	8.26	8.22	7.59
6.645	8.78	8.25	8.17	7.58
6.646	8.77	8.24	8.10	7.56
6.647	8.73	8.23	8.02	7.55
6.648	8.68	8.22	7.93	7.53
6.649	8.61	8.21	7.85	7.52
6.650	8.54	8.19	7.77	7.50
6.651	8.45	8.18	7.69	7.49
6.652	8.37	8.17	7.62	7.47
6.653	8.29	8.15	7.54	7.45
6.654	8.20	8.14	7.46	7.44
6.655	8.11	8.13	7.38	7.42
6.656	8.01	8.11	7.28	7.40
6.657	7.90	8.10	7.18	7.38
6.658	7.80	8.08	7.07	7.37
6.659	7.70	8.07	6.99	7.35
6.660	7.62	8.05	6.92	7.33
6.661	7.57	8.04	6.88	7.32
6.662	7.53	8.03	6.87	7.30
6.663	7.52	8.01	6.87	7.29
6.664	7.51	8.00	6.87	7.27
6.665	7.52	7.99	6.88	7.26
6.666	7.53	7.97	6.90	7.25
6.667	7.54	7.96	6.93	7.24
6.668	7.57	7.95	6.96	7.22
6.669	7.60	7.94	7.00	7.21
6.670	7.64	7.93	7.04	7.20
6.671	7.68	7.92	7.09	7.19
6.672	7.73	7.91	7.13	7.18
6.673	7.77	7.90	7.16	7.18
6.674	7.80	7.89	7.19	7.17
6.675	7.82	7.89	7.20	7.16
6.676	7.83	7.88	7.21	7.15
6.677	7.83	7.87	7.21	7.15
6.678	7.83	7.87	7.22	7.14
6.679	7.84	7.86	7.23	7.14
6.680	7.85	7.85	7.25	7.13
6.681	7.87	7.85	7.27	7.13
6.682	7.89	7.84	7.28	7.12
6.683	7.91	7.84	7.30	7.12
6.684	7.93	7.83	7.32	7.11
6.685	7.94	7.83	7.33	7.11
6.686	7.95	7.82	7.34	7.11
6.687	7.96	7.82	7.34	7.11
6.688	7.96	7.82	7.33	7.10
6.689	7.96	7.81	7.33	7.10
6.690	7.96	7.81	7.32	7.10
6.691	7.95	7.80	7.31	7.10
6.692	7.93	7.80	7.30	7.10
6.693	7.92	7.80	7.29	7.10
6.694	7.90	7.80	7.29	7.10
6.695	7.89	7.79	7.28	7.10
6.696	7.87	7.79	7.27	7.10
6.697	7.86	7.79	7.26	7.10
6.698	7.85	7.78	7.23	7.10
6.699	7.84	7.78	7.21	7.10
6.700	7.82	7.78	7.18	7.10
6.701	7.81	7.78	7.17	7.10
6.702	7.79	7.78	7.16	7.10
6.703	7.76	7.78	7.15	7.11
6.704	7.74	7.77	7.14	7.11
6.705	7.71	7.77	7.13	7.11
6.706	7.69	7.77	7.10	7.11
6.707	7.67	7.77	7.08	7.12
6.708	7.65	7.77	7.06	7.12
6.709	7.64	7.77	7.04	7.13
6.710	7.62	7.77	7.02	7.13
6.711	7.61	7.77	7.02	7.13
6.712	7.60	7.77	7.02	7.14
6.713	7.60	7.78	7.04	7.14
6.714	7.61	7.78	7.06	7.15
6.715	7.61	7.78	7.08	7.16
6.716	7.63	7.78	7.11	7.16
6.717	7.65	7.78	7.15	7.17
6.718	7.68	7.78	7.19	7.17
6.719	7.71	7.79	7.24	7.18
6.720	7.75	7.79	7.29	7.19
6.721	7.79	7.79	7.33	7.19
6.722	7.83	7.79	7.37	7.20
6.723	7.86	7.80	7.39	7.21
6.724	7.89	7.80	7.41	7.21
6.725	7.91	7.80	7.42	7.22
6.726	7.92	7.80	7.42	7.23
6.727	7.93	7.81	7.42	7.23
6.728	7.93	7.81	7.42	7.24
6.729	7.93	7.81	7.41	7.25
6.730	7.92	7.81	7.40	7.25
6.731	7.91	7.82	7.40	7.26
6.732	7.90	7.82	7.40	7.27
6.733	7.88	7.82	7.40	7.27
6.734	7.87	7.82	7.40	7.28
6.735	7.85	7.82	7.41	7.28
6.736	7.84	7.83	7.42	7.29
6.737	7.83	7.83	7.43	7.29
6.738	7.83	7.83	7.43	7.30
6.739	7.83	7.83	7.43	7.30
6.740	7.83	7.83	7.43	7.30
6.741	7.84	7.83	7.43	7.31
6.742	7.84	7.83	7.43	7.31
6.743	7.85	7.84	7.42	7.31
6.744	7.85	7.84	7.42	7.32
6.745	7.84	7.84	7.41	7.32
6.746	7.84	7.84	7.41	7.32
6.747	7.83	7.84	7.42	7.32
6.748	7.82	7.84	7.44	7.32
6.749	7.82	7.84	7.45	7.33
6.750	7.82	7.84	7.47	7.33
6.751	7.83	7.84	7.48	7.33
6.752	7.84	7.83	7.48	7.33
6.753	7.85	7.83	7.49	7.33
6.754	7.86	7.83	7.50	7.32
6.755	7.87	7.83	7.51	7.32
6.756	7.88	7.83	7.52	7.32
6.757	7.89	7.83	7.52	7.32
6.758	7.90	7.82	7.53	7.32
6.759	7.91	7.82	7.53	7.31
6.760	7.91	7.82	7.52	7.31
6.761	7.91	7.82	7.51	7.30
6.762	7.91	7.81	7.50	7.30
6.763	7.91	7.81	7.48	7.30
6.764	7.90	7.80	7.45	7.29
6.765	7.88	7.80	7.43	7.28
6.766	7.85	7.80	7.40	7.28
6.767	7.83	7.79	7.39	7.27
6.768	7.80	7.79	7.38	7.27
6.769	7.79	7.78	7.38	7.26
6.770	7.78	7.78	7.37	7.25
6.771	7.77	7.77	7.36	7.24
6.772	7.77	7.76	7.35	7.24
6.773	7.76	7.76	7.33	7.23
6.774	7.76	7.75	7.31	7.22
6.775	7.75	7.75	7.29	7.21
6.776	7.74	7.74	7.28	7.20
6.777	7.74	7.73	7.28	7.19
6.778	7.73	7.73	7.27	7.18
6.779	7.73	7.72	7.26	7.17
6.780	7.73	7.71	7.25	7.16
6.781	7.73	7.70	7.24	7.15
6.782	7.72	7.70	7.22	7.14
6.783	7.70	7.69	7.21	7.13
6.784	7.68	7.68	7.20	7.12
6.785	7.67	7.67	7.19	7.11
6.786	7.65	7.67	7.18	7.10
6.787	7.65	7.66	7.18	7.09
6.788	7.64	7.65	7.17	7.08
6.789	7.64	7.64	7.17	7.07
6.790	7.65	7.63	7.17	7.06
6.791	7.65	7.63	7.17	7.05
6.792	7.64	7.62	7.16	7.04
6.793	7.64	7.61	7.15	7.03
6.794	7.63	7.60	7.14	7.02
6.795	7.61	7.59	7.12	7.01
6.796	7.60	7.59	7.10	7.00
6.797	7.59	7.58	7.08	6.99
6.798	7.59	7.57	7.07	6.99
6.799	7.58	7.56	7.07	6.98
6.800	7.58	7.56	7.07	6.97
6.801	7.57	7.55	7.07	6.96
6.802	7.56	7.54	7.07	6.95
6.803	7.55	7.53	7.06	6.94
6.804	7.54	7.53	7.04	6.93
6.805	7.53	7.52	7.01	6.92
6.806	7.53	7.51	6.98	6.92
6.807	7.52	7.50	6.96	6.91
6.808	7.51	7.50	6.95	6.90
6.809	7.51	7.49	6.95	6.89
6.810	7.51	7.48	6.95	6.89
6.811	7.51	7.48	6.95	6.88
6.812	7.50	7.47	6.95	6.88
6.813	7.50	7.47	6.95	6.87
6.814	7.49	7.46	6.93	6.87
6.815	7.48	7.46	6.91	6.86
6.816	7.47	7.45	6.88	6.86
6.817	7.45	7.45	6.85	6.85
6.818	7.43	7.44	6.82	6.85
6.819	7.42	7.44	6.80	6.85
6.820	7.40	7.43	6.78	6.84
6.821	7.38	7.43	6.77	6.84
6.822	7.35	7.43	6.75	6.84
6.823	7.32	7.43	6.74	6.84
6.824	7.29	7.42	6.72	6.84
6.825	7.25	7.42	6.72	6.84
6.826	7.22	7.42	6.72	6.84
6.827	7.20	7.42	6.73	6.84
6.828	7.19	7.42	6.74	6.84
6.829	7.19	7.42	6.76	6.85
6.830	7.20	7.42	6.78	6.85
6.831	7.22	7.42	6.80	6.85
6.832	7.24	7.42	6.82	6.86
6.833	7.26	7.42	6.84	6.86
6.834	7.28	7.43	6.86	6.86
6.835	7.31	7.43	6.88	6.87
6.836	7.33	7.43	6.91	6.87
6.837	7.36	7.43	6.94	6.88
6.838	7.39	7.44	6.97	6.88
6.839	7.41	7.44	6.99	6.89
6.840	7.43	7.44	7.01	6.89
6.841	7.44	7.45	7.02	6.90
6.842	7.45	7.45	7.03	6.90
6.843	7.46	7.46	7.03	6.91
6.844	7.46	7.46	7.04	6.91
6.845	7.46	7.47	7.04	6.92
6.846	7.47	7.47	7.05	6.92
6.847	7.47	7.48	7.07	6.93
6.848	7.48	7.48	7.08	6.93
6.849	7.49	7.49	7.10	6.94
6.850	7.51	7.49	7.11	6.94
6.851	7.53	7.49	7.13	6.95
6.852	7.55	7.50	7.15	6.95
6.853	7.58	7.50	7.16	6.95
6.854	7.61	7.51	7.18	6.96
6.855	7.63	7.51	7.19	6.96
6.856	7.64	7.52	7.19	6.96
6.857	7.64	7.52	7.19	6.97
6.858	7.63	7.52	7.18	6.97
6.859	7.62	7.53	7.17	6.97
6.860	7.61	7.53	7.15	6.97
6.861	7.61	7.53	7.14	6.97
6.862	7.60	7.53	7.13	6.97
6.863	7.59	7.54	7.12	6.97
6.864	7.59	7.54	7.12	6.97
6.865	7.60	7.54	7.12	6.97
6.866	7.60	7.54	7.13	6.97
6.867	7.61	7.54	7.14	6.97
6.868	7.62	7.54	7.15	6.96
6.869	7.63	7.54	7.15	6.96
6.870	7.63	7.54	7.14	6.96
6.871	7.62	7.54	7.13	6.95
6.872	7.62	7.54	7.11	6.95
6.873	7.62	7.53	7.10	6.94
6.874	7.62	7.53	7.09	6.94
6.875	7.61	7.53	7.09	6.93
6.876	7.61	7.53	7.09	6.93
6.877	7.61	7.52	7.09	6.92
6.878	7.61	7.52	7.09	6.91
6.879	7.61	7.51	7.09	6.90
6.880	7.61	7.51	7.09	6.90
6.881	7.60	7.50	7.08	6.89
6.882	7.59	7.50	7.07	6.88
6.883	7.57	7.49	7.05	6.87
6.884	7.55	7.49	7.03	6.86
6.885	7.52	7.48	7.01	6.85
6.886	7.50	7.47	7.00	6.84
6.887	7.49	7.47	6.99	6.83
6.888	7.48	7.46	6.98	6.82
6.889	7.49	7.45	6.98	6.80
6.890	7.50	7.44	6.97	6.79
6.891	7.52	7.43	6.96	6.78
6.892	7.54	7.43	6.95	6.77
6.893	7.55	7.42	6.94	6.76
6.894	7.55	7.41	6.93	6.74
6.895	7.54	7.40	6.92	6.73
6.896	7.52	7.39	6.91	6.72
6.897	7.51	7.38	6.89	6.71
6.898	7.49	7.37	6.87	6.69
6.899	7.46	7.36	6.84	6.68
6.900	7.44	7.35	6.81	6.67
6.901	7.42	7.34	6.77	6.66
6.902	7.39	7.33	6.74	6.64
6.903	7.37	7.32	6.70	6.63
6.904	7.34	7.31	6.66	6.62
6.905	7.32	7.30	6.64	6.61
6.906	7.29	7.30	6.61	6.60
6.907	7.27	7.29	6.59	6.59
6.908	7.24	7.28	6.56	6.58
6.909	7.20	7.27	6.52	6.57
6.910	7.17	7.26	6.48	6.56
6.911	7.13	7.25	6.45	6.55
6.912	7.09	7.25	6.44	6.54
6.913	7.07	7.24	6.43	6.53
6.914	7.05	7.23	6.44	6.53
6.915	7.04	7.23	6.46	6.52
6.916	7.05	7.22	6.48	6.51
6.917	7.07	7.22	6.50	6.51
6.918	7.09	7.21	6.51	6.50
6.919	7.11	7.21	6.52	6.50
6.920	7.13	7.21	6.53	6.49
6.921	7.15	7.20	6.55	6.49
6.922	7.17	7.20	6.56	6.49
6.923	7.18	7.20	6.57	6.49
6.924	7.19	7.20	6.58	6.49
6.925	7.20	7.20	6.59	6.49
6.926	7.20	7.20	6.59	6.49
6.927	7.19	7.20	6.59	6.49
6.928	7.19	7.20	6.58	6.49
6.929	7.19	7.21	6.57	6.49
6.930	7.19	7.21	6.57	6.50
6.931	7.19	7.21	6.56	6.50
6.932	7.19	7.22	6.55	6.51
6.933	7.20	7.22	6.55	6.51
6.934	7.20	7.23	6.55	6.52
6.935	7.20	7.24	6.55	6.53
6.936	7.21	7.24	6.56	6.54
6.937	7.21	7.25	6.56	6.54
6.938	7.22	7.26	6.57	6.55
6.939	7.22	7.27	6.57	6.57
6.940	7.23	7.28	6.57	6.58
6.941	7.23	7.29	6.57	6.59
6.942	7.23	7.30	6.57	6.60
6.943	7.23	7.32	6.58	6.62
6.944	7.22	7.33	6.58	6.63
6.945	7.21	7.34	6.58	6.65
6.946	7.20	7.36	6.57	6.66
6.947	7.19	7.37	6.56	6.68
6.948	7.18	7.39	6.54	6.70
6.949	7.17	7.41	6.53	6.71
6.950	7.17	7.43	6.52	6.73
6.951	7.17	7.44	6.53	6.75
6.952	7.18	7.46	6.56	6.77
6.953	7.20	7.48	6.60	6.79
6.954	7.23	7.50	6.65	6.82
6.955	7.26	7.52	6.70	6.84
6.956	7.29	7.55	6.75	6.86
6.957	7.33	7.57	6.80	6.88
6.958	7.37	7.59	6.85	6.91
6.959	7.42	7.61	6.90	6.93
6.960	7.47	7.64	6.94	6.95
6.961	7.53	7.66	6.99	6.98
6.962	7.59	7.68	7.05	7.00
6.963	7.64	7.71	7.10	7.03
6.964	7.71	7.73	7.15	7.05
6.965	7.77	7.75	7.21	7.07
6.966	7.82	7.78	7.26	7.10
6.967	7.88	7.80	7.32	7.12
6.968	7.93	7.82	7.38	7.14
6.969	7.98	7.85	7.44	7.17
6.970	8.03	7.87	7.50	7.19
6.971	8.08	7.89	7.55	7.21
6.972	8.12	7.92	7.59	7.23
6.973	8.16	7.94	7.61	7.25
6.974	8.19	7.96	7.63	7.27
6.975	8.22	7.98	7.64	7.29
6.976	8.25	8.00	7.65	7.31
6.977	8.27	8.02	7.67	7.33
6.978	8.29	8.04	7.68	7.35
6.979	8.31	8.06	7.69	7.36
6.980	8.32	8.07	7.69	7.38
6.981	8.33	8.09	7.70	7.39
6.982	8.34	8.10	7.70	7.41
6.983	8.35	8.12	7.70	7.42
6.984	8.34	8.13	7.70	7.43
6.985	8.33	8.15	7.69	7.44
6.986	8.32	8.16	7.69	7.45
6.987	8.30	8.17	7.68	7.46
6.988	8.29	8.18	7.68	7.47
6.989	8.29	8.19	7.69	7.48
6.990	8.29	8.20	7.70	7.49
6.991	8.30	8.21	7.72	7.49
6.992	8.32	8.21	7.74	7.50
6.993	8.34	8.22	7.76	7.50
6.994	8.35	8.23	7.76	7.50
6.995	8.37	8.23	7.76	7.50
6.996	8.38	8.23	7.75	7.51
6.997	8.37	8.24	7.74	7.51
6.998	8.36	8.24	7.73	7.51
6.999	8.35	8.24	7.71	7.50
7.000	8.33	8.24	7.70	7.50
7.001	8.32	8.24	7.68	7.50
7.002	8.31	8.24	7.66	7.50
7.003	8.30	8.24	7.65	7.49
7.004	8.29	8.24	7.64	7.49
7.005	8.29	8.24	7.64	7.48
7.006	8.29	8.23	7.65	7.48
7.007	8.31	8.23	7.65	7.47
7.008	8.32	8.22	7.65	7.46
7.009	8.33	8.22	7.64	7.46
7.010	8.34	8.21	7.63	7.45
7.011	8.34	8.21	7.62	7.44
7.012	8.33	8.20	7.60	7.43
7.013	8.32	8.19	7.58	7.42
7.014	8.31	8.19	7.56	7.41
7.015	8.29	8.18	7.54	7.40
7.016	8.26	8.17	7.52	7.39
7.017	8.23	8.16	7.49	7.39
7.018	8.19	8.16	7.46	7.38
7.019	8.16	8.15	7.44	7.37
7.020	8.13	8.14	7.41	7.36
7.021	8.11	8.13	7.39	7.35
7.022	8.09	8.12	7.37	7.34
7.023	8.08	8.11	7.36	7.33
7.024	8.07	8.10	7.34	7.32
7.025	8.05	8.10	7.33	7.31
7.026	8.03	8.09	7.31	7.30
7.027	8.00	8.08	7.28	7.29
7.028	7.97	8.07	7.26	7.29
7.029	7.93	8.07	7.23	7.28
7.030	7.90	8.06	7.20	7.27
7.031	7.86	8.05	7.17	7.27
7.032	7.83	8.05	7.13	7.26
7.033	7.81	8.04	7.10	7.26
7.034	7.79	8.03	7.07	7.25
7.035	7.78	8.03	7.05	7.25
7.036	7.77	8.03	7.03	7.24
7.037	7.77	8.02	7.03	7.24
7.038	7.77	8.02	7.04	7.24
7.039	7.78	8.02	7.06	7.24
7.040	7.80	8.01	7.08	7.24
7.041	7.81	8.01	7.10	7.24
7.042	7.83	8.01	7.13	7.24
7.043	7.85	8.01	7.16	7.24
7.044	7.87	8.01	7.19	7.24
7.045	7.89	8.01	7.22	7.24
7.046	7.91	8.01	7.24	7.25
7.047	7.93	8.01	7.27	7.25
7.048	7.94	8.02	7.30	7.25
7.049	7.96	8.02	7.32	7.26
7.050	7.98	8.02	7.35	7.26
7.051	8.00	8.02	7.38	7.27
7.052	8.02	8.03	7.40	7.28
7.053	8.03	8.03	7.41	7.28
7.054	8.04	8.04	7.41	7.29
7.055	8.05	8.04	7.42	7.30
7.056	8.05	8.05	7.43	7.30
7.057	8.05	8.05	7.44	7.31
7.058	8.06	8.06	7.45	7.32
7.059	8.07	8.06	7.46	7.33
7.060	8.08	8.07	7.48	7.34
7.061	8.10	8.08	7.50	7.35
7.062	8.12	8.08	7.52	7.35
7.063	8.15	8.09	7.54	7.36
7.064	8.17	8.10	7.55	7.37
7.065	8.20	8.10	7.56	7.38
7.066	8.22	8.11	7.57	7.39
7.067	8.23	8.12	7.58	7.40
7.068	8.24	8.13	7.58	7.41
7.069	8.25	8.13	7.59	7.42
7.070	8.25	8.14	7.59	7.43
7.071	8.25	8.15	7.59	7.44
7.072	8.25	8.16	7.60	7.45
7.073	8.25	8.16	7.60	7.46
7.074	8.25	8.17	7.62	7.47
7.075	8.25	8.18	7.63	7.48
7.076	8.26	8.19	7.65	7.49
7.077	8.27	8.19	7.67	7.50
7.078	8.28	8.20	7.69	7.51
7.079	8.30	8.21	7.71	7.52
7.080	8.31	8.22	7.72	7.53
7.081	8.32	8.22	7.73	7.54
7.082	8.33	8.23	7.74	7.56
7.083	8.33	8.24	7.72	7.57
7.084	8.31	8.25	7.70	7.58
7.085	8.28	8.25	7.65	7.59
7.086	8.24	8.26	7.60	7.60
7.087	8.19	8.27	7.54	7.61
7.088	8.13	8.28	7.47	7.62
7.089	8.07	8.29	7.41	7.63
7.090	8.02	8.29	7.37	7.64
7.091	7.98	8.30	7.35	7.65
7.092	7.95	8.31	7.35	7.66
7.093	7.96	8.32	7.39	7.67
7.094	7.98	8.33	7.45	7.69
7.095	8.03	8.33	7.53	7.70
7.096	8.09	8.34	7.60	7.71
7.097	8.15	8.35	7.67	7.72
7.098	8.20	8.36	7.74	7.73
7.099	8.25	8.37	7.80	7.74
7.100	8.30	8.38	7.86	7.75
7.101	8.35	8.38	7.92	7.76
7.102	8.40	8.39	7.97	7.77
7.103	8.45	8.40	8.01	7.78
7.104	8.49	8.41	8.05	7.79
7.105	8.54	8.41	8.09	7.80
7.106	8.58	8.42	8.13	7.80
7.107	8.63	8.42	8.18	7.81
7.108	8.68	8.43	8.22	7.82
7.109	8.72	8.43	8.25	7.83
7.110	8.75	8.44	8.26	7.83
7.111	8.77	8.44	8.25	7.84
7.112	8.78	8.45	8.25	7.84
7.113	8.78	8.45	8.23	7.84
7.114	8.78	8.45	8.22	7.85
7.115	8.77	8.45	8.21	7.85
7.116	8.75	8.45	8.20	7.85
7.117	8.73	8.45	8.18	7.85
7.118	8.71	8.45	8.16	7.85
7.119	8.68	8.45	8.13	7.85
7.120	8.66	8.45	8.11	7.85
7.121	8.64	8.45	8.08	7.85
7.122	8.62	8.45	8.06	7.85
7.123	8.59	8.45	8.03	7.85
7.124	8.57	8.44	8.00	7.85
7.125	8.54	8.44	7.97	7.84
7.126	8.51	8.43	7.94	7.84
7.127	8.48	8.43	7.92	7.84
7.128	8.45	8.43	7.90	7.83
7.129	8.41	8.42	7.89	7.83
7.130	8.39	8.42	7.87	7.83
7.131	8.36	8.41	7.85	7.82
7.132	8.35	8.41	7.84	7.82
7.133	8.34	8.40	7.82	7.81
7.134	8.33	8.39	7.80	7.81
7.135	8.33	8.39	7.79	7.80
7.136	8.31	8.38	7.77	7.80
7.137	8.30	8.38	7.77	7.79
7.138	8.28	8.37	7.76	7.79
7.139	8.26	8.37	7.76	7.78
7.140	8.24	8.36	7.75	7.78
7.141	8.22	8.36	7.75	7.77
7.142	8.20	8.35	7.74	7.77
7.143	8.19	8.35	7.73	7.76
7.144	8.18	8.34	7.72	7.76
7.145	8.17	8.34	7.71	7.75
7.146	8.16	8.33	7.69	7.75
7.147	8.15	8.33	7.67	7.74
7.148	8.14	8.33	7.64	7.74
7.149	8.12	8.32	7.61	7.73
7.150	8.10	8.32	7.57	7.73
7.151	8.08	8.32	7.54	7.72
7.152	8.05	8.32	7.52	7.72
7.153	8.03	8.31	7.51	7.72
7.154	8.01	8.31	7.51	7.71
7.155	8.00	8.31	7.53	7.71
7.156	8.00	8.31	7.57	7.71
7.157	8.02	8.31	7.61	7.70
7.158	8.06	8.31	7.66	7.70
7.159	8.10	8.31	7.70	7.70
7.160	8.14	8.30	7.74	7.69
7.161	8.18	8.30	7.77	7.69
7.162	8.22	8.30	7.79	7.68
7.163	8.26	8.30	7.82	7.68
7.164	8.30	8.30	7.84	7.67
7.165	8.33	8.30	7.87	7.67
7.166	8.36	8.30	7.90	7.66
7.167	8.40	8.30	7.93	7.66
7.168	8.43	8.30	7.96	7.65
7.169	8.46	8.29	7.99	7.65
7.170	8.50	8.29	8.03	7.64
7.171	8.53	8.29	8.06	7.63
7.172	8.57	8.29	8.10	7.63
7.173	8.60	8.28	8.15	7.62
7.174	8.64	8.28	8.19	7.61
7.175	8.68	8.27	8.22	7.60
7.176	8.72	8.27	8.24	7.59
7.177	8.76	8.26	8.22	7.58
7.178	8.78	8.26	8.18	7.57
7.179	8.78	8.25	8.13	7.56
7.180	8.76	8.24	8.06	7.55
7.181	8.72	8.23	7.99	7.53
7.182	8.67	8.23	7.92	7.52
7.183	8.60	8.22	7.85	7.51
7.184	8.53	8.21	7.77	7.50
7.185	8.47	8.20	7.69	7.48
7.186	8.42	8.19	7.61	7.47
7.187	8.37	8.18	7.55	7.46
7.188	8.32	8.17	7.49	7.44
7.189	8.27	8.16	7.42	7.43
7.190	8.22	8.15	7.36	7.42
7.191	8.16	8.14	7.29	7.41
7.192	8.09	8.13	7.23	7.39
7.193	8.02	8.12	7.17	7.38
7.194	7.95	8.11	7.13	7.37
7.195	7.89	8.10	7.11	7.36
7.196	7.85	8.09	7.11	7.35
7.197	7.81	8.08	7.12	7.34
7.198	7.79	8.07	7.12	7.34
7.199	7.78	8.06	7.12	7.33
7.200	7.77	8.05	7.11	7.32
7.201	7.75	8.04	7.10	7.32
7.202	7.73	8.04	7.08	7.31
7.203	7.71	8.03	7.06	7.31
7.204	7.69	8.03	7.05	7.30
7.205	7.67	8.02	7.03	7.30
7.206	7.66	8.02	7.02	7.30
7.207	7.65	8.01	7.01	7.30
7.208	7.64	8.01	7.00	7.30
7.209	7.62	8.01	7.00	7.30
7.210	7.61	8.01	6.99	7.30
7.211	7.59	8.01	6.99	7.30
7.212	7.59	8.01	7.01	7.31
7.213	7.59	8.01	7.04	7.31
7.214	7.61	8.01	7.09	7.32
7.215	7.65	8.02	7.15	7.32
7.216	7.70	8.02	7.21	7.33
7.217	7.76	8.02	7.28	7.33
7.218	7.83	8.03	7.35	7.34
7.219	7.89	8.03	7.41	7.35
7.220	7.95	8.04	7.45	7.35
7.221	8.00	8.04	7.49	7.36
7.222	8.04	8.05	7.53	7.37
7.223	8.08	8.05	7.56	7.38
7.224	8.12	8.06	7.60	7.38
7.225	8.16	8.07	7.63	7.39
7.226	8.20	8.07	7.68	7.40
7.227	8.24	8.08	7.72	7.41
7.228	8.27	8.08	7.77	7.42
7.229	8.31	8.09	7.81	7.42
7.230	8.35	8.10	7.85	7.43
7.231	8.39	8.10	7.89	7.44
7.232	8.42	8.11	7.92	7.44
7.233	8.45	8.11	7.94	7.45
7.234	8.46	8.11	7.93	7.45
7.235	8.46	8.12	7.91	7.46
7.236	8.46	8.12	7.88	7.46
7.237	8.45	8.12	7.85	7.46
7.238	8.43	8.13	7.82	7.47
7.239	8.41	8.13	7.80	7.47
7.240	8.40	8.13	7.79	7.47
7.241	8.38	8.13	7.78	7.47
7.242	8.36	8.13	7.77	7.47
7.243	8.34	8.13	7.76	7.47
7.244	8.33	8.13	7.74	7.47
7.245	8.31	8.13	7.73	7.47
7.246	8.30	8.13	7.71	7.47
7.247	8.29	8.12	7.70	7.47
7.248	8.28	8.12	7.70	7.47
7.249	8.28	8.12	7.70	7.46
7.250	8.27	8.11	7.70	7.46
7.251	8.27	8.11	7.70	7.46
7.252	8.26	8.10	7.69	7.45
7.253	8.26	8.10	7.68	7.45
7.254	8.25	8.09	7.66	7.45
7.255	8.25	8.09	7.64	7.44
7.256	8.23	8.08	7.61	7.44
7.257	8.21	8.08	7.59	7.44
7.258	8.18	8.07	7.56	7.43
7.259	8.15	8.07	7.53	7.43
7.260	8.12	8.06	7.50	7.42
7.261	8.09	8.06	7.47	7.42
7.262	8.06	8.05	7.45	7.42
7.263	8.04	8.04	7.42	7.41
7.264	8.01	8.04	7.39	7.41
7.265	7.98	8.03	7.35	7.41
7.266	7.95	8.03	7.32	7.40
7.267	7.90	8.02	7.28	7.40
7.268	7.85	8.02	7.24	7.40
7.269	7.79	8.02	7.20	7.40
7.270	7.74	8.01	7.16	7.40
7.271	7.69	8.01	7.13	7.40
7.272	7.65	8.01	7.10	7.40
7.273	7.62	8.01	7.07	7.40
7.274	7.59	8.00	7.05	7.40
7.275	7.56	8.00	7.04	7.40
7.276	7.55	8.00	7.05	7.41
7.277	7.54	8.01	7.09	7.41
7.278	7.55	8.01	7.14	7.41
7.279	7.59	8.01	7.22	7.42
7.280	7.65	8.01	7.30	7.42
7.281	7.73	8.01	7.39	7.43
7.282	7.81	8.02	7.47	7.44
7.283	7.90	8.02	7.55	7.44
7.284	7.98	8.03	7.62	7.45
7.285	8.05	8.03	7.67	7.46
7.286	8.11	8.04	7.71	7.46
7.287	8.15	8.04	7.74	7.47
7.288	8.19	8.05	7.75	7.48
7.289	8.21	8.06	7.76	7.49
7.290	8.22	8.06	7.75	7.50
7.291	8.22	8.07	7.74	7.50
7.292	8.22	8.08	7.74	7.51
7.293	8.21	8.09	7.75	7.52
7.294	8.21	8.09	7.76	7.53
7.295	8.22	8.10	7.77	7.54
7.296	8.22	8.11	7.78	7.55
7.297	8.23	8.12	7.78	7.55
7.298	8.24	8.13	7.79	7.56
7.299	8.24	8.13	7.78	7.57
7.300	8.25	8.14	7.78	7.58
7.301	8.25	8.15	7.77	7.59
7.302	8.25	8.16	7.77	7.60
7.303	8.25	8.17	7.78	7.61
7.304	8.25	8.18	7.78	7.61
7.305	8.25	8.18	7.78	7.62
7.306	8.25	8.19	7.78	7.63
7.307	8.25	8.20	7.77	7.64
7.308	8.25	8.21	7.76	7.65
7.309	8.26	8.22	7.75	7.66
7.310	8.26	8.23	7.75	7.67
7.311	8.27	8.23	7.76	7.67
7.312	8.28	8.24	7.77	7.68
7.313	8.30	8.25	7.78	7.69
7.314	8.31	8.26	7.79	7.70
7.315	8.33	8.27	7.80	7.71
7.316	8.35	8.27	7.80	7.72
7.317	8.35	8.28	7.80	7.73
7.318	8.35	8.29	7.80	7.73
7.319	8.35	8.30	7.80	7.74
7.320	8.35	8.31	7.80	7.75
7.321	8.36	8.31	7.82	7.76
7.322	8.37	8.32	7.83	7.77
7.323	8.38	8.33	7.84	7.78
7.324	8.39	8.34	7.85	7.79
7.325	8.39	8.35	7.86	7.80
7.326	8.39	8.35	7.86	7.80
7.327	8.39	8.36	7.87	7.81
7.328	8.38	8.37	7.87	7.82
7.329	8.36	8.38	7.87	7.83
7.330	8.35	8.39	7.86	7.84
7.331	8.33	8.39	7.84	7.85
7.332	8.31	8.40	7.82	7.86
7.333	8.29	8.41	7.80	7.87
7.334	8.28	8.42	7.78	7.88
7.335	8.27	8.43	7.78	7.89
7.336	8.26	8.44	7.78	7.90
7.337	8.25	8.45	7.79	7.91
7.338	8.23	8.46	7.79	7.92
7.339	8.22	8.47	7.78	7.93
7.340	8.20	8.47	7.77	7.93
7.341	8.19	8.48	7.76	7.94
7.342	8.18	8.49	7.76	7.95
7.343	8.18	8.50	7.78	7.96
7.344	8.19	8.51	7.80	7.97
7.345	8.20	8.52	7.84	7.98
7.346	8.23	8.53	7.88	7.99
7.347	8.26	8.54	7.93	8.00
7.348	8.30	8.55	7.99	8.00
7.349	8.34	8.56	8.04	8.01
7.350	8.39	8.57	8.11	8.02
7.351	8.45	8.58	8.18	8.02
7.352	8.52	8.59	8.25	8.03
7.353	8.60	8.60	8.32	8.03
7.354	8.67	8.60	8.38	8.03
7.355	8.75	8.61	8.45	8.04
7.356	8.82	8.62	8.53	8.04
7.357	8.89	8.62	8.59	8.04
7.358	8.95	8.63	8.65	8.04
7.359	9.01	8.63	8.68	8.04
7.360	9.06	8.63	8.68	8.04
7.361	9.09	8.64	8.65	8.03
7.362	9.11	8.64	8.61	8.03
7.363	9.12	8.64	8.57	8.02
7.364	9.10	8.64	8.52	8.02
7.365	9.08	8.64	8.47	8.01
7.366	9.06	8.64	8.43	8.00
7.367	9.03	8.63	8.40	7.99
7.368	9.01	8.63	8.37	7.98
7.369	8.98	8.62	8.34	7.97
7.370	8.95	8.62	8.31	7.96
7.371	8.92	8.61	8.27	7.94
7.372	8.88	8.60	8.23	7.93
7.373	8.84	8.60	8.18	7.92
7.374	8.80	8.59	8.13	7.90
7.375	8.76	8.58	8.08	7.88
7.376	8.72	8.57	8.04	7.87
7.377	8.68	8.55	7.99	7.85
7.378	8.64	8.54	7.95	7.83
7.379	8.61	8.53	7.91	7.82
7.380	8.58	8.52	7.87	7.80
7.381	8.55	8.50	7.83	7.78
7.382	8.51	8.49	7.78	7.76
7.383	8.48	8.47	7.73	7.74
7.384	8.45	8.46	7.70	7.72
7.385	8.42	8.44	7.68	7.71
7.386	8.40	8.43	7.67	7.69
7.387	8.39	8.41	7.67	7.67
7.388	8.39	8.40	7.67	7.65
7.389	8.38	8.38	7.67	7.63
7.390	8.38	8.37	7.65	7.62
7.391	8.35	8.35	7.62	7.60
7.392	8.32	8.34	7.58	7.58
7.393	8.28	8.32	7.53	7.56
7.394	8.23	8.31	7.48	7.55
7.395	8.18	8.29	7.43	7.53
7.396	8.13	8.28	7.39	7.52
7.397	8.09	8.27	7.34	7.51
7.398	8.05	8.25	7.30	7.49
7.399	8.02	8.24	7.26	7.48
7.400	7.98	8.23	7.23	7.47
7.401	7.94	8.22	7.21	7.46
7.402	7.90	8.21	7.19	7.45
7.403	7.86	8.20	7.17	7.44
7.404	7.82	8.19	7.16	7.43
7.405	7.78	8.18	7.16	7.42
7.406	7.77	8.17	7.18	7.41
7.407	7.77	8.16	7.20	7.41
7.408	7.78	8.16	7.24	7.40
7.409	7.81	8.15	7.27	7.40
7.410	7.86	8.14	7.31	7.39
7.411	7.91	8.14	7.34	7.39
7.412	7.95	8.14	7.37	7.39
7.413	8.00	8.13	7.40	7.39
7.414	8.03	8.13	7.41	7.39
7.415	8.06	8.13	7.43	7.39
7.416	8.08	8.13	7.44	7.39
7.417	8.10	8.13	7.46	7.39
7.418	8.12	8.13	7.48	7.39
7.419	8.13	8.13	7.49	7.39
7.420	8.15	8.13	7.51	7.39
7.421	8.16	8.13	7.53	7.40
7.422	8.17	8.13	7.54	7.40
7.423	8.18	8.13	7.55	7.40
7.424	8.20	8.13	7.55	7.41
7.425	8.21	8.14	7.54	7.41
7.426	8.21	8.14	7.53	7.42
7.427	8.20	8.14	7.53	7.42
7.428	8.20	8.15	7.53	7.43
7.429	8.20	8.15	7.54	7.43
7.430	8.20	8.15	7.56	7.44
7.431	8.20	8.16	7.57	7.44
7.432	8.21	8.16	7.60	7.45
7.433	8.22	8.16	7.62	7.46
7.434	8.23	8.17	7.63	7.46
7.435	8.24	8.17	7.63	7.47
7.436	8.24	8.18	7.62	7.47
7.437	8.24	8.18	7.60	7.48
7.438	8.23	8.18	7.59	7.49
7.439	8.23	8.19	7.59	7.49
7.440	8.23	8.19	7.60	7.50
7.441	8.23	8.19	7.61	7.50
7.442	8.24	8.20	7.61	7.51
7.443	8.24	8.20	7.61	7.51
7.444	8.24	8.20	7.61	7.52
7.445	8.24	8.21	7.60	7.52
7.446	8.23	8.21	7.59	7.53
7.447	8.21	8.21	7.58	7.53
7.448	8.19	8.22	7.58	7.54
7.449	8.18	8.22	7.59	7.54
7.450	8.17	8.22	7.61	7.54
7.451	8.17	8.22	7.64	7.55
7.452	8.18	8.22	7.66	7.55
7.453	8.19	8.22	7.69	7.55
7.454	8.20	8.23	7.71	7.55
7.455	8.22	8.23	7.74	7.55
7.456	8.23	8.23	7.76	7.55
7.457	8.25	8.23	7.79	7.56
7.458	8.27	8.23	7.81	7.56
7.459	8.29	8.23	7.84	7.55
7.460	8.31	8.22	7.86	7.55
7.461	8.33	8.22	7.88	7.55
7.462	8.35	8.22	7.90	7.55
7.463	8.37	8.22	7.92	7.55
7.464	8.39	8.22	7.94	7.54
7.465	8.42	8.21	7.95	7.54
7.466	8.44	8.21	7.95	7.53
7.467	8.47	8.20	7.94	7.53
7.468	8.49	8.20	7.91	7.52
7.469	8.50	8.19	7.88	7.52
7.470	8.50	8.19	7.84	7.51
7.471	8.49	8.18	7.80	7.50
7.472	8.47	8.18	7.77	7.50
7.473	8.44	8.17	7.74	7.49
7.474	8.42	8.16	7.71	7.48
7.475	8.38	8.15	7.68	7.47
7.476	8.35	8.15	7.65	7.46
7.477	8.31	8.14	7.61	7.46
7.478	8.27	8.13	7.56	7.45
7.479	8.22	8.12	7.51	7.44
7.480	8.17	8.11	7.46	7.43
7.481	8.13	8.10	7.41	7.42
7.482	8.08	8.09	7.38	7.41
7.483	8.04	8.09	7.34	7.40
7.484	8.01	8.08	7.32	7.39
7.485	7.98	8.07	7.29	7.38
7.486	7.95	8.06	7.26	7.38
7.487	7.91	8.05	7.22	7.37
7.488	7.87	8.04	7.19	7.36
7.489	7.83	8.03	7.16	7.35
7.490	7.78	8.03	7.12	7.35
7.491	7.74	8.02	7.10	7.34
7.492	7.70	8.01	7.09	7.33
7.493	7.67	8.01	7.09	7.33
7.494	7.65	8.00	7.10	7.32
7.495	7.64	7.99	7.11	7.32
7.496	7.65	7.99	7.13	7.31
7.497	7.66	7.98	7.15	7.31
7.498	7.68	7.98	7.18	7.31
7.499	7.71	7.98	7.21	7.30
7.500	7.74	7.97	7.24	7.30
7.501	7.77	7.97	7.27	7.30
7.502	7.80	7.97	7.30	7.30
7.503	7.83	7.97	7.33	7.30
7.504	7.85	7.96	7.36	7.30
7.505	7.87	7.96	7.38	7.29
7.506	7.89	7.96	7.40	7.29
7.507	7.91	7.96	7.42	7.29
7.508	7.92	7.96	7.43	7.29
7.509	7.94	7.96	7.44	7.29
7.510	7.95	7.96	7.45	7.29
7.511	7.96	7.96	7.45	7.29
7.512	7.97	7.96	7.46	7.29
7.513	7.97	7.96	7.46	7.29
7.514	7.99	7.96	7.47	7.29
7.515	8.01	7.97	7.48	7.29
7.516	8.04	7.97	7.51	7.29
7.517	8.08	7.97	7.54	7.29
7.518	8.12	7.97	7.57	7.29
7.519	8.16	7.97	7.60	7.29
7.520	8.20	7.97	7.64	7.29
7.521	8.23	7.97	7.67	7.29
7.522	8.27	7.97	7.70	7.29
7.523	8.29	7.97	7.72	7.29
7.524	8.31	7.97	7.72	7.29
7.525	8.32	7.97	7.71	7.29
7.526	8.32	7.97	7.68	7.29
7.527	8.31	7.97	7.64	7.29
7.528	8.29	7.97	7.60	7.29
7.529	8.26	7.97	7.56	7.29
7.530	8.23	7.97	7.52	7.29
7.531	8.20	7.97	7.48	7.29
7.532	8.18	7.97	7.45	7.29
7.533	8.15	7.97	7.43	7.29
7.534	8.12	7.97	7.41	7.29
7.535	8.08	7.97	7.39	7.29
7.536	8.05	7.97	7.37	7.29
7.537	8.01	7.97	7.35	7.29
7.538	7.96	7.97	7.31	7.29
7.539	7.91	7.97	7.28	7.30
7.540	7.86	7.97	7.23	7.30
7.541	7.81	7.97	7.18	7.30
7.542	7.76	7.97	7.14	7.30
7.543	7.73	7.97	7.11	7.31
7.544	7.71	7.98	7.11	7.31
7.545	7.70	7.98	7.11	7.32
7.546	7.71	7.98	7.12	7.32
7.547	7.71	7.98	7.14	7.33
7.548	7.72	7.99	7.16	7.33
7.549	7.72	7.99	7.18	7.34
7.550	7.73	8.00	7.20	7.35
7.551	7.74	8.00	7.22	7.36
7.552	7.76	8.01	7.25	7.37
7.553	7.79	8.02	7.28	7.38
7.554	7.83	8.02	7.32	7.39
7.555	7.88	8.03	7.36	7.40
7.556	7.92	8.04	7.39	7.41
7.557	7.95	8.05	7.42	7.42
7.558	7.98	8.06	7.45	7.43
7.559	8.00	8.07	7.47	7.45
7.560	8.03	8.08	7.49	7.46
7.561	8.05	8.09	7.51	7.47
7.562	8.06	8.10	7.53	7.49
7.563	8.08	8.12	7.55	7.50
7.564	8.10	8.13	7.57	7.52
7.565	8.12	8.14	7.59	7.53
7.566	8.14	8.15	7.61	7.55
7.567	8.16	8.17	7.63	7.57
7.568	8.19	8.18	7.66	7.58
7.569	8.21	8.19	7.69	7.60
7.570	8.24	8.21	7.72	7.61
7.571	8.26	8.22	7.75	7.63
7.572	8.29	8.24	7.79	7.65
7.573	8.31	8.25	7.82	7.66
7.574	8.34	8.27	7.84	7.68
7.575	8.36	8.28	7.87	7.70
7.576	8.38	8.30	7.89	7.72
7.577	8.40	8.31	7.91	7.73
7.578	8.40	8.33	7.92	7.75
7.579	8.41	8.34	7.93	7.77
7.580	8.41	8.36	7.94	7.78
7.581	8.42	8.37	7.95	7.80
7.582	8.43	8.39	7.97	7.82
7.583	8.44	8.40	7.98	7.83
7.584	8.46	8.42	8.00	7.85
7.585	8.47	8.43	8.01	7.86
7.586	8.49	8.44	8.02	7.88
7.587	8.50	8.46	8.03	7.89
7.588	8.51	8.47	8.03	7.91
7.589	8.51	8.49	8.03	7.92
7.590	8.51	8.50	8.03	7.94
7.591	8.51	8.52	8.02	7.95
7.592	8.51	8.53	8.03	7.97
7.593	8.50	8.54	8.03	7.98
7.594	8.50	8.56	8.05	7.99
7.595	8.51	8.57	8.06	8.01
7.596	8.52	8.59	8.08	8.02
7.597	8.54	8.60	8.11	8.03
7.598	8.57	8.61	8.13	8.04
7.599	8.60	8.62	8.15	8.05
7.600	8.62	8.64	8.16	8.06
7.601	8.64	8.65	8.18	8.07
7.602	8.64	8.66	8.19	8.08
7.603	8.65	8.67	8.20	8.09
7.604	8.65	8.68	8.21	8.10
7.605	8.66	8.70	8.21	8.11
7.606	8.67	8.71	8.22	8.11
7.607	8.69	8.72	8.23	8.12
7.608	8.71	8.73	8.25	8.13
7.609	8.73	8.74	8.27	8.13
7.610	8.74	8.75	8.29	8.14
7.611	8.76	8.75	8.31	8.14
7.612	8.77	8.76	8.31	8.14
7.613	8.78	8.77	8.32	8.15
7.614	8.79	8.78	8.32	8.15
7.615	8.80	8.79	8.32	8.15
7.616	8.81	8.79	8.31	8.15
7.617	8.81	8.80	8.30	8.15
7.618	8.82	8.80	8.30	8.15
7.619	8.83	8.81	8.30	8.15
7.620	8.84	8.81	8.31	8.14
7.621	8.86	8.82	8.32	8.14
7.622	8.88	8.82	8.33	8.14
7.623	8.90	8.82	8.33	8.13
7.624	8.92	8.82	8.34	8.13
7.625	8.94	8.82	8.33	8.12
7.626	8.95	8.82	8.33	8.11
7.627	8.95	8.82	8.33	8.11
7.628	8.95	8.82	8.32	8.10
7.629	8.95	8.82	8.32	8.09
7.630	8.95	8.81	8.32	8.08
7.631	8.96	8.81	8.33	8.07
7.632	8.97	8.81	8.33	8.06
7.633	8.98	8.80	8.33	8.05
7.634	8.99	8.80	8.32	8.03
7.635	9.01	8.79	8.32	8.02
7.636	9.02	8.78	8.32	8.01
7.637	9.03	8.77	8.31	7.99
7.638	9.05	8.76	8.30	7.98
7.639	9.05	8.75	8.28	7.96
7.640	9.04	8.74	8.25	7.95
7.641	9.02	8.73	8.22	7.93
7.642	8.99	8.72	8.17	7.91
7.643	8.94	8.71	8.12	7.90
7.644	8.88	8.70	8.06	7.88
7.645	8.83	8.68	8.02	7.86
7.646	8.78	8.67	7.98	7.84
7.647	8.74	8.66	7.95	7.83
7.648	8.71	8.64	7.91	7.81
7.649	8.68	8.63	7.86	7.79
7.650	8.65	8.61	7.80	7.77
7.651	8.60	8.60	7.75	7.76
7.652	8.56	8.58	7.71	7.74
7.653	8.52	8.57	7.67	7.72
7.654	8.48	8.55	7.65	7.71
7.655	8.45	8.54	7.63	7.69
7.656	8.43	8.52	7.61	7.68
7.657	8.42	8.51	7.59	7.66
7.658	8.40	8.49	7.56	7.65
7.659	8.39	8.48	7.53	7.63
7.660	8.37	8.46	7.50	7.62
7.661	8.34	8.45	7.47	7.60
7.662	8.31	8.43	7.44	7.59
7.663	8.28	8.42	7.41	7.58
7.664	8.25	8.41	7.38	7.57
7.665	8.21	8.40	7.35	7.56
7.666	8.16	8.38	7.32	7.55
7.667	8.11	8.37	7.28	7.54
7.668	8.07	8.36	7.27	7.53
7.669	8.03	8.35	7.27	7.53
7.670	8.01	8.34	7.29	7.52
7.671	8.01	8.33	7.33	7.52
7.672	8.02	8.33	7.36	7.51
7.673	8.05	8.32	7.40	7.51
7.674	8.07	8.31	7.43	7.50
7.675	8.09	8.30	7.44	7.50
7.676	8.11	8.30	7.45	7.50
7.677	8.14	8.29	7.48	7.50
7.678	8.16	8.29	7.50	7.50
7.679	8.18	8.29	7.53	7.50
7.680	8.20	8.28	7.56	7.50
7.681	8.22	8.28	7.59	7.50
7.682	8.24	8.28	7.61	7.50
7.683	8.26	8.28	7.63	7.50
7.684	8.26	8.28	7.63	7.51
7.685	8.26	8.27	7.62	7.51
7.686	8.24	8.27	7.60	7.51
7.687	8.22	8.27	7.58	7.51
7.688	8.19	8.27	7.57	7.52
7.689	8.17	8.28	7.57	7.52
7.690	8.15	8.28	7.57	7.53
7.691	8.14	8.28	7.57	7.53
7.692	8.14	8.28	7.59	7.53
7.693	8.14	8.28	7.60	7.54
7.694	8.16	8.28	7.62	7.54
7.695	8.18	8.29	7.65	7.55
7.696	8.20	8.29	7.67	7.55
7.697	8.22	8.29	7.70	7.56
7.698	8.26	8.29	7.73	7.56
7.699	8.30	8.30	7.76	7.56
7.700	8.34	8.30	7.78	7.57
7.701	8.37	8.30	7.80	7.57
7.702	8.39	8.30	7.81	7.57
7.703	8.39	8.31	7.81	7.58
7.704	8.39	8.31	7.81	7.58
7.705	8.39	8.31	7.81	7.58
7.706	8.40	8.31	7.82	7.58
7.707	8.42	8.31	7.84	7.58
7.708	8.45	8.31	7.86	7.59
7.709	8.50	8.31	7.90	7.59
7.710	8.56	8.31	7.94	7.59
7.711	8.63	8.31	7.98	7.59
7.712	8.69	8.31	8.01	7.59
7.713	8.74	8.31	8.03	7.58
7.714	8.76	8.31	8.03	7.58
7.715	8.76	8.30	8.02	7.58
7.716	8.73	8.30	8.00	7.58
7.717	8.68	8.30	7.96	7.57
7.718	8.64	8.29	7.93	7.57
7.719	8.59	8.29	7.89	7.57
7.720	8.56	8.28	7.85	7.56
7.721	8.53	8.27	7.81	7.56
7.722	8.50	8.27	7.77	7.55
7.723	8.47	8.26	7.74	7.55
7.724	8.44	8.25	7.71	7.54
7.725	8.40	8.25	7.69	7.54
7.726	8.36	8.24	7.67	7.53
7.727	8.33	8.23	7.64	7.53
7.728	8.30	8.22	7.62	7.52
7.729	8.28	8.21	7.60	7.52
7.730	8.26	8.20	7.58	7.51
7.731	8.24	8.19	7.56	7.50
7.732	8.21	8.19	7.54	7.50
7.733	8.19	8.18	7.53	7.49
7.734	8.16	8.17	7.51	7.49
7.735	8.13	8.16	7.50	7.49
7.736	8.10	8.15	7.49	7.48
7.737	8.07	8.14	7.48	7.48
7.738	8.05	8.14	7.47	7.48
7.739	8.03	8.13	7.45	7.47
7.740	8.01	8.12	7.43	7.47
7.741	7.98	8.12	7.42	7.47
7.742	7.97	8.11	7.40	7.47
7.743	7.95	8.10	7.40	7.47
7.744	7.94	8.10	7.39	7.47
7.745	7.92	8.10	7.38	7.47
7.746	7.91	8.09	7.37	7.47
7.747	7.89	8.09	7.35	7.48
7.748	7.87	8.09	7.34	7.48
7.749	7.85	8.09	7.33	7.49
7.750	7.83	8.09	7.33	7.49
7.751	7.82	8.09	7.33	7.50
7.752	7.82	8.09	7.33	7.50
7.753	7.81	8.09	7.34	7.51
7.754	7.81	8.09	7.35	7.52
7.755	7.80	8.10	7.36	7.53
7.756	7.80	8.10	7.36	7.54
7.757	7.80	8.11	7.38	7.55
7.758	7.81	8.12	7.39	7.56
7.759	7.84	8.12	7.42	7.58
7.760	7.87	8.13	7.45	7.59
7.761	7.91	8.14	7.48	7.60
7.762	7.95	8.15	7.50	7.62
7.763	7.98	8.16	7.54	7.63
7.764	8.00	8.17	7.57	7.65
7.765	8.03	8.19	7.60	7.66
7.766	8.05	8.20	7.64	7.68
7.767	8.08	8.21	7.68	7.70
7.768	8.11	8.23	7.72	7.72
7.769	8.14	8.24	7.78	7.73
7.770	8.18	8.26	7.83	7.75
7.771	8.22	8.27	7.89	7.77
7.772	8.26	8.29	7.94	7.79
7.773	8.31	8.30	7.98	7.81
7.774	8.36	8.32	8.02	7.83
7.775	8.41	8.34	8.05	7.85
7.776	8.45	8.35	8.08	7.86
7.777	8.49	8.37	8.12	7.88
7.778	8.52	8.39	8.16	7.90
7.779	8.55	8.40	8.19	7.92
7.780	8.58	8.42	8.23	7.94
7.781	8.62	8.44	8.27	7.96
7.782	8.66	8.45	8.31	7.97
7.783	8.70	8.47	8.35	7.99
7.784	8.75	8.48	8.38	8.01
7.785	8.80	8.50	8.42	8.02
7.786	8.85	8.52	8.45	8.04
7.787	8.89	8.53	8.49	8.05
7.788	8.93	8.55	8.52	8.07
7.789	8.96	8.56	8.56	8.08
7.790	8.98	8.57	8.60	8.10
7.791	9.00	8.59	8.64	8.11
7.792	9.01	8.60	8.66	8.12
7.793	9.00	8.62	8.65	8.14
7.794	8.97	8.63	8.61	8.15
7.795	8.92	8.64	8.54	8.16
7.796	8.86	8.65	8.45	8.17
7.797	8.78	8.67	8.35	8.18
7.798	8.69	8.68	8.24	8.20
7.799	8.60	8.69	8.13	8.21
7.800	8.51	8.70	8.04	8.22
7.801	8.44	8.71	7.98	8.23
7.802	8.40	8.72	7.96	8.24
7.803	8.40	8.74	7.97	8.25
7.804	8.42	8.75	8.01	8.26
7.805	8.46	8.76	8.07	8.27
7.806	8.51	8.77	8.13	8.28
7.807	8.56	8.78	8.18	8.29
7.808	8.61	8.79	8.23	8.30
7.809	8.66	8.81	8.28	8.31
7.810	8.71	8.82	8.32	8.32
7.811	8.75	8.83	8.36	8.33
7.812	8.78	8.84	8.39	8.35
7.813	8.82	8.86	8.41	8.36
7.814	8.85	8.87	8.43	8.37
7.815	8.87	8.88	8.44	8.38
7.816	8.90	8.89	8.45	8.39
7.817	8.92	8.90	8.46	8.40
7.818	8.93	8.92	8.47	8.41
7.819	8.94	8.93	8.47	8.42
7.820	8.93	8.94	8.46	8.43
7.821	8.91	8.95	8.45	8.45
7.822	8.90	8.97	8.45	8.46
7.823	8.89	8.98	8.45	8.47
7.824	8.88	8.99	8.45	8.48
7.825	8.88	9.00	8.46	8.49
7.826	8.89	9.02	8.46	8.50
7.827	8.90	9.03	8.47	8.51
7.828	8.92	9.04	8.49	8.52
7.829	8.95	9.05	8.51	8.53
7.830	8.99	9.07	8.56	8.54
7.831	9.04	9.08	8.61	8.56
7.832	9.10	9.09	8.68	8.57
7.833	9.16	9.10	8.74	8.58
7.834	9.22	9.11	8.80	8.59
7.835	9.26	9.12	8.83	8.60
7.836	9.29	9.13	8.85	8.61
7.837	9.31	9.14	8.86	8.61
7.838	9.31	9.15	8.86	8.62
7.839	9.31	9.16	8.86	8.63
7.840	9.31	9.17	8.87	8.64
7.841	9.32	9.18	8.87	8.65
7.842	9.32	9.19	8.86	8.66
7.843	9.33	9.20	8.85	8.66
7.844	9.33	9.21	8.84	8.67
7.845	9.33	9.21	8.83	8.68
7.846	9.33	9.22	8.83	8.68
7.847	9.32	9.23	8.82	8.69
7.848	9.32	9.24	8.83	8.69
7.849	9.32	9.24	8.83	8.70
7.850	9.32	9.25	8.84	8.70
7.851	9.31	9.25	8.84	8.71
7.852	9.30	9.26	8.83	8.71
7.853	9.29	9.26	8.82	8.72
7.854	9.27	9.27	8.80	8.72
7.855	9.24	9.27	8.78	8.72
7.856	9.21	9.28	8.76	8.72
7.857	9.18	9.28	8.73	8.73
7.858	9.15	9.28	8.71	8.73
7.859	9.12	9.29	8.68	8.73
7.860	9.09	9.29	8.66	8.73
7.861	9.08	9.29	8.65	8.73
7.862	9.07	9.29	8.65	8.73
7.863	9.09	9.29	8.66	8.73
7.864	9.12	9.30	8.68	8.73
7.865	9.16	9.30	8.71	8.73
7.866	9.20	9.30	8.74	8.73
7.867	9.24	9.30	8.77	8.73
7.868	9.27	9.30	8.80	8.73
7.869	9.29	9.30	8.82	8.72
7.870	9.31	9.30	8.84	8.72
7.871	9.32	9.30	8.86	8.72
7.872	9.33	9.30	8.87	8.71
7.873	9.34	9.30	8.89	8.71
7.874	9.34	9.29	8.90	8.70
7.875	9.36	9.29	8.93	8.70
7.876	9.37	9.29	8.95	8.69
7.877	9.39	9.28	8.97	8.68
7.878	9.42	9.28	8.99	8.68
7.879	9.44	9.27	8.99	8.67
7.880	9.45	9.27	8.98	8.66
7.881	9.46	9.26	8.95	8.65
7.882	9.45	9.26	8.91	8.64
7.883	9.43	9.25	8.87	8.63
7.884	9.40	9.24	8.83	8.62
7.885	9.36	9.23	8.79	8.60
7.886	9.32	9.23	8.75	8.59
7.887	9.28	9.22	8.72	8.58
7.888	9.24	9.21	8.69	8.56
7.889	9.20	9.20	8.67	8.55
7.890	9.18	9.18	8.65	8.53
7.891	9.16	9.17	8.62	8.52
7.892	9.15	9.16	8.61	8.50
7.893	9.14	9.15	8.59	8.49
7.894	9.14	9.14	8.58	8.47
7.895	9.14	9.12	8.57	8.45
7.896	9.14	9.11	8.56	8.43
7.897	9.15	9.09	8.56	8.42
7.898	9.15	9.08	8.55	8.40
7.899	9.14	9.06	8.55	8.38
7.900	9.13	9.05	8.54	8.36
7.901	9.11	9.03	8.52	8.34
7.902	9.09	9.01	8.50	8.32
7.903	9.07	9.00	8.47	8.30
7.904	9.06	8.98	8.45	8.28
7.905	9.05	8.96	8.42	8.26
7.906	9.05	8.94	8.40	8.24
7.907	9.04	8.92	8.38	8.22
7.908	9.03	8.91	8.36	8.20
7.909	9.01	8.89	8.34	8.17
7.910	9.00	8.87	8.32	8.15
7.911	8.98	8.85	8.30	8.13
7.912	8.95	8.83	8.27	8.11
7.913	8.92	8.81	8.23	8.09
7.914	8.88	8.79	8.20	8.07
7.915	8.85	8.77	8.15	8.05
7.916	8.81	8.75	8.10	8.03
7.917	8.77	8.73	8.05	8.01
7.918	8.72	8.70	7.99	7.99
7.919	8.67	8.68	7.94	7.97
7.920	8.61	8.66	7.89	7.95
7.921	8.54	8.64	7.85	7.93
7.922	8.49	8.62	7.82	7.91
7.923	8.44	8.60	7.79	7.89
7.924	8.41	8.58	7.78	7.87
7.925	8.39	8.56	7.77	7.86
7.926	8.38	8.54	7.78	7.84
7.927	8.37	8.53	7.79	7.82
7.928	8.37	8.51	7.79	7.81
7.929	8.38	8.49	7.80	7.79
7.930	8.39	8.47	7.80	7.78
7.931	8.40	8.45	7.80	7.76
7.932	8.41	8.44	7.80	7.75
7.933	8.43	8.42	7.79	7.74
7.934	8.44	8.40	7.79	7.72
7.935	8.44	8.39	7.79	7.71
7.936	8.43	8.37	7.80	7.70
7.937	8.42	8.36	7.83	7.69
7.938	8.41	8.34	7.85	7.68
7.939	8.42	8.33	7.87	7.67
7.940	8.43	8.31	7.87	7.66
7.941	8.43	8.30	7.86	7.66
7.942	8.41	8.29	7.82	7.65
7.943	8.37	8.28	7.76	7.64
7.944	8.31	8.27	7.70	7.64
7.945	8.24	8.25	7.64	7.63
7.946	8.16	8.24	7.58	7.63
7.947	8.08	8.24	7.52	7.63
7.948	8.01	8.23	7.47	7.63
7.949	7.95	8.22	7.43	7.62
7.950	7.91	8.21	7.41	7.62
7.951	7.89	8.21	7.41	7.62
7.952	7.89	8.20	7.42	7.63
7.953	7.88	8.19	7.42	7.63
7.954	7.87	8.19	7.42	7.63
7.955	7.86	8.19	7.42	7.63
7.956	7.85	8.19	7.41	7.64
7.957	7.85	8.18	7.42	7.64
7.958	7.86	8.18	7.43	7.65
7.959	7.87	8.18	7.46	7.66
7.960	7.90	8.18	7.50	7.66
7.961	7.95	8.18	7.56	7.67
7.962	7.99	8.18	7.62	7.68
7.963	8.04	8.19	7.67	7.69
7.964	8.09	8.19	7.73	7.70
7.965	8.14	8.19	7.78	7.71
7.966	8.18	8.20	7.85	7.72
7.967	8.23	8.20	7.91	7.73
7.968	8.29	8.20	7.98	7.74
7.969	8.35	8.21	8.05	7.75
7.970	8.42	8.21	8.13	7.76
7.971	8.49	8.22	8.21	7.77
7.972	8.56	8.22	8.29	7.78
7.973	8.62	8.23	8.36	7.79
7.974	8.66	8.23	8.40	7.80
7.975	8.67	8.24	8.39	7.81
7.976	8.64	8.24	8.36	7.82
7.977	8.59	8.25	8.29	7.83
7.978	8.52	8.25	8.21	7.84
7.979	8.44	8.26	8.12	7.85
7.980	8.35	8.26	8.03	7.86
7.981	8.26	8.27	7.95	7.87
7.982	8.18	8.27	7.86	7.88
7.983	8.11	8.28	7.77	7.89
7.984	8.05	8.28	7.71	7.90
7.985	8.03	8.29	7.70	7.91
7.986	8.04	8.29	7.72	7.92
7.987	8.08	8.30	7.77	7.93
7.988	8.13	8.30	7.84	7.94
7.989	8.19	8.31	7.92	7.95
7.990	8.26	8.31	8.00	7.96
7.991	8.32	8.32	8.07	7.97
7.992	8.38	8.32	8.14	7.97
7.993	8.43	8.32	8.21	7.98
7.994	8.48	8.33	8.26	7.99
7.995	8.51	8.33	8.29	8.00
7.996	8.53	8.33	8.31	8.01
7.997	8.54	8.34	8.31	8.01
7.998	8.54	8.34	8.30	8.02
7.999	8.53	8.34	8.28	8.03
8.000	8.51	8.35	8.25	8.04
8.001	8.49	8.35	8.23	8.04
8.002	8.47	8.35	8.21	8.05
8.003	8.46	8.35	8.21	8.05
8.004	8.44	8.36	8.20	8.06
8.005	8.42	8.36	8.18	8.06
8.006	8.41	8.36	8.17	8.07
8.007	8.39	8.36	8.15	8.08
8.008	8.38	8.36	8.14	8.08
8.009	8.36	8.36	8.13	8.08
8.010	8.35	8.36	8.12	8.09
8.011	8.33	8.36	8.12	8.09
8.012	8.32	8.36	8.13	8.10
8.013	8.31	8.36	8.14	8.10
8.014	8.32	8.36	8.16	8.11
8.015	8.33	8.36	8.19	8.11
8.016	8.35	8.36	8.22	8.11
8.017	8.37	8.36	8.25	8.12
8.018	8.40	8.36	8.28	8.12
8.019	8.42	8.36	8.31	8.12
8.020	8.44	8.36	8.32	8.12
8.021	8.45	8.36	8.34	8.13
8.022	8.45	8.36	8.34	8.13
8.023	8.44	8.36	8.34	8.13
8.024	8.44	8.36	8.32	8.14
8.025	8.43	8.35	8.30	8.14
8.026	8.41	8.35	8.28	8.14
8.027	8.40	8.35	8.25	8.14
8.028	8.38	8.35	8.22	8.14
8.029	8.37	8.35	8.20	8.15
8.030	8.35	8.35	8.19	8.15
8.031	8.33	8.35	8.17	8.15
8.032	8.31	8.35	8.16	8.15
8.033	8.29	8.35	8.15	8.15
8.034	8.28	8.35	8.15	8.16
8.035	8.27	8.35	8.15	8.16
8.036	8.26	8.35	8.15	8.16
8.037	8.26	8.35	8.17	8.16
8.038	8.27	8.35	8.19	8.17
8.039	8.28	8.35	8.22	8.17
8.040	8.30	8.35	8.26	8.17
8.041	8.33	8.35	8.31	8.17
8.042	8.36	8.35	8.35	8.18
8.043	8.38	8.35	8.38	8.18
8.044	8.40	8.35	8.39	8.18
8.045	8.41	8.35	8.37	8.19
8.046	8.39	8.35	8.33	8.19
8.047	8.34	8.35	8.26	8.19
8.048	8.27	8.36	8.17	8.20
8.049	8.18	8.36	8.07	8.20
8.050	8.08	8.36	7.96	8.20
8.051	7.98	8.36	7.86	8.21
8.052	7.90	8.37	7.80	8.21
8.053	7.86	8.37	7.79	8.22
8.054	7.87	8.37	7.84	8.22
8.055	7.93	8.38	7.94	8.23
8.056	8.04	8.38	8.07	8.23
8.057	8.18	8.39	8.22	8.24
8.058	8.32	8.39	8.36	8.24
8.059	8.47	8.39	8.49	8.25
8.060	8.60	8.40	8.60	8.25
8.061	8.71	8.40	8.68	8.26
8.062	8.79	8.41	8.72	8.26
8.063	8.82	8.41	8.73	8.27
8.064	8.83	8.42	8.72	8.27
8.065	8.80	8.42	8.69	8.27
8.066	8.76	8.42	8.65	8.28
8.067	8.72	8.43	8.61	8.28
8.068	8.68	8.43	8.57	8.29
8.069	8.64	8.44	8.53	8.29
8.070	8.61	8.44	8.49	8.29
8.071	8.59	8.44	8.45	8.29
8.072	8.57	8.44	8.40	8.30
8.073	8.54	8.45	8.35	8.30
8.074	8.50	8.45	8.31	8.30
8.075	8.46	8.45	8.28	8.30
8.076	8.42	8.45	8.25	8.31
8.077	8.38	8.46	8.21	8.31
8.078	8.34	8.46	8.18	8.31
8.079	8.29	8.46	8.15	8.31
8.080	8.24	8.46	8.14	8.31
8.081	8.20	8.46	8.15	8.31
8.082	8.18	8.47	8.18	8.32
8.083	8.18	8.47	8.23	8.32
8.084	8.20	8.47	8.29	8.32
8.085	8.24	8.47	8.36	8.32
8.086	8.30	8.47	8.42	8.32
8.087	8.36	8.48	8.49	8.32
8.088	8.42	8.48	8.53	8.32
8.089	8.47	8.48	8.55	8.32
8.090	8.52	8.48	8.55	8.32
8.091	8.55	8.48	8.53	8.31
8.092	8.57	8.48	8.49	8.31
8.093	8.59	8.48	8.46	8.31
8.094	8.60	8.48	8.44	8.31
8.095	8.60	8.48	8.43	8.30
8.096	8.60	8.48	8.41	8.30
8.097	8.59	8.48	8.39	8.30
8.098	8.57	8.48	8.37	8.29
8.099	8.53	8.48	8.35	8.29
8.100	8.48	8.48	8.32	8.28
8.101	8.43	8.48	8.30	8.28
8.102	8.40	8.47	8.30	8.27
8.103	8.39	8.47	8.30	8.27
8.104	8.38	8.47	8.31	8.26
8.105	8.39	8.46	8.33	8.25
8.106	8.41	8.46	8.34	8.24
8.107	8.43	8.46	8.34	8.23
8.108	8.45	8.45	8.35	8.22
8.109	8.46	8.45	8.35	8.21
8.110	8.48	8.44	8.36	8.20
8.111	8.48	8.43	8.35	8.19
8.112	8.49	8.43	8.34	8.18
8.113	8.48	8.42	8.33	8.17
8.114	8.47	8.41	8.31	8.16
8.115	8.46	8.41	8.29	8.14
8.116	8.44	8.40	8.28	8.13
8.117	8.43	8.39	8.27	8.11
8.118	8.42	8.38	8.26	8.10
8.119	8.42	8.37	8.26	8.08
8.120	8.42	8.36	8.26	8.06
8.121	8.42	8.35	8.26	8.05
8.122	8.42	8.33	8.26	8.03
8.123	8.41	8.32	8.26	8.01
8.124	8.40	8.31	8.25	7.99
8.125	8.38	8.29	8.24	7.97
8.126	8.36	8.28	8.23	7.95
8.127	8.36	8.26	8.22	7.92
8.128	8.36	8.25	8.20	7.90
8.129	8.37	8.23	8.17	7.88
8.130	8.40	8.22	8.12	7.85
8.131	8.41	8.20	8.06	7.83
8.132	8.42	8.18	7.98	7.80
8.133	8.41	8.16	7.89	7.78
8.134	8.39	8.14	7.81	7.75
8.135	8.36	8.12	7.73	7.73
8.136	8.31	8.10	7.65	7.70
8.137	8.24	8.08	7.58	7.67
8.138	8.16	8.06	7.53	7.64
8.139	8.07	8.04	7.49	7.61
8.140	7.98	8.02	7.47	7.58
8.141	7.90	7.99	7.47	7.56
8.142	7.81	7.97	7.47	7.53
8.143	7.73	7.95	7.47	7.50
8.144	7.66	7.92	7.47	7.47
8.145	7.61	7.90	7.47	7.43
8.146	7.58	7.87	7.47	7.40
8.147	7.57	7.85	7.47	7.37
8.148	7.58	7.83	7.48	7.34
8.149	7.61	7.80	7.49	7.31
8.150	7.65	7.78	7.50	7.28
8.151	7.70	7.75	7.51	7.24
8.152	7.74	7.73	7.51	7.21
8.153	7.78	7.70	7.51	7.18
8.154	7.80	7.67	7.49	7.14
8.155	7.80	7.65	7.45	7.11
8.156	7.78	7.62	7.41	7.08
8.157	7.76	7.60	7.37	7.04
8.158	7.73	7.57	7.31	7.01
8.159	7.71	7.54	7.24	6.97
8.160	7.70	7.52	7.16	6.94
8.161	7.68	7.49	7.07	6.90
8.162	7.65	7.46	6.97	6.87
8.163	7.62	7.44	6.87	6.83
8.164	7.59	7.41	6.76	6.80
8.165	7.54	7.38	6.65	6.77
8.166	7.49	7.35	6.55	6.73
8.167	7.43	7.33	6.45	6.70
8.168	7.36	7.30	6.38	6.66
8.169	7.27	7.27	6.32	6.63
8.170	7.18	7.25	6.28	6.59
8.171	7.08	7.22	6.26	6.56
8.172	6.98	7.19	6.26	6.53
8.173	6.89	7.16	6.26	6.49
8.174	6.81	7.14	6.26	6.46
8.175	6.74	7.11	6.26	6.43
8.176	6.67	7.09	6.27	6.40
8.177	6.62	7.06	6.27	6.36
8.178	6.59	7.03	6.28	6.33
8.179	6.58	7.01	6.28	6.30
8.180	6.59	6.99	6.28	6.27
8.181	6.62	6.96	6.28	6.24
8.182	6.66	6.94	6.28	6.21
8.183	6.70	6.91	6.29	6.17
8.184	6.74	6.89	6.30	6.14
8.185	6.78	6.86	6.30	6.11
8.186	6.80	6.84	6.30	6.08
8.187	6.81	6.82	6.29	6.05
8.188	6.81	6.79	6.29	6.02
8.189	6.82	6.77	6.28	5.98
8.190	6.82	6.75	6.27	5.95
8.191	6.82	6.72	6.26	5.92
8.192	6.82	6.70	6.25	5.89
8.193	6.82	6.68	6.23	5.86
8.194	6.82	6.65	6.21	5.82
8.195	6.81	6.63	6.19	5.79
8.196	6.81	6.60	6.19	5.76
8.197	6.80	6.58	6.19	5.72
8.198	6.79	6.55	6.19	5.69
8.199	6.78	6.53	6.18	5.66
8.200	6.76	6.50	6.17	5.62
8.201	6.75	6.48	6.13	5.59
8.202	6.74	6.45	6.08	5.56
8.203	6.73	6.43	6.00	5.52
8.204	6.74	6.40	5.91	5.49
8.205	6.76	6.37	5.80	5.45
8.206	6.78	6.34	5.71	5.42
8.207	6.80	6.32	5.61	5.39
8.208	6.81	6.29	5.51	5.35
8.209	6.79	6.26	5.41	5.32
8.210	6.74	6.23	5.32	5.29
8.211	6.66	6.20	5.23	5.26
8.212	6.55	6.18	5.14	5.23
8.213	6.42	6.15	5.06	5.20
8.214	6.29	6.12	5.00	5.17
8.215	6.15	6.09	4.94	5.14
8.216	6.02	6.06	4.90	5.11
8.217	5.90	6.03	4.87	5.08
8.218	5.80	6.01	4.83	5.06
8.219	5.73	5.98	4.80	5.03
8.220	5.68	5.95	4.76	5.01
8.221	5.64	5.92	4.73	4.99
8.222	5.62	5.90	4.72	4.96
8.223	5.61	5.87	4.73	4.94
8.224	5.59	5.85	4.76	4.92
8.225	5.58	5.83	4.80	4.91
8.226	5.56	5.80	4.85	4.89
8.227	5.53	5.78	4.89	4.87
8.228	5.51	5.76	4.92	4.86
8.229	5.50	5.74	4.95	4.84
8.230	5.51	5.72	4.98	4.83
8.231	5.54	5.70	5.00	4.82
8.232	5.57	5.69	5.03	4.81
8.233	5.61	5.67	5.07	4.80
8.234	5.66	5.66	5.10	4.80
8.235	5.70	5.64	5.12	4.79
8.236	5.75	5.63	5.13	4.79
8.237	5.80	5.62	5.12	4.78
8.238	5.84	5.61	5.08	4.78
8.239	5.85	5.60	5.03	4.78
8.240	5.85	5.59	4.98	4.78
8.241	5.83	5.58	4.92	4.78
8.242	5.79	5.58	4.88	4.79
8.243	5.75	5.57	4.84	4.79
8.244	5.70	5.57	4.81	4.80
8.245	5.65	5.57	4.78	4.81
8.246	5.60	5.57	4.75	4.82
8.247	5.54	5.57	4.73	4.83
8.248	5.49	5.57	4.72	4.85
8.249	5.44	5.57	4.70	4.86
8.250	5.40	5.58	4.69	4.88
8.251	5.36	5.59	4.68	4.90
8.252	5.34	5.60	4.68	4.92
8.253	5.32	5.61	4.68	4.94
8.254	5.31	5.62	4.68	4.96
8.255	5.30	5.63	4.68	4.99
8.256	5.29	5.65	4.69	5.02
8.257	5.27	5.67	4.71	5.04
8.258	5.25	5.69	4.73	5.08
8.259	5.24	5.71	4.77	5.11
8.260	5.26	5.73	4.82	5.14
8.261	5.29	5.76	4.89	5.18
8.262	5.34	5.78	4.96	5.22
8.263	5.39	5.81	5.03	5.25
8.264	5.45	5.84	5.10	5.30
8.265	5.51	5.87	5.17	5.34
8.266	5.58	5.91	5.24	5.38
8.267	5.65	5.94	5.31	5.42
8.268	5.72	5.98	5.38	5.47
8.269	5.78	6.02	5.44	5.52
8.270	5.84	6.06	5.49	5.57
8.271	5.88	6.10	5.53	5.61
8.272	5.91	6.14	5.58	5.66
8.273	5.95	6.19	5.62	5.71
8.274	6.00	6.23	5.68	5.77
8.275	6.04	6.28	5.74	5.82
8.276	6.10	6.32	5.80	5.87
8.277	6.16	6.37	5.89	5.92
8.278	6.23	6.42	5.98	5.98
8.279	6.31	6.47	6.09	6.03
8.280	6.41	6.52	6.21	6.08
8.281	6.52	6.57	6.34	6.14
8.282	6.63	6.62	6.47	6.19
8.283	6.74	6.67	6.59	6.24
8.284	6.86	6.73	6.71	6.30
8.285	6.98	6.78	6.83	6.35
8.286	7.10	6.83	6.93	6.40
8.287	7.21	6.88	7.01	6.45
8.288	7.31	6.93	7.07	6.50
8.289	7.40	6.99	7.10	6.55
8.290	7.46	7.04	7.12	6.60
8.291	7.51	7.09	7.15	6.65
8.292	7.55	7.14	7.18	6.70
8.293	7.58	7.19	7.22	6.74
8.294	7.62	7.24	7.27	6.79
8.295	7.67	7.29	7.31	6.83
8.296	7.72	7.34	7.34	6.87
8.297	7.75	7.38	7.36	6.92
8.298	7.78	7.43	7.36	6.96
8.299	7.79	7.48	7.35	7.00
8.300	7.80	7.52	7.34	7.04
8.301	7.81	7.57	7.33	7.07
8.302	7.82	7.61	7.32	7.11
8.303	7.82	7.65	7.31	7.15
8.304	7.82	7.69	7.29	7.18
8.305	7.81	7.74	7.28	7.22
8.306	7.80	7.78	7.28	7.25
8.307	7.79	7.82	7.29	7.28
8.308	7.80	7.85	7.31	7.31
8.309	7.81	7.89	7.34	7.34
8.310	7.84	7.93	7.38	7.37
8.311	7.87	7.97	7.43	7.40
8.312	7.91	8.00	7.48	7.42
8.313	7.96	8.04	7.52	7.45
8.314	8.01	8.07	7.57	7.47
8.315	8.07	8.10	7.61	7.49
8.316	8.14	8.14	7.65	7.52
8.317	8.20	8.17	7.69	7.54
8.318	8.26	8.20	7.72	7.56
8.319	8.30	8.23	7.74	7.58
8.320	8.33	8.26	7.75	7.60
8.321	8.35	8.28	7.76	7.62
8.322	8.37	8.31	7.77	7.63
8.323	8.39	8.34	7.78	7.65
8.324	8.42	8.36	7.80	7.66
8.325	8.45	8.39	7.81	7.68
8.326	8.47	8.41	7.83	7.69
8.327	8.48	8.43	7.84	7.70
8.328	8.50	8.45	7.84	7.71
8.329	8.52	8.48	7.83	7.72
8.330	8.53	8.50	7.81	7.73
8.331	8.56	8.52	7.81	7.74
8.332	8.58	8.53	7.82	7.75
8.333	8.60	8.55	7.84	7.75
8.334	8.62	8.57	7.86	7.76
8.335	8.64	8.58	7.89	7.77
8.336	8.66	8.60	7.91	7.77
8.337	8.67	8.61	7.93	7.77
8.338	8.68	8.63	7.94	7.78
8.339	8.69	8.64	7.94	7.78
8.340	8.70	8.65	7.94	7.78
8.341	8.71	8.66	7.94	7.78
8.342	8.72	8.67	7.94	7.78
8.343	8.73	8.68	7.95	7.78
8.344	8.76	8.69	7.95	7.78
8.345	8.78	8.69	7.95	7.78
8.346	8.79	8.70	7.92	7.77
8.347	8.79	8.71	7.88	7.77
8.348	8.78	8.71	7.84	7.77
8.349	8.76	8.72	7.81	7.76
8.350	8.74	8.72	7.79	7.76
8.351	8.71	8.73	7.77	7.75
8.352	8.69	8.73	7.76	7.74
8.353	8.67	8.73	7.75	7.74
8.354	8.65	8.73	7.75	7.73
8.355	8.64	8.73	7.73	7.72
8.356	8.64	8.73	7.71	7.72
8.357	8.64	8.73	7.70	7.71
8.358	8.65	8.73	7.71	7.70
8.359	8.67	8.73	7.73	7.69
8.360	8.69	8.73	7.75	7.68
8.361	8.71	8.73	7.77	7.67
8.362	8.71	8.72	7.77	7.66
8.363	8.71	8.72	7.77	7.65
8.364	8.70	8.72	7.76	7.64
8.365	8.70	8.71	7.74	7.63
8.366	8.70	8.71	7.73	7.62
8.367	8.70	8.70	7.71	7.61
8.368	8.71	8.70	7.71	7.60
8.369	8.72	8.69	7.70	7.59
8.370	8.72	8.69	7.70	7.58
8.371	8.72	8.68	7.69	7.57
8.372	8.72	8.67	7.69	7.55
8.373	8.72	8.67	7.68	7.54
8.374	8.72	8.66	7.67	7.53
8.375	8.71	8.65	7.66	7.52
8.376	8.70	8.64	7.66	7.50
8.377	8.69	8.63	7.65	7.49
8.378	8.68	8.62	7.65	7.48
8.379	8.68	8.61	7.65	7.47
8.380	8.68	8.60	7.64	7.45
8.381	8.67	8.59	7.62	7.44
8.382	8.66	8.58	7.59	7.43
8.383	8.64	8.57	7.56	7.42
8.384	8.62	8.56	7.53	7.40
8.385	8.60	8.55	7.51	7.39
8.386	8.58	8.54	7.48	7.38
8.387	8.57	8.53	7.45	7.37
8.388	8.56	8.52	7.42	7.35
8.389	8.55	8.50	7.37	7.34
8.390	8.53	8.49	7.33	7.33
8.391	8.50	8.48	7.28	7.32
8.392	8.46	8.47	7.24	7.31
8.393	8.41	8.46	7.20	7.30
8.394	8.34	8.44	7.16	7.29
8.395	8.28	8.43	7.13	7.28
8.396	8.22	8.42	7.12	7.27
8.397	8.19	8.41	7.12	7.26
8.398	8.18	8.40	7.15	7.25
8.399	8.19	8.38	7.18	7.24
8.400	8.22	8.37	7.20	7.24
8.401	8.24	8.36	7.22	7.23
8.402	8.26	8.35	7.22	7.22
8.403	8.28	8.34	7.23	7.21
8.404	8.28	8.33	7.24	7.21
8.405	8.27	8.32	7.25	7.20
8.406	8.26	8.31	7.25	7.20
8.407	8.25	8.29	7.24	7.19
8.408	8.24	8.28	7.24	7.19
8.409	8.23	8.27	7.23	7.18
8.410	8.22	8.26	7.22	7.18
8.411	8.22	8.25	7.22	7.17
8.412	8.22	8.24	7.23	7.17
8.413	8.23	8.23	7.26	7.17
8.414	8.26	8.22	7.28	7.17
8.415	8.28	8.21	7.30	7.16
8.416	8.30	8.20	7.30	7.16
8.417	8.30	8.20	7.30	7.16
8.418	8.29	8.19	7.28	7.16
8.419	8.26	8.18	7.24	7.15
8.420	8.22	8.17	7.19	7.15
8.421	8.16	8.16	7.14	7.15
8.422	8.10	8.15	7.10	7.15
8.423	8.05	8.14	7.08	7.15
8.424	8.01	8.13	7.08	7.15
8.425	7.99	8.12	7.07	7.15
8.426	7.98	8.11	7.06	7.15
8.427	7.96	8.11	7.05	7.15
8.428	7.94	8.10	7.07	7.15
8.429	7.92	8.09	7.11	7.15
8.430	7.91	8.08	7.17	7.15
8.431	7.91	8.07	7.23	7.15
8.432	7.93	8.06	7.28	7.14
8.433	7.97	8.06	7.33	7.14
8.434	8.01	8.05	7.36	7.14
8.435	8.06	8.04	7.39	7.14
8.436	8.10	8.03	7.41	7.14
8.437	8.13	8.02	7.42	7.14
8.438	8.15	8.01	7.43	7.14
8.439	8.16	8.01	7.44	7.14
8.440	8.16	8.00	7.45	7.13
8.441	8.15	7.99	7.45	7.13
8.442	8.14	7.98	7.46	7.13
8.443	8.14	7.97	7.46	7.13
8.444	8.13	7.96	7.45	7.12
8.445	8.13	7.95	7.44	7.12
8.446	8.13	7.94	7.42	7.11
8.447	8.12	7.93	7.41	7.11
8.448	8.12	7.92	7.39	7.11
8.449	8.11	7.91	7.37	7.10
8.450	8.10	7.90	7.35	7.10
8.451	8.07	7.89	7.31	7.09
8.452	8.04	7.88	7.27	7.08
8.453	7.99	7.87	7.22	7.08
8.454	7.93	7.86	7.17	7.07
8.455	7.87	7.85	7.14	7.06
8.456	7.82	7.84	7.12	7.06
8.457	7.79	7.83	7.12	7.05
8.458	7.78	7.81	7.14	7.04
8.459	7.79	7.80	7.17	7.04
8.460	7.81	7.79	7.20	7.03
8.461	7.84	7.78	7.23	7.02
8.462	7.86	7.77	7.24	7.02
8.463	7.87	7.76	7.25	7.01
8.464	7.88	7.75	7.24	7.00
8.465	7.87	7.74	7.21	6.99
8.466	7.85	7.73	7.17	6.99
8.467	7.82	7.72	7.13	6.98
8.468	7.78	7.71	7.09	6.97
8.469	7.72	7.70	7.04	6.97
8.470	7.66	7.69	6.99	6.96
8.471	7.61	7.68	6.94	6.95
8.472	7.56	7.67	6.89	6.95
8.473	7.51	7.66	6.84	6.94
8.474	7.47	7.65	6.80	6.94
8.475	7.44	7.64	6.78	6.94
8.476	7.42	7.64	6.75	6.93
8.477	7.40	7.63	6.74	6.93
8.478	7.39	7.62	6.72	6.93
8.479	7.39	7.62	6.72	6.92
8.480	7.41	7.61	6.73	6.92
8.481	7.42	7.61	6.75	6.92
8.482	7.44	7.60	6.78	6.92
8.483	7.46	7.60	6.83	6.92
8.484	7.47	7.60	6.86	6.92
8.485	7.47	7.60	6.89	6.92
8.486	7.48	7.59	6.91	6.92
8.487	7.48	7.59	6.91	6.92
8.488	7.48	7.59	6.91	6.93
8.489	7.48	7.59	6.91	6.93
8.490	7.48	7.59	6.91	6.93
8.491	7.48	7.59	6.91	6.94
8.492	7.48	7.59	6.91	6.94
8.493	7.47	7.60	6.92	6.94
8.494	7.47	7.60	6.92	6.95
8.495	7.47	7.60	6.93	6.95
8.496	7.47	7.60	6.94	6.96
8.497	7.47	7.61	6.96	6.97
8.498	7.49	7.61	6.99	6.97
8.499	7.51	7.61	7.02	6.98
8.500	7.55	7.62	7.07	6.99
8.501	7.60	7.62	7.12	6.99
8.502	7.66	7.63	7.18	7.00
8.503	7.73	7.63	7.25	7.01
8.504	7.79	7.64	7.30	7.01
8.505	7.83	7.64	7.34	7.02
8.506	7.85	7.64	7.37	7.03
8.507	7.87	7.65	7.38	7.03
8.508	7.88	7.65	7.39	7.04
8.509	7.88	7.66	7.38	7.05
8.510	7.88	7.66	7.38	7.05
8.511	7.88	7.67	7.37	7.06
8.512	7.87	7.67	7.35	7.06
8.513	7.86	7.68	7.34	7.07
8.514	7.84	7.68	7.32	7.08
8.515	7.82	7.69	7.29	7.08
8.516	7.80	7.69	7.27	7.09
8.517	7.79	7.70	7.25	7.09
8.518	7.78	7.70	7.25	7.10
8.519	7.78	7.71	7.26	7.10
8.520	7.79	7.71	7.26	7.11
8.521	7.79	7.71	7.27	7.11
8.522	7.80	7.72	7.27	7.12
8.523	7.80	7.72	7.27	7.13
8.524	7.80	7.73	7.26	7.13
8.525	7.80	7.73	7.25	7.14
8.526	7.80	7.73	7.23	7.14
8.527	7.79	7.74	7.21	7.15
8.528	7.77	7.74	7.18	7.15
8.529	7.75	7.75	7.15	7.16
8.530	7.72	7.75	7.13	7.16
8.531	7.68	7.76	7.10	7.17
8.532	7.65	7.76	7.08	7.17
8.533	7.61	7.76	7.07	7.18
8.534	7.59	7.77	7.07	7.18
8.535	7.56	7.77	7.07	7.19
8.536	7.55	7.78	7.08	7.20
8.537	7.56	7.78	7.09	7.20
8.538	7.56	7.79	7.11	7.21
8.539	7.58	7.79	7.13	7.21
8.540	7.59	7.80	7.15	7.22
8.541	7.62	7.81	7.17	7.23
8.542	7.64	7.81	7.19	7.23
8.543	7.68	7.82	7.21	7.24
8.544	7.72	7.82	7.24	7.25
8.545	7.75	7.83	7.28	7.25
8.546	7.78	7.84	7.32	7.26
8.547	7.80	7.84	7.35	7.27
8.548	7.82	7.85	7.37	7.27
8.549	7.84	7.85	7.38	7.28
8.550	7.85	7.86	7.39	7.29
8.551	7.86	7.87	7.40	7.29
8.552	7.87	7.87	7.42	7.30
8.553	7.88	7.88	7.44	7.30
8.554	7.90	7.88	7.48	7.31
8.555	7.92	7.89	7.52	7.31
8.556	7.95	7.89	7.56	7.32
8.557	7.98	7.90	7.60	7.32
8.558	8.02	7.90	7.63	7.33
8.559	8.05	7.91	7.65	7.33
8.560	8.09	7.91	7.68	7.33
8.561	8.12	7.91	7.70	7.34
8.562	8.15	7.92	7.72	7.34
8.563	8.17	7.92	7.73	7.34
8.564	8.19	7.92	7.73	7.34
8.565	8.20	7.92	7.72	7.35
8.566	8.22	7.92	7.70	7.35
8.567	8.23	7.93	7.67	7.35
8.568	8.24	7.93	7.65	7.35
8.569	8.23	7.93	7.63	7.35
8.570	8.21	7.93	7.61	7.35
8.571	8.18	7.93	7.58	7.35
8.572	8.14	7.93	7.55	7.34
8.573	8.09	7.92	7.51	7.34
8.574	8.04	7.92	7.46	7.34
8.575	8.00	7.92	7.41	7.34
8.576	7.95	7.92	7.36	7.34
8.577	7.91	7.92	7.30	7.34
8.578	7.87	7.92	7.26	7.34
8.579	7.83	7.91	7.22	7.34
8.580	7.79	7.91	7.19	7.33
8.581	7.76	7.91	7.16	7.33
8.582	7.72	7.91	7.13	7.33
8.583	7.67	7.91	7.09	7.33
8.584	7.63	7.91	7.06	7.33
8.585	7.60	7.90	7.05	7.33
8.586	7.58	7.90	7.07	7.33
8.587	7.57	7.90	7.11	7.33
8.588	7.58	7.90	7.17	7.33
8.589	7.59	7.90	7.22	7.33
8.590	7.61	7.90	7.26	7.33
8.591	7.63	7.90	7.29	7.33
8.592	7.65	7.90	7.32	7.32
8.593	7.69	7.90	7.35	7.32
8.594	7.73	7.90	7.38	7.32
8.595	7.77	7.90	7.41	7.32
8.596	7.82	7.90	7.43	7.32
8.597	7.86	7.90	7.44	7.32
8.598	7.89	7.90	7.45	7.32
8.599	7.92	7.90	7.45	7.32
8.600	7.93	7.90	7.46	7.32
8.601	7.94	7.90	7.46	7.32
8.602	7.95	7.90	7.47	7.32
8.603	7.96	7.89	7.48	7.32
8.604	7.96	7.89	7.49	7.32
8.605	7.97	7.89	7.50	7.32
8.606	7.97	7.89	7.49	7.32
8.607	7.97	7.89	7.48	7.32
8.608	7.96	7.89	7.48	7.31
8.609	7.96	7.89	7.48	7.31
8.610	7.97	7.89	7.49	7.31
8.611	7.97	7.89	7.50	7.30
8.612	7.97	7.88	7.50	7.30
8.613	7.97	7.88	7.50	7.30
8.614	7.97	7.88	7.49	7.29
8.615	7.97	7.88	7.49	7.29
8.616	7.97	7.87	7.49	7.28
8.617	7.98	7.87	7.49	7.28
8.618	7.98	7.86	7.49	7.27
8.619	7.98	7.86	7.49	7.27
8.620	7.98	7.85	7.47	7.26
8.621	7.97	7.85	7.46	7.25
8.622	7.95	7.84	7.43	7.24
8.623	7.92	7.84	7.40	7.24
8.624	7.89	7.83	7.37	7.23
8.625	7.86	7.82	7.33	7.22
8.626	7.83	7.82	7.29	7.21
8.627	7.81	7.81	7.25	7.20
8.628	7.80	7.80	7.23	7.19
8.629	7.80	7.79	7.23	7.18
8.630	7.81	7.78	7.22	7.17
8.631	7.81	7.77	7.22	7.16
8.632	7.80	7.76	7.22	7.15
8.633	7.79	7.75	7.21	7.14
8.634	7.76	7.74	7.20	7.13
8.635	7.72	7.73	7.19	7.12
8.636	7.69	7.72	7.17	7.10
8.637	7.65	7.71	7.16	7.09
8.638	7.62	7.70	7.15	7.08
8.639	7.61	7.69	7.14	7.07
8.640	7.62	7.68	7.15	7.05
8.641	7.64	7.67	7.17	7.04
8.642	7.67	7.65	7.20	7.03
8.643	7.71	7.64	7.23	7.01
8.644	7.74	7.63	7.25	7.00
8.645	7.77	7.61	7.26	6.99
8.646	7.79	7.60	7.27	6.97
8.647	7.80	7.59	7.27	6.96
8.648	7.80	7.57	7.26	6.94
8.649	7.78	7.56	7.25	6.93
8.650	7.77	7.54	7.23	6.91
8.651	7.75	7.53	7.21	6.90
8.652	7.74	7.51	7.19	6.89
8.653	7.72	7.50	7.15	6.87
8.654	7.70	7.48	7.11	6.86
8.655	7.68	7.47	7.06	6.84
8.656	7.65	7.45	7.00	6.83
8.657	7.61	7.44	6.93	6.81
8.658	7.56	7.42	6.87	6.80
8.659	7.51	7.40	6.80	6.78
8.660	7.46	7.39	6.74	6.77
8.661	7.39	7.37	6.68	6.76
8.662	7.32	7.36	6.62	6.74
8.663	7.25	7.34	6.56	6.73
8.664	7.18	7.33	6.51	6.72
8.665	7.12	7.32	6.47	6.71
8.666	7.06	7.30	6.45	6.70
8.667	7.01	7.29	6.43	6.69
8.668	6.97	7.28	6.41	6.68
8.669	6.95	7.26	6.40	6.67
8.670	6.93	7.25	6.37	6.66
8.671	6.92	7.24	6.35	6.65
8.672	6.89	7.23	6.33	6.64
8.673	6.86	7.22	6.31	6.64
8.674	6.83	7.21	6.31	6.63
8.675	6.79	7.20	6.32	6.63
8.676	6.76	7.20	6.34	6.62
8.677	6.74	7.19	6.39	6.62
8.678	6.73	7.18	6.44	6.61
8.679	6.75	7.18	6.50	6.61
8.680	6.78	7.17	6.57	6.60
8.681	6.83	7.17	6.65	6.60
8.682	6.89	7.16	6.72	6.60
8.683	6.97	7.16	6.80	6.60
8.684	7.06	7.15	6.87	6.59
8.685	7.15	7.15	6.94	6.59
8.686	7.25	7.15	7.00	6.59
8.687	7.34	7.14	7.04	6.59
8.688	7.42	7.14	7.06	6.58
8.689	7.47	7.14	7.07	6.58
8.690	7.49	7.14	7.06	6.58
8.691	7.50	7.13	7.05	6.58
8.692	7.49	7.13	7.03	6.57
8.693	7.48	7.13	7.01	6.57
8.694	7.46	7.13	6.97	6.57
8.695	7.45	7.12	6.93	6.56
8.696	7.43	7.12	6.89	6.56
8.697	7.40	7.12	6.84	6.56
8.698	7.36	7.11	6.79	6.55
8.699	7.31	7.11	6.76	6.55
8.700	7.26	7.11	6.73	6.54
8.701	7.22	7.10	6.71	6.54
8.702	7.19	7.10	6.69	6.54
8.703	7.18	7.10	6.67	6.53
8.704	7.17	7.09	6.65	6.53
8.705	7.17	7.09	6.63	6.52
8.706	7.17	7.08	6.62	6.52
8.707	7.17	7.08	6.61	6.51
8.708	7.16	7.08	6.59	6.51
8.709	7.15	7.07	6.58	6.50
8.710	7.13	7.07	6.55	6.50
8.711	7.11	7.06	6.52	6.50
8.712	7.09	7.06	6.51	6.49
8.713	7.08	7.06	6.50	6.49
8.714	7.06	7.05	6.49	6.49
8.715	7.04	7.05	6.48	6.48
8.716	7.01	7.04	6.47	6.48
8.717	6.99	7.04	6.47	6.48
8.718	6.97	7.04	6.47	6.47
8.719	6.96	7.03	6.48	6.47
8.720	6.95	7.03	6.48	6.47
8.721	6.93	7.03	6.47	6.47
8.722	6.91	7.03	6.46	6.47
8.723	6.89	7.02	6.44	6.47
8.724	6.88	7.02	6.44	6.47
8.725	6.87	7.02	6.45	6.47
8.726	6.87	7.02	6.46	6.47
8.727	6.88	7.02	6.47	6.47
8.728	6.89	7.02	6.48	6.47
8.729	6.91	7.02	6.49	6.47
8.730	6.92	7.02	6.49	6.47
8.731	6.94	7.02	6.50	6.47
8.732	6.95	7.02	6.50	6.47
8.733	6.97	7.02	6.50	6.48
8.734	6.99	7.02	6.52	6.48
8.735	7.01	7.02	6.55	6.48
8.736	7.02	7.03	6.57	6.49
8.737	7.03	7.03	6.58	6.49
8.738	7.03	7.03	6.59	6.50
8.739	7.03	7.03	6.59	6.50
8.740	7.05	7.04	6.61	6.50
8.741	7.06	7.04	6.62	6.51
8.742	7.08	7.05	6.64	6.51
8.743	7.09	7.05	6.65	6.52
8.744	7.10	7.05	6.66	6.53
8.745	7.11	7.06	6.67	6.53
8.746	7.12	7.06	6.66	6.54
8.747	7.12	7.07	6.65	6.54
8.748	7.12	7.07	6.64	6.55
8.749	7.11	7.08	6.64	6.56
8.750	7.10	7.09	6.64	6.57
8.751	7.09	7.09	6.64	6.57
8.752	7.09	7.10	6.65	6.58
8.753	7.10	7.10	6.65	6.59
8.754	7.11	7.11	6.66	6.60
8.755	7.12	7.12	6.66	6.60
8.756	7.14	7.13	6.66	6.61
8.757	7.15	7.13	6.66	6.62
8.758	7.15	7.14	6.66	6.63
8.759	7.14	7.15	6.67	6.64
8.760	7.13	7.16	6.67	6.65
8.761	7.13	7.17	6.67	6.66
8.762	7.12	7.17	6.67	6.66
8.763	7.12	7.18	6.68	6.67
8.764	7.13	7.19	6.69	6.68
8.765	7.14	7.20	6.71	6.69
8.766	7.16	7.21	6.72	6.70
8.767	7.17	7.22	6.73	6.71
8.768	7.18	7.23	6.73	6.72
8.769	7.18	7.24	6.71	6.73
8.770	7.17	7.25	6.70	6.74
8.771	7.15	7.26	6.70	6.75
8.772	7.13	7.27	6.70	6.76
8.773	7.12	7.28	6.71	6.76
8.774	7.11	7.29	6.71	6.77
8.775	7.11	7.30	6.71	6.78
8.776	7.10	7.31	6.72	6.79
8.777	7.10	7.33	6.74	6.80
8.778	7.11	7.34	6.78	6.81
8.779	7.13	7.35	6.83	6.81
8.780	7.17	7.36	6.89	6.82
8.781	7.21	7.37	6.95	6.83
8.782	7.25	7.38	7.01	6.83
8.783	7.30	7.39	7.07	6.84
8.784	7.34	7.40	7.13	6.84
8.785	7.40	7.41	7.19	6.85
8.786	7.45	7.42	7.23	6.85
8.787	7.50	7.43	7.26	6.86
8.788	7.56	7.44	7.29	6.86
8.789	7.62	7.45	7.30	6.86
8.790	7.68	7.46	7.29	6.86
8.791	7.74	7.46	7.27	6.86
8.792	7.79	7.47	7.26	6.86
8.793	7.82	7.48	7.26	6.86
8.794	7.84	7.48	7.26	6.86
8.795	7.85	7.49	7.25	6.85
8.796	7.85	7.49	7.24	6.85
8.797	7.84	7.50	7.22	6.84
8.798	7.83	7.50	7.20	6.84
8.799	7.81	7.50	7.17	6.83
8.800	7.79	7.50	7.14	6.83
8.801	7.76	7.51	7.10	6.82
8.802	7.73	7.51	7.06	6.81
8.803	7.69	7.51	7.01	6.80
8.804	7.65	7.50	6.96	6.79
8.805	7.62	7.50	6.91	6.78
8.806	7.59	7.50	6.85	6.77
8.807	7.55	7.50	6.80	6.76
8.808	7.52	7.50	6.75	6.75
8.809	7.48	7.49	6.71	6.74
8.810	7.44	7.49	6.69	6.73
8.811	7.41	7.48	6.67	6.72
8.812	7.40	7.48	6.67	6.70
8.813	7.39	7.47	6.67	6.69
8.814	7.39	7.47	6.69	6.68
8.815	7.41	7.46	6.70	6.67
8.816	7.42	7.45	6.72	6.65
8.817	7.44	7.45	6.74	6.64
8.818	7.46	7.44	6.75	6.63
8.819	7.48	7.43	6.76	6.62
8.820	7.50	7.42	6.77	6.60
8.821	7.51	7.42	6.76	6.59
8.822	7.51	7.41	6.75	6.58
8.823	7.51	7.40	6.72	6.56
8.824	7.50	7.39	6.69	6.55
8.825	7.48	7.38	6.64	6.54
8.826	7.45	7.37	6.60	6.53
8.827	7.43	7.36	6.56	6.52
8.828	7.41	7.36	6.53	6.51
8.829	7.40	7.35	6.52	6.49
8.830	7.39	7.34	6.51	6.48
8.831	7.38	7.33	6.50	6.47
8.832	7.35	7.32	6.48	6.46
8.833	7.31	7.31	6.45	6.45
8.834	7.27	7.30	6.40	6.44
8.835	7.23	7.29	6.35	6.44
8.836	7.20	7.29	6.30	6.43
8.837	7.16	7.28	6.26	6.42
8.838	7.13	7.27	6.23	6.41
8.839	7.09	7.26	6.20	6.41
8.840	7.06	7.26	6.19	6.40
8.841	7.04	7.25	6.18	6.40
8.842	7.01	7.25	6.18	6.39
8.843	6.99	7.24	6.19	6.39
8.844	6.97	7.24	6.22	6.39
8.845	6.96	7.23	6.25	6.38
8.846	6.96	7.23	6.28	6.38
8.847	6.98	7.22	6.31	6.38
8.848	6.99	7.22	6.34	6.38
8.849	7.00	7.22	6.36	6.38
8.850	7.01	7.22	6.37	6.38
8.851	7.01	7.21	6.38	6.38
8.852	7.02	7.21	6.39	6.38
8.853	7.04	7.21	6.41	6.38
8.854	7.07	7.21	6.45	6.38
8.855	7.10	7.21	6.49	6.39
8.856	7.14	7.21	6.54	6.39
8.857	7.17	7.21	6.58	6.39
8.858	7.20	7.21	6.61	6.39
8.859	7.22	7.21	6.63	6.40
8.860	7.24	7.22	6.65	6.40
8.861	7.26	7.22	6.68	6.40
8.862	7.29	7.22	6.70	6.41
8.863	7.32	7.22	6.73	6.41
8.864	7.35	7.22	6.75	6.41
8.865	7.38	7.22	6.78	6.42
8.866	7.42	7.23	6.79	6.42
8.867	7.46	7.23	6.80	6.43
8.868	7.50	7.23	6.80	6.43
8.869	7.52	7.23	6.79	6.43
8.870	7.52	7.24	6.77	6.44
8.871	7.51	7.24	6.74	6.44
8.872	7.49	7.24	6.71	6.44
8.873	7.47	7.24	6.69	6.45
8.874	7.46	7.25	6.66	6.45
8.875	7.45	7.25	6.64	6.46
8.876	7.44	7.25	6.61	6.46
8.877	7.44	7.25	6.59	6.46
8.878	7.43	7.25	6.58	6.47
8.879	7.41	7.26	6.56	6.47
8.880	7.37	7.26	6.53	6.48
8.881	7.33	7.26	6.49	6.48
8.882	7.27	7.27	6.44	6.49
8.883	7.22	7.27	6.41	6.50
8.884	7.17	7.27	6.38	6.50
8.885	7.13	7.28	6.36	6.51
8.886	7.11	7.28	6.36	6.52
8.887	7.09	7.28	6.37	6.52
8.888	7.08	7.29	6.39	6.53
8.889	7.07	7.29	6.41	6.54
8.890	7.07	7.30	6.43	6.55
8.891	7.07	7.30	6.46	6.56
8.892	7.08	7.31	6.48	6.57
8.893	7.09	7.32	6.51	6.57
8.894	7.10	7.32	6.54	6.58
8.895	7.12	7.33	6.56	6.60
8.896	7.14	7.34	6.59	6.61
8.897	7.17	7.34	6.62	6.62
8.898	7.20	7.35	6.64	6.63
8.899	7.24	7.36	6.67	6.64
8.900	7.28	7.37	6.71	6.65
8.901	7.32	7.38	6.76	6.66
8.902	7.35	7.39	6.81	6.68
8.903	7.39	7.40	6.85	6.69
8.904	7.42	7.41	6.89	6.70
8.905	7.46	7.41	6.93	6.71
8.906	7.50	7.42	6.97	6.72
8.907	7.55	7.44	7.01	6.74
8.908	7.59	7.45	7.03	6.75
8.909	7.63	7.46	7.05	6.76
8.910	7.66	7.47	7.05	6.78
8.911	7.67	7.48	7.04	6.79
8.912	7.68	7.49	7.04	6.80
8.913	7.68	7.50	7.03	6.82
8.914	7.68	7.51	7.04	6.83
8.915	7.69	7.52	7.05	6.84
8.916	7.70	7.53	7.07	6.85
8.917	7.70	7.54	7.07	6.87
8.918	7.70	7.55	7.06	6.88
8.919	7.69	7.56	7.05	6.89
8.920	7.67	7.57	7.03	6.91
8.921	7.66	7.58	7.02	6.92
8.922	7.65	7.60	7.02	6.93
8.923	7.64	7.61	7.02	6.95
8.924	7.63	7.62	7.01	6.96
8.925	7.62	7.63	7.00	6.97
8.926	7.60	7.64	6.98	6.99
8.927	7.59	7.65	6.96	7.00
8.928	7.57	7.67	6.94	7.02
8.929	7.55	7.68	6.92	7.03
8.930	7.53	7.69	6.91	7.05
8.931	7.52	7.70	6.91	7.06
8.932	7.51	7.72	6.93	7.08
8.933	7.53	7.73	6.97	7.09
8.934	7.56	7.74	7.02	7.11
8.935	7.60	7.76	7.08	7.12
8.936	7.64	7.77	7.13	7.14
8.937	7.68	7.78	7.17	7.15
8.938	7.70	7.80	7.20	7.17
8.939	7.73	7.81	7.23	7.18
8.940	7.75	7.83	7.25	7.20
8.941	7.78	7.84	7.28	7.21
8.942	7.81	7.86	7.31	7.23
8.943	7.84	7.87	7.34	7.25
8.944	7.86	7.89	7.36	7.26
8.945	7.89	7.90	7.39	7.28
8.946	7.91	7.92	7.42	7.29
8.947	7.94	7.93	7.46	7.31
8.948	7.96	7.95	7.50	7.32
8.949	7.99	7.96	7.52	7.34
8.950	8.00	7.98	7.53	7.35
8.951	8.02	8.00	7.54	7.37
8.952	8.03	8.01	7.54	7.38
8.953	8.05	8.03	7.55	7.39
8.954	8.06	8.04	7.55	7.41
8.955	8.08	8.06	7.56	7.42
8.956	8.09	8.07	7.57	7.44
8.957	8.10	8.09	7.58	7.45
8.958	8.11	8.10	7.60	7.46
8.959	8.12	8.12	7.61	7.47
8.960	8.13	8.13	7.62	7.49
8.961	8.14	8.15	7.64	7.50
8.962	8.16	8.16	7.65	7.51
8.963	8.18	8.18	7.65	7.52
8.964	8.20	8.19	7.65	7.53
8.965	8.22	8.20	7.66	7.54
8.966	8.24	8.22	7.67	7.55
8.967	8.27	8.23	7.68	7.56
8.968	8.28	8.24	7.69	7.57
8.969	8.29	8.26	7.69	7.58
8.970	8.28	8.27	7.68	7.59
8.971	8.28	8.28	7.67	7.59
8.972	8.28	8.29	7.67	7.60
8.973	8.28	8.31	7.67	7.61
8.974	8.30	8.32	7.68	7.62
8.975	8.33	8.33	7.70	7.62
8.976	8.36	8.34	7.73	7.63
8.977	8.39	8.35	7.76	7.63
8.978	8.41	8.36	7.78	7.64
8.979	8.44	8.37	7.80	7.64
8.980	8.46	8.38	7.81	7.65
8.981	8.47	8.38	7.82	7.65
8.982	8.49	8.39	7.82	7.65
8.983	8.50	8.40	7.82	7.66
8.984	8.50	8.41	7.81	7.66
8.985	8.51	8.41	7.81	7.66
8.986	8.52	8.42	7.81	7.66
8.987	8.53	8.42	7.82	7.66
8.988	8.54	8.43	7.84	7.66
8.989	8.54	8.43	7.85	7.66
8.990	8.55	8.43	7.86	7.66
8.991	8.55	8.44	7.87	7.66
8.992	8.55	8.44	7.88	7.66
8.993	8.56	8.44	7.88	7.66
8.994	8.57	8.44	7.88	7.66
8.995	8.58	8.45	7.88	7.65
8.996	8.58	8.45	7.86	7.65
8.997	8.58	8.45	7.83	7.65
8.998	8.58	8.45	7.80	7.65
8.999	8.56	8.45	7.77	7.64
9.000	8.54	8.44	7.76	7.64
9.001	8.51	8.44	7.74	7.63
9.002	8.49	8.44	7.73	7.63
9.003	8.46	8.44	7.73	7.62
9.004	8.45	8.44	7.72	7.62
9.005	8.44	8.43	7.71	7.62
9.006	8.43	8.43	7.69	7.61
9.007	8.42	8.43	7.67	7.61
9.008	8.42	8.42	7.64	7.60
9.009	8.42	8.42	7.62	7.59
9.010	8.41	8.42	7.60	7.59
9.011	8.40	8.41	7.59	7.58
9.012	8.38	8.41	7.57	7.58
9.013	8.35	8.40	7.55	7.57
9.014	8.32	8.40	7.53	7.57
9.015	8.30	8.40	7.52	7.56
9.016	8.27	8.39	7.51	7.56
9.017	8.25	8.39	7.51	7.55
9.018	8.24	8.38	7.52	7.55
9.019	8.24	8.38	7.52	7.54
9.020	8.24	8.37	7.53	7.54
9.021	8.25	8.37	7.54	7.54
9.022	8.26	8.37	7.55	7.53
9.023	8.28	8.36	7.57	7.53
9.024	8.30	8.36	7.59	7.52
9.025	8.31	8.35	7.59	7.52
9.026	8.31	8.35	7.58	7.52
9.027	8.30	8.34	7.56	7.51
9.028	8.28	8.34	7.53	7.51
9.029	8.26	8.34	7.51	7.51
9.030	8.23	8.33	7.49	7.50
9.031	8.22	8.33	7.48	7.50
9.032	8.22	8.33	7.48	7.50
9.033	8.23	8.32	7.50	7.50
9.034	8.25	8.32	7.52	7.49
9.035	8.26	8.32	7.55	7.49
9.036	8.28	8.31	7.57	7.49
9.037	8.30	8.31	7.58	7.49
9.038	8.31	8.31	7.59	7.48
9.039	8.31	8.30	7.59	7.48
9.040	8.30	8.30	7.58	7.48
9.041	8.29	8.30	7.56	7.48
9.042	8.27	8.29	7.55	7.48
9.043	8.26	8.29	7.55	7.47
9.044	8.26	8.29	7.56	7.47
9.045	8.26	8.28	7.57	7.47
9.046	8.27	8.28	7.58	7.47
9.047	8.27	8.27	7.58	7.47
9.048	8.27	8.27	7.57	7.46
9.049	8.27	8.27	7.57	7.46
9.050	8.28	8.26	7.57	7.46
9.051	8.28	8.26	7.56	7.46
9.052	8.29	8.25	7.56	7.45
9.053	8.28	8.25	7.58	7.45
9.054	8.27	8.25	7.59	7.45
9.055	8.27	8.24	7.61	7.45
9.056	8.27	8.24	7.62	7.44
9.057	8.28	8.23	7.63	7.44
9.058	8.28	8.22	7.63	7.44
9.059	8.29	8.22	7.63	7.43
9.060	8.29	8.21	7.61	7.43
9.061	8.30	8.21	7.59	7.42
9.062	8.30	8.20	7.59	7.42
9.063	8.30	8.19	7.60	7.42
9.064	8.30	8.19	7.61	7.41
9.065	8.30	8.18	7.63	7.41
9.066	8.30	8.17	7.63	7.40
9.067	8.30	8.17	7.61	7.40
9.068	8.29	8.16	7.60	7.39
9.069	8.28	8.15	7.58	7.39
9.070	8.27	8.14	7.56	7.38
9.071	8.25	8.13	7.55	7.38
9.072	8.24	8.12	7.54	7.37
9.073	8.22	8.11	7.53	7.36
9.074	8.21	8.11	7.53	7.36
9.075	8.20	8.10	7.53	7.35
9.076	8.19	8.09	7.53	7.35
9.077	8.17	8.08	7.53	7.34
9.078	8.17	8.07	7.54	7.33
9.079	8.16	8.06	7.54	7.33
9.080	8.16	8.05	7.54	7.32
9.081	8.16	8.04	7.52	7.32
9.082	8.15	8.03	7.49	7.31
9.083	8.12	8.02	7.46	7.30
9.084	8.09	8.01	7.42	7.30
9.085	8.05	8.00	7.39	7.29
9.086	8.02	7.99	7.36	7.29
9.087	7.99	7.98	7.33	7.28
9.088	7.97	7.97	7.32	7.28
9.089	7.95	7.96	7.31	7.28
9.090	7.94	7.95	7.31	7.27
9.091	7.94	7.94	7.31	7.27
9.092	7.93	7.94	7.31	7.27
9.093	7.91	7.93	7.29	7.26
9.094	7.88	7.92	7.26	7.26
9.095	7.83	7.91	7.22	7.26
9.096	7.77	7.91	7.18	7.26
9.097	7.72	7.90	7.15	7.26
9.098	7.67	7.90	7.11	7.26
9.099	7.64	7.89	7.08	7.26
9.100	7.61	7.89	7.06	7.26
9.101	7.60	7.88	7.05	7.27
9.102	7.59	7.88	7.05	7.27
9.103	7.59	7.88	7.07	7.27
9.104	7.59	7.87	7.10	7.28
9.105	7.61	7.87	7.14	7.28
9.106	7.64	7.87	7.17	7.29
9.107	7.67	7.87	7.21	7.29
9.108	7.70	7.87	7.25	7.30
9.109	7.73	7.87	7.28	7.31
9.110	7.76	7.88	7.32	7.32
9.111	7.79	7.88	7.35	7.32
9.112	7.82	7.88	7.39	7.33
9.113	7.85	7.89	7.42	7.34
9.114	7.88	7.89	7.45	7.35
9.115	7.91	7.89	7.48	7.36
9.116	7.93	7.90	7.49	7.37
9.117	7.94	7.90	7.51	7.38
9.118	7.95	7.91	7.52	7.40
9.119	7.95	7.91	7.53	7.41
9.120	7.95	7.92	7.55	7.42
9.121	7.96	7.93	7.57	7.43
9.122	7.97	7.93	7.60	7.44
9.123	8.00	7.94	7.63	7.46
9.124	8.03	7.95	7.66	7.47
9.125	8.06	7.96	7.70	7.48
9.126	8.10	7.97	7.73	7.49
9.127	8.12	7.97	7.75	7.51
9.128	8.14	7.98	7.77	7.52
9.129	8.16	7.99	7.77	7.53
9.130	8.16	8.00	7.77	7.55
9.131	8.15	8.01	7.75	7.56
9.132	8.14	8.02	7.74	7.57
9.133	8.12	8.03	7.73	7.59
9.134	8.10	8.04	7.72	7.60
9.135	8.08	8.05	7.72	7.61
9.136	8.06	8.05	7.71	7.63
9.137	8.05	8.06	7.72	7.64
9.138	8.05	8.07	7.72	7.65
9.139	8.05	8.08	7.73	7.67
9.140	8.06	8.09	7.75	7.68
9.141	8.06	8.11	7.76	7.69
9.142	8.08	8.12	7.78	7.71
9.143	8.10	8.13	7.79	7.72
9.144	8.12	8.14	7.81	7.73
9.145	8.14	8.15	7.81	7.75
9.146	8.15	8.16	7.81	7.76
9.147	8.14	8.17	7.81	7.77
9.148	8.13	8.18	7.80	7.79
9.149	8.12	8.20	7.80	7.80
9.150	8.11	8.21	7.81	7.81
9.151	8.13	8.22	7.84	7.82
9.152	8.15	8.23	7.86	7.84
9.153	8.18	8.24	7.89	7.85
9.154	8.20	8.26	7.90	7.86
9.155	8.21	8.27	7.91	7.87
9.156	8.21	8.28	7.90	7.89
9.157	8.19	8.29	7.89	7.90
9.158	8.17	8.31	7.87	7.91
9.159	8.16	8.32	7.85	7.92
9.160	8.15	8.33	7.84	7.93
9.161	8.14	8.34	7.84	7.94
9.162	8.13	8.36	7.84	7.96
9.163	8.13	8.37	7.84	7.97
9.164	8.14	8.38	7.87	7.98
9.165	8.16	8.39	7.90	7.99
9.166	8.20	8.41	7.95	7.99
9.167	8.23	8.42	7.99	8.00
9.168	8.26	8.43	8.03	8.01
9.169	8.29	8.44	8.07	8.02
9.170	8.32	8.45	8.10	8.03
9.171	8.35	8.47	8.13	8.03
9.172	8.39	8.48	8.16	8.04
9.173	8.44	8.49	8.20	8.04
9.174	8.49	8.50	8.24	8.05
9.175	8.54	8.50	8.27	8.05
9.176	8.57	8.51	8.29	8.05
9.177	8.60	8.52	8.31	8.05
9.178	8.62	8.53	8.33	8.05
9.179	8.64	8.53	8.36	8.05
9.180	8.69	8.54	8.40	8.05
9.181	8.74	8.54	8.46	8.05
9.182	8.81	8.55	8.51	8.05
9.183	8.87	8.55	8.55	8.04
9.184	8.94	8.55	8.59	8.03
9.185	9.01	8.55	8.62	8.03
9.186	9.06	8.55	8.65	8.02
9.187	9.10	8.54	8.66	8.01
9.188	9.13	8.54	8.64	8.00
9.189	9.13	8.54	8.60	7.98
9.190	9.11	8.53	8.54	7.97
9.191	9.08	8.52	8.48	7.96
9.192	9.02	8.51	8.41	7.94
9.193	8.97	8.50	8.35	7.93
9.194	8.91	8.49	8.30	7.91
9.195	8.85	8.48	8.25	7.89
9.196	8.79	8.47	8.19	7.87
9.197	8.73	8.45	8.12	7.85
9.198	8.67	8.44	8.05	7.83
9.199	8.61	8.42	7.98	7.81
9.200	8.56	8.41	7.91	7.79
9.201	8.51	8.39	7.86	7.77
9.202	8.47	8.37	7.81	7.74
9.203	8.44	8.35	7.77	7.72
9.204	8.41	8.33	7.72	7.70
9.205	8.37	8.32	7.67	7.68
9.206	8.33	8.30	7.61	7.65
9.207	8.28	8.28	7.55	7.63
9.208	8.22	8.26	7.50	7.61
9.209	8.16	8.24	7.45	7.59
9.210	8.10	8.22	7.41	7.56
9.211	8.05	8.20	7.37	7.54
9.212	8.00	8.18	7.35	7.52
9.213	7.95	8.16	7.33	7.50
9.214	7.91	8.14	7.31	7.48
9.215	7.88	8.12	7.30	7.46
9.216	7.84	8.10	7.28	7.44
9.217	7.81	8.08	7.25	7.42
9.218	7.77	8.06	7.21	7.41
9.219	7.72	8.04	7.17	7.39
9.220	7.68	8.03	7.13	7.37
9.221	7.64	8.01	7.11	7.36
9.222	7.61	8.00	7.10	7.34
9.223	7.60	7.98	7.11	7.33
9.224	7.61	7.97	7.12	7.32
9.225	7.63	7.96	7.13	7.30
9.226	7.65	7.94	7.13	7.29
9.227	7.66	7.93	7.11	7.28
9.228	7.66	7.92	7.10	7.27
9.229	7.66	7.91	7.09	7.26
9.230	7.66	7.90	7.10	7.26
9.231	7.66	7.89	7.10	7.25
9.232	7.66	7.89	7.10	7.24
9.233	7.65	7.88	7.10	7.24
9.234	7.64	7.87	7.11	7.23
9.235	7.64	7.87	7.13	7.23
9.236	7.64	7.86	7.15	7.22
9.237	7.66	7.86	7.19	7.22
9.238	7.69	7.86	7.22	7.22
9.239	7.71	7.85	7.25	7.21
9.240	7.74	7.85	7.27	7.21
9.241	7.77	7.85	7.30	7.21
9.242	7.81	7.85	7.33	7.21
9.243	7.85	7.85	7.37	7.21
9.244	7.88	7.85	7.40	7.21
9.245	7.91	7.85	7.42	7.21
9.246	7.92	7.84	7.44	7.21
9.247	7.92	7.85	7.44	7.21
9.248	7.92	7.85	7.44	7.21
9.249	7.91	7.85	7.43	7.21
9.250	7.91	7.85	7.43	7.21
9.251	7.91	7.85	7.42	7.21
9.252	7.92	7.85	7.43	7.21
9.253	7.93	7.85	7.44	7.21
9.254	7.95	7.85	7.46	7.21
9.255	7.97	7.85	7.47	7.21
9.256	8.00	7.85	7.47	7.21
9.257	8.01	7.85	7.46	7.21
9.258	8.02	7.85	7.45	7.21
9.259	8.02	7.85	7.44	7.20
9.260	8.02	7.85	7.44	7.20
9.261	8.01	7.85	7.44	7.20
9.262	8.00	7.84	7.43	7.20
9.263	8.00	7.84	7.42	7.20
9.264	8.00	7.84	7.41	7.19
9.265	7.99	7.84	7.39	7.19
9.266	7.99	7.84	7.37	7.19
9.267	7.98	7.83	7.35	7.18
9.268	7.96	7.83	7.33	7.18
9.269	7.94	7.83	7.31	7.17
9.270	7.92	7.82	7.29	7.17
9.271	7.89	7.82	7.27	7.16
9.272	7.86	7.81	7.25	7.16
9.273	7.83	7.81	7.23	7.15
9.274	7.80	7.80	7.21	7.15
9.275	7.79	7.79	7.19	7.14
9.276	7.77	7.79	7.18	7.13
9.277	7.76	7.78	7.18	7.13
9.278	7.76	7.77	7.19	7.12
9.279	7.75	7.77	7.21	7.11
9.280	7.75	7.76	7.23	7.10
9.281	7.75	7.75	7.25	7.10
9.282	7.75	7.74	7.26	7.09
9.283	7.76	7.73	7.27	7.08
9.284	7.78	7.72	7.29	7.07
9.285	7.80	7.71	7.31	7.06
9.286	7.81	7.70	7.34	7.05
9.287	7.84	7.69	7.36	7.04
9.288	7.86	7.68	7.38	7.03
9.289	7.90	7.67	7.40	7.02
9.290	7.93	7.66	7.40	7.01
9.291	7.96	7.64	7.40	7.00
9.292	7.97	7.63	7.38	6.99
9.293	7.97	7.62	7.36	6.98
9.294	7.95	7.61	7.32	6.97
9.295	7.91	7.59	7.27	6.96
9.296	7.86	7.58	7.22	6.95
9.297	7.80	7.57	7.16	6.94
9.298	7.74	7.55	7.11	6.93
9.299	7.68	7.54	7.06	6.92
9.300	7.62	7.53	7.02	6.91
9.301	7.57	7.51	6.98	6.90
9.302	7.53	7.50	6.95	6.89
9.303	7.51	7.49	6.93	6.88
9.304	7.49	7.48	6.90	6.87
9.305	7.47	7.46	6.87	6.87
9.306	7.44	7.45	6.84	6.86
9.307	7.41	7.44	6.80	6.85
9.308	7.37	7.43	6.76	6.85
9.309	7.33	7.42	6.72	6.84
9.310	7.29	7.41	6.66	6.84
9.311	7.23	7.40	6.61	6.84
9.312	7.17	7.39	6.56	6.83
9.313	7.11	7.38	6.52	6.83
9.314	7.05	7.38	6.49	6.83
9.315	7.01	7.37	6.48	6.83
9.316	6.98	7.37	6.48	6.83
9.317	6.96	7.36	6.49	6.84
9.318	6.95	7.36	6.52	6.84
9.319	6.95	7.36	6.56	6.85
9.320	6.96	7.36	6.58	6.85
9.321	6.97	7.36	6.60	6.86
9.322	6.98	7.36	6.62	6.87
9.323	6.99	7.36	6.63	6.88
9.324	7.01	7.36	6.65	6.89
9.325	7.03	7.37	6.68	6.90
9.326	7.06	7.37	6.71	6.91
9.327	7.08	7.38	6.74	6.92
9.328	7.11	7.38	6.78	6.93
9.329	7.13	7.39	6.81	6.95
9.330	7.15	7.40	6.86	6.96
9.331	7.18	7.41	6.90	6.98
9.332	7.20	7.42	6.94	6.99
9.333	7.23	7.43	6.97	7.01
9.334	7.25	7.44	7.01	7.02
9.335	7.27	7.45	7.05	7.04
9.336	7.30	7.47	7.09	7.06
9.337	7.34	7.48	7.14	7.07
9.338	7.38	7.49	7.19	7.09
9.339	7.43	7.51	7.23	7.11
9.340	7.47	7.52	7.28	7.13
9.341	7.51	7.54	7.33	7.14
9.342	7.55	7.55	7.38	7.16
9.343	7.60	7.56	7.44	7.18
9.344	7.65	7.58	7.50	7.19
9.345	7.71	7.59	7.56	7.21
9.346	7.78	7.61	7.62	7.22
9.347	7.84	7.62	7.68	7.24
9.348	7.90	7.63	7.73	7.25
9.349	7.94	7.65	7.78	7.26
9.350	7.98	7.66	7.82	7.28
9.351	8.02	7.67	7.85	7.29
9.352	8.05	7.68	7.88	7.30
9.353	8.09	7.69	7.91	7.31
9.354	8.14	7.70	7.93	7.32
9.355	8.18	7.71	7.93	7.33
9.356	8.20	7.72	7.91	7.33
9.357	8.22	7.73	7.89	7.34
9.358	8.23	7.74	7.87	7.35
9.359	8.23	7.74	7.85	7.35
9.360	8.22	7.75	7.82	7.35
9.361	8.20	7.75	7.78	7.36
9.362	8.17	7.76	7.74	7.36
9.363	8.12	7.76	7.70	7.36
9.364	8.08	7.77	7.67	7.36
9.365	8.03	7.77	7.64	7.36
9.366	8.00	7.77	7.61	7.37
9.367	7.97	7.77	7.59	7.37
9.368	7.95	7.77	7.57	7.36
9.369	7.93	7.77	7.53	7.36
9.370	7.91	7.77	7.49	7.36
9.371	7.87	7.77	7.43	7.36
9.372	7.82	7.77	7.37	7.36
9.373	7.77	7.77	7.32	7.36
9.374	7.72	7.77	7.27	7.36
9.375	7.68	7.77	7.24	7.36
9.376	7.64	7.77	7.21	7.36
9.377	7.61	7.77	7.19	7.35
9.378	7.59	7.77	7.17	7.35
9.379	7.57	7.77	7.16	7.35
9.380	7.55	7.77	7.14	7.35
9.381	7.54	7.77	7.13	7.35
9.382	7.52	7.77	7.11	7.36
9.383	7.51	7.77	7.11	7.36
9.384	7.50	7.77	7.11	7.36
9.385	7.49	7.77	7.13	7.36
9.386	7.49	7.77	7.15	7.36
9.387	7.49	7.77	7.17	7.37
9.388	7.49	7.78	7.18	7.37
9.389	7.49	7.78	7.19	7.38
9.390	7.49	7.78	7.21	7.38
9.391	7.50	7.79	7.22	7.39
9.392	7.52	7.79	7.23	7.39
9.393	7.52	7.80	7.23	7.40
9.394	7.52	7.80	7.22	7.41
9.395	7.50	7.81	7.20	7.42
9.396	7.48	7.82	7.18	7.42
9.397	7.45	7.83	7.15	7.43
9.398	7.43	7.83	7.12	7.44
9.399	7.41	7.84	7.11	7.45
9.400	7.41	7.85	7.12	7.46
9.401	7.43	7.86	7.18	7.47
9.402	7.49	7.87	7.29	7.48
9.403	7.59	7.88	7.43	7.49
9.404	7.72	7.89	7.60	7.50
9.405	7.88	7.90	7.77	7.51
9.406	8.05	7.91	7.92	7.52
9.407	8.19	7.92	8.02	7.53
9.408	8.30	7.93	8.07	7.54
9.409	8.36	7.94	8.08	7.55
9.410	8.39	7.95	8.07	7.56
9.411	8.38	7.96	8.04	7.57
9.412	8.37	7.97	8.01	7.58
9.413	8.34	7.97	7.99	7.59
9.414	8.31	7.98	7.97	7.59
9.415	8.28	7.99	7.96	7.60
9.416	8.24	8.00	7.93	7.61
9.417	8.21	8.00	7.89	7.61
9.418	8.18	8.01	7.85	7.62
9.419	8.15	8.02	7.83	7.62
9.420	8.12	8.02	7.81	7.62
9.421	8.10	8.03	7.80	7.63
9.422	8.07	8.03	7.79	7.63
9.423	8.05	8.03	7.77	7.63
9.424	8.02	8.04	7.75	7.63
9.425	7.99	8.04	7.73	7.63
9.426	7.98	8.04	7.72	7.63
9.427	7.96	8.04	7.71	7.63
9.428	7.96	8.04	7.71	7.63
9.429	7.96	8.04	7.72	7.63
9.430	7.97	8.04	7.74	7.63
9.431	7.99	8.04	7.76	7.62
9.432	8.02	8.04	7.79	7.62
9.433	8.05	8.04	7.81	7.61
9.434	8.09	8.04	7.83	7.61
9.435	8.13	8.03	7.85	7.60
9.436	8.18	8.03	7.89	7.59
9.437	8.22	8.03	7.93	7.59
9.438	8.27	8.02	7.96	7.58
9.439	8.31	8.02	7.98	7.57
9.440	8.34	8.01	7.99	7.56
9.441	8.36	8.00	7.98	7.55
9.442	8.37	7.99	7.94	7.54
9.443	8.35	7.99	7.88	7.53
9.444	8.33	7.98	7.82	7.52
9.445	8.28	7.97	7.75	7.51
9.446	8.24	7.96	7.69	7.50
9.447	8.18	7.95	7.64	7.48
9.448	8.13	7.94	7.59	7.47
9.449	8.07	7.93	7.54	7.46
9.450	8.01	7.91	7.50	7.44
9.451	7.96	7.90	7.45	7.43
9.452	7.91	7.89	7.39	7.42
9.453	7.86	7.88	7.35	7.40
9.454	7.82	7.87	7.31	7.39
9.455	7.78	7.85	7.27	7.38
9.456	7.73	7.84	7.24	7.36
9.457	7.69	7.83	7.21	7.35
9.458	7.64	7.81	7.18	7.34
9.459	7.59	7.80	7.15	7.33
9.460	7.54	7.79	7.12	7.31
9.461	7.50	7.78	7.09	7.30
9.462	7.45	7.76	7.07	7.29
9.463	7.42	7.75	7.06	7.28
9.464	7.40	7.74	7.07	7.27
9.465	7.39	7.73	7.08	7.26
9.466	7.40	7.72	7.09	7.24
9.467	7.41	7.71	7.11	7.23
9.468	7.42	7.70	7.12	7.22
9.469	7.43	7.69	7.14	7.21
9.470	7.44	7.68	7.16	7.20
9.471	7.45	7.67	7.18	7.20
9.472	7.47	7.66	7.19	7.19
9.473	7.49	7.65	7.19	7.18
9.474	7.51	7.64	7.20	7.17
9.475	7.53	7.63	7.21	7.16
9.476	7.55	7.62	7.21	7.15
9.477	7.57	7.62	7.21	7.14
9.478	7.59	7.61	7.22	7.14
9.479	7.60	7.60	7.22	7.13
9.480	7.61	7.59	7.24	7.12
9.481	7.62	7.58	7.25	7.11
9.482	7.63	7.58	7.27	7.10
9.483	7.64	7.57	7.28	7.10
9.484	7.65	7.56	7.29	7.09
9.485	7.65	7.55	7.29	7.08
9.486	7.65	7.55	7.29	7.07
9.487	7.65	7.54	7.27	7.06
9.488	7.65	7.53	7.26	7.05
9.489	7.65	7.52	7.26	7.05
9.490	7.66	7.52	7.25	7.04
9.491	7.65	7.51	7.24	7.03
9.492	7.65	7.50	7.23	7.02
9.493	7.63	7.49	7.22	7.01
9.494	7.61	7.48	7.21	7.00
9.495	7.59	7.48	7.19	6.99
9.496	7.57	7.47	7.18	6.98
9.497	7.55	7.46	7.16	6.97
9.498	7.53	7.45	7.15	6.96
9.499	7.52	7.44	7.13	6.95
9.500	7.50	7.43	7.12	6.94
9.501	7.48	7.42	7.10	6.93
9.502	7.45	7.41	7.07	6.92
9.503	7.43	7.40	7.05	6.91
9.504	7.42	7.39	7.03	6.90
9.505	7.40	7.38	7.02	6.89
9.506	7.39	7.37	7.00	6.88
9.507	7.38	7.36	6.98	6.86
9.508	7.38	7.35	6.97	6.85
9.509	7.37	7.34	6.96	6.84
9.510	7.37	7.33	6.96	6.83
9.511	7.36	7.32	6.96	6.82
9.512	7.35	7.31	6.96	6.81
9.513	7.34	7.30	6.96	6.79
9.514	7.33	7.29	6.96	6.78
9.515	7.33	7.28	6.94	6.77
9.516	7.32	7.26	6.93	6.76
9.517	7.31	7.25	6.92	6.75
9.518	7.29	7.24	6.91	6.74
9.519	7.28	7.23	6.89	6.73
9.520	7.27	7.22	6.88	6.71
9.521	7.26	7.21	6.87	6.70
9.522	7.26	7.20	6.85	6.69
9.523	7.26	7.19	6.84	6.68
9.524	7.25	7.18	6.82	6.67
9.525	7.23	7.17	6.81	6.66
9.526	7.22	7.16	6.80	6.65
9.527	7.21	7.15	6.79	6.64
9.528	7.20	7.14	6.78	6.63
9.529	7.20	7.13	6.77	6.62
9.530	7.20	7.12	6.74	6.61
9.531	7.18	7.11	6.71	6.61
9.532	7.16	7.10	6.68	6.60
9.533	7.13	7.09	6.65	6.59
9.534	7.10	7.08	6.63	6.59
9.535	7.08	7.07	6.61	6.58
9.536	7.07	7.06	6.59	6.57
9.537	7.06	7.06	6.57	6.57
9.538	7.06	7.05	6.55	6.57
9.539	7.06	7.04	6.53	6.56
9.540	7.05	7.04	6.51	6.56
9.541	7.03	7.03	6.50	6.56
9.542	7.00	7.03	6.47	6.56
9.543	6.97	7.02	6.45	6.56
9.544	6.93	7.02	6.42	6.56
9.545	6.89	7.02	6.39	6.56
9.546	6.86	7.01	6.37	6.56
9.547	6.83	7.01	6.36	6.57
9.548	6.80	7.01	6.35	6.57
9.549	6.78	7.01	6.34	6.57
9.550	6.76	7.01	6.34	6.58
9.551	6.75	7.01	6.35	6.59
9.552	6.73	7.01	6.36	6.60
9.553	6.73	7.02	6.39	6.60
9.554	6.73	7.02	6.42	6.61
9.555	6.74	7.02	6.46	6.62
9.556	6.76	7.03	6.50	6.63
9.557	6.78	7.04	6.54	6.65
9.558	6.80	7.04	6.57	6.66
9.559	6.82	7.05	6.60	6.67
9.560	6.85	7.06	6.63	6.68
9.561	6.87	7.07	6.67	6.70
9.562	6.91	7.07	6.70	6.71
9.563	6.94	7.08	6.73	6.73
9.564	6.97	7.09	6.77	6.74
9.565	7.00	7.11	6.80	6.76
9.566	7.03	7.12	6.84	6.77
9.567	7.05	7.13	6.88	6.79
9.568	7.08	7.14	6.92	6.81
9.569	7.10	7.15	6.95	6.82
9.570	7.12	7.17	6.97	6.84
9.571	7.14	7.18	7.00	6.85
9.572	7.16	7.19	7.03	6.87
9.573	7.19	7.21	7.07	6.89
9.574	7.23	7.22	7.10	6.90
9.575	7.26	7.23	7.14	6.92
9.576	7.30	7.24	7.18	6.93
9.577	7.34	7.26	7.21	6.95
9.578	7.37	7.27	7.24	6.96
9.579	7.40	7.28	7.28	6.97
9.580	7.43	7.30	7.32	6.99
9.581	7.47	7.31	7.36	7.00
9.582	7.51	7.32	7.41	7.01
9.583	7.56	7.33	7.47	7.02
9.584	7.61	7.34	7.52	7.03
9.585	7.66	7.36	7.57	7.04
9.586	7.71	7.37	7.60	7.05
9.587	7.74	7.38	7.60	7.06
9.588	7.76	7.39	7.57	7.07
9.589	7.77	7.39	7.52	7.07
9.590	7.76	7.40	7.46	7.08
9.591	7.73	7.41	7.41	7.09
9.592	7.70	7.42	7.37	7.09
9.593	7.67	7.42	7.33	7.10
9.594	7.64	7.43	7.30	7.10
9.595	7.61	7.44	7.27	7.10
9.596	7.59	7.44	7.25	7.10
9.597	7.57	7.45	7.23	7.11
9.598	7.55	7.45	7.21	7.11
9.599	7.52	7.46	7.19	7.11
9.600	7.50	7.46	7.16	7.11
9.601	7.48	7.46	7.13	7.11
9.602	7.45	7.47	7.11	7.11
9.603	7.43	7.47	7.09	7.11
9.604	7.41	7.47	7.08	7.11
9.605	7.40	7.47	7.07	7.11
9.606	7.38	7.48	7.05	7.11
9.607	7.36	7.48	7.03	7.11
9.608	7.34	7.48	7.01	7.10
9.609	7.32	7.48	6.99	7.10
9.610	7.30	7.48	6.98	7.10
9.611	7.29	7.48	6.98	7.10
9.612	7.29	7.48	7.00	7.10
9.613	7.30	7.49	7.02	7.10
9.614	7.31	7.49	7.05	7.09
9.615	7.33	7.49	7.07	7.09
9.616	7.35	7.49	7.09	7.09
9.617	7.36	7.49	7.10	7.09
9.618	7.38	7.49	7.11	7.08
9.619	7.39	7.49	7.12	7.08
9.620	7.42	7.49	7.13	7.08
9.621	7.44	7.49	7.15	7.08
9.622	7.47	7.49	7.16	7.07
9.623	7.49	7.49	7.17	7.07
9.624	7.51	7.49	7.18	7.07
9.625	7.52	7.50	7.18	7.06
9.626	7.53	7.50	7.19	7.06
9.627	7.54	7.50	7.20	7.06
9.628	7.55	7.50	7.22	7.05
9.629	7.57	7.50	7.23	7.05
9.630	7.58	7.49	7.23	7.05
9.631	7.58	7.49	7.22	7.04
9.632	7.58	7.49	7.20	7.04
9.633	7.57	7.49	7.18	7.03
9.634	7.55	7.49	7.15	7.03
9.635	7.54	7.49	7.14	7.02
9.636	7.53	7.49	7.13	7.02
9.637	7.53	7.49	7.12	7.01
9.638	7.52	7.49	7.12	7.01
9.639	7.51	7.48	7.12	7.00
9.640	7.50	7.48	7.11	7.00
9.641	7.49	7.48	7.10	6.99
9.642	7.47	7.48	7.09	6.99
9.643	7.45	7.47	7.07	6.98
9.644	7.44	7.47	7.05	6.97
9.645	7.42	7.47	7.04	6.97
9.646	7.41	7.47	7.02	6.96
9.647	7.41	7.46	7.02	6.96
9.648	7.42	7.46	7.01	6.95
9.649	7.43	7.46	7.01	6.94
9.650	7.44	7.45	7.01	6.94
9.651	7.44	7.45	7.00	6.93
9.652	7.44	7.44	6.99	6.92
9.653	7.43	7.44	6.98	6.92
9.654	7.42	7.44	6.98	6.91
9.655	7.43	7.43	7.00	6.90
9.656	7.44	7.43	7.01	6.89
9.657	7.46	7.42	7.03	6.89
9.658	7.47	7.42	7.06	6.88
9.659	7.48	7.41	7.08	6.87
9.660	7.49	7.41	7.11	6.86
9.661	7.50	7.40	7.13	6.86
9.662	7.52	7.40	7.14	6.85
9.663	7.54	7.39	7.15	6.84
9.664	7.57	7.39	7.16	6.83
9.665	7.59	7.38	7.16	6.83
9.666	7.61	7.37	7.14	6.82
9.667	7.61	7.37	7.12	6.81
9.668	7.61	7.36	7.08	6.80
9.669	7.58	7.35	7.03	6.79
9.670	7.56	7.35	6.99	6.79
9.671	7.53	7.34	6.96	6.78
9.672	7.51	7.33	6.94	6.77
9.673	7.49	7.33	6.92	6.77
9.674	7.46	7.32	6.90	6.76
9.675	7.42	7.31	6.86	6.75
9.676	7.38	7.31	6.82	6.75
9.677	7.32	7.30	6.76	6.74
9.678	7.27	7.29	6.71	6.74
9.679	7.21	7.29	6.66	6.73
9.680	7.16	7.28	6.63	6.73
9.681	7.11	7.28	6.61	6.72
9.682	7.08	7.27	6.60	6.72
9.683	7.05	7.27	6.58	6.72
9.684	7.03	7.27	6.56	6.72
9.685	7.02	7.26	6.53	6.72
9.686	7.00	7.26	6.51	6.71
9.687	6.99	7.26	6.50	6.72
9.688	6.99	7.25	6.51	6.72
9.689	6.99	7.25	6.53	6.72
9.690	7.00	7.25	6.56	6.72
9.691	7.01	7.25	6.59	6.72
9.692	7.04	7.25	6.63	6.73
9.693	7.07	7.25	6.67	6.73
9.694	7.10	7.26	6.71	6.74
9.695	7.13	7.26	6.73	6.74
9.696	7.16	7.26	6.75	6.75
9.697	7.18	7.27	6.77	6.76
9.698	7.20	7.27	6.78	6.77
9.699	7.21	7.27	6.78	6.78
9.700	7.21	7.28	6.78	6.79
9.701	7.21	7.28	6.78	6.80
9.702	7.21	7.29	6.78	6.81
9.703	7.21	7.30	6.79	6.82
9.704	7.23	7.30	6.81	6.83
9.705	7.24	7.31	6.83	6.84
9.706	7.27	7.32	6.86	6.85
9.707	7.29	7.33	6.90	6.87
9.708	7.30	7.34	6.93	6.88
9.709	7.31	7.34	6.95	6.89
9.710	7.32	7.35	6.97	6.91
9.711	7.33	7.36	6.99	6.92
9.712	7.34	7.37	7.01	6.93
9.713	7.36	7.38	7.03	6.95
9.714	7.38	7.39	7.06	6.96
9.715	7.41	7.40	7.08	6.98
9.716	7.43	7.41	7.11	6.99
9.717	7.45	7.42	7.13	7.01
9.718	7.47	7.43	7.15	7.02
9.719	7.48	7.44	7.17	7.04
9.720	7.49	7.45	7.19	7.05
9.721	7.50	7.46	7.20	7.07
9.722	7.50	7.47	7.22	7.08
9.723	7.51	7.49	7.23	7.10
9.724	7.51	7.50	7.24	7.11
9.725	7.52	7.51	7.26	7.12
9.726	7.53	7.52	7.28	7.14
9.727	7.55	7.53	7.31	7.15
9.728	7.58	7.54	7.33	7.16
9.729	7.60	7.54	7.36	7.17
9.730	7.62	7.55	7.39	7.19
9.731	7.63	7.56	7.41	7.20
9.732	7.65	7.57	7.44	7.21
9.733	7.66	7.58	7.46	7.22
9.734	7.67	7.59	7.48	7.23
9.735	7.69	7.60	7.48	7.24
9.736	7.69	7.60	7.49	7.25
9.737	7.70	7.61	7.49	7.25
9.738	7.70	7.62	7.49	7.26
9.739	7.70	7.62	7.49	7.27
9.740	7.70	7.63	7.48	7.28
9.741	7.70	7.63	7.47	7.28
9.742	7.70	7.64	7.47	7.29
9.743	7.71	7.64	7.46	7.29
9.744	7.72	7.65	7.45	7.30
9.745	7.72	7.65	7.45	7.30
9.746	7.73	7.65	7.45	7.30
9.747	7.73	7.65	7.46	7.30
9.748	7.74	7.66	7.47	7.31
9.749	7.75	7.66	7.48	7.31
9.750	7.75	7.66	7.48	7.31
9.751	7.75	7.66	7.48	7.31
9.752	7.74	7.66	7.46	7.31
9.753	7.72	7.66	7.44	7.30
9.754	7.71	7.66	7.43	7.30
9.755	7.69	7.66	7.41	7.30
9.756	7.67	7.66	7.39	7.30
9.757	7.65	7.65	7.38	7.29
9.758	7.64	7.65	7.37	7.29
9.759	7.63	7.65	7.37	7.28
9.760	7.62	7.64	7.38	7.28
9.761	7.62	7.64	7.38	7.27
9.762	7.62	7.64	7.38	7.27
9.763	7.64	7.63	7.39	7.26
9.764	7.65	7.62	7.40	7.25
9.765	7.68	7.62	7.42	7.24
9.766	7.70	7.61	7.42	7.24
9.767	7.71	7.61	7.42	7.23
9.768	7.71	7.60	7.41	7.22
9.769	7.70	7.59	7.39	7.21
9.770	7.67	7.58	7.37	7.20
9.771	7.65	7.58	7.34	7.19
9.772	7.62	7.57	7.32	7.18
9.773	7.59	7.56	7.29	7.17
9.774	7.57	7.55	7.26	7.16
9.775	7.56	7.54	7.24	7.15
9.776	7.56	7.53	7.21	7.14
9.777	7.55	7.52	7.20	7.12
9.778	7.54	7.51	7.19	7.11
9.779	7.53	7.50	7.18	7.10
9.780	7.53	7.49	7.18	7.09
9.781	7.53	7.48	7.17	7.08
9.782	7.53	7.47	7.17	7.06
9.783	7.53	7.46	7.17	7.05
9.784	7.52	7.45	7.16	7.04
9.785	7.52	7.43	7.15	7.03
9.786	7.50	7.42	7.14	7.02
9.787	7.49	7.41	7.13	7.00
9.788	7.47	7.40	7.10	6.99
9.789	7.44	7.39	7.08	6.98
9.790	7.41	7.38	7.05	6.97
9.791	7.37	7.36	7.02	6.95
9.792	7.33	7.35	6.99	6.94
9.793	7.30	7.34	6.96	6.93
9.794	7.27	7.33	6.94	6.92
9.795	7.25	7.32	6.91	6.91
9.796	7.23	7.31	6.89	6.90
9.797	7.21	7.30	6.87	6.89
9.798	7.19	7.29	6.86	6.88
9.799	7.17	7.28	6.84	6.87
9.800	7.14	7.27	6.82	6.86
9.801	7.12	7.26	6.79	6.85
9.802	7.09	7.25	6.76	6.84
9.803	7.07	7.24	6.73	6.83
9.804	7.05	7.23	6.70	6.82
9.805	7.03	7.22	6.68	6.81
9.806	7.01	7.21	6.67	6.81
9.807	6.99	7.20	6.65	6.80
9.808	6.97	7.20	6.63	6.79
9.809	6.95	7.19	6.60	6.79
9.810	6.93	7.18	6.58	6.78
9.811	6.91	7.17	6.55	6.77
9.812	6.88	7.17	6.54	6.77
9.813	6.84	7.16	6.53	6.76
9.814	6.82	7.16	6.56	6.76
9.815	6.82	7.15	6.63	6.76
9.816	6.84	7.15	6.72	6.75
9.817	6.90	7.14	6.84	6.75
9.818	6.98	7.14	6.95	6.74
9.819	7.08	7.13	7.05	6.74
9.820	7.19	7.13	7.13	6.73
9.821	7.30	7.12	7.18	6.73
9.822	7.39	7.12	7.20	6.73
9.823	7.45	7.11	7.20	6.72
9.824	7.49	7.11	7.18	6.72
9.825	7.49	7.10	7.16	6.71
9.826	7.48	7.10	7.13	6.71
9.827	7.46	7.09	7.11	6.70
9.828	7.43	7.09	7.08	6.70
9.829	7.41	7.08	7.04	6.69
9.830	7.38	7.07	7.01	6.69
9.831	7.35	7.07	6.97	6.68
9.832	7.32	7.06	6.92	6.67
9.833	7.29	7.05	6.88	6.67
9.834	7.27	7.05	6.83	6.66
9.835	7.25	7.04	6.79	6.66
9.836	7.22	7.03	6.77	6.65
9.837	7.20	7.02	6.76	6.64
9.838	7.16	7.01	6.75	6.64
9.839	7.13	7.01	6.73	6.63
9.840	7.09	7.00	6.71	6.62
9.841	7.04	6.99	6.69	6.62
9.842	7.00	6.98	6.67	6.61
9.843	6.95	6.97	6.64	6.60
9.844	6.90	6.96	6.62	6.60
9.845	6.86	6.95	6.60	6.59
9.846	6.83	6.95	6.57	6.59
9.847	6.82	6.94	6.54	6.58
9.848	6.81	6.93	6.51	6.58
9.849	6.79	6.92	6.48	6.57
9.850	6.77	6.91	6.45	6.57
9.851	6.75	6.91	6.42	6.56
9.852	6.71	6.90	6.39	6.56
9.853	6.68	6.89	6.37	6.55
9.854	6.66	6.88	6.35	6.55
9.855	6.63	6.88	6.33	6.54
9.856	6.61	6.87	6.33	6.54
9.857	6.60	6.86	6.35	6.54
9.858	6.59	6.86	6.37	6.53
9.859	6.60	6.85	6.42	6.53
9.860	6.62	6.85	6.47	6.53
9.861	6.64	6.84	6.52	6.53
9.862	6.67	6.84	6.55	6.52
9.863	6.70	6.83	6.57	6.52
9.864	6.72	6.83	6.59	6.52
9.865	6.73	6.82	6.60	6.52
9.866	6.73	6.82	6.61	6.52
9.867	6.73	6.82	6.60	6.51
9.868	6.73	6.81	6.60	6.51
9.869	6.73	6.81	6.61	6.51
9.870	6.75	6.80	6.64	6.50
9.871	6.77	6.80	6.67	6.50
9.872	6.79	6.80	6.70	6.50
9.873	6.82	6.79	6.73	6.50
9.874	6.85	6.79	6.77	6.49
9.875	6.88	6.78	6.80	6.49
9.876	6.91	6.78	6.84	6.48
9.877	6.94	6.77	6.86	6.48
9.878	6.97	6.77	6.88	6.47
9.879	7.01	6.76	6.88	6.47
9.880	7.04	6.76	6.87	6.46
9.881	7.07	6.75	6.85	6.45
9.882	7.08	6.74	6.83	6.45
9.883	7.07	6.74	6.81	6.44
9.884	7.05	6.73	6.78	6.43
9.885	7.01	6.72	6.75	6.42
9.886	6.97	6.72	6.72	6.41
9.887	6.93	6.71	6.68	6.41
9.888	6.89	6.70	6.65	6.40
9.889	6.86	6.69	6.61	6.39
9.890	6.84	6.68	6.58	6.38
9.891	6.81	6.67	6.55	6.37
9.892	6.80	6.66	6.53	6.36
9.893	6.78	6.65	6.50	6.34
9.894	6.75	6.65	6.47	6.33
9.895	6.72	6.64	6.43	6.32
9.896	6.69	6.63	6.38	6.31
9.897	6.64	6.61	6.34	6.30
9.898	6.60	6.60	6.30	6.29
9.899	6.57	6.59	6.27	6.28
9.900	6.54	6.58	6.24	6.27
9.901	6.51	6.57	6.22	6.26
9.902	6.49	6.56	6.21	6.25
9.903	6.47	6.55	6.19	6.24
9.904	6.46	6.54	6.16	6.23
9.905	6.44	6.53	6.14	6.22
9.906	6.42	6.53	6.12	6.21
9.907	6.40	6.52	6.11	6.20
9.908	6.38	6.51	6.11	6.19
9.909	6.37	6.50	6.11	6.18
9.910	6.35	6.49	6.11	6.17
9.911	6.34	6.48	6.10	6.16
9.912	6.33	6.47	6.10	6.16
9.913	6.31	6.47	6.09	6.15
9.914	6.29	6.46	6.08	6.14
9.915	6.27	6.45	6.08	6.14
9.916	6.26	6.45	6.09	6.13
9.917	6.26	6.44	6.09	6.12
9.918	6.28	6.43	6.10	6.12
9.919	6.29	6.43	6.11	6.11
9.920	6.30	6.42	6.12	6.11
9.921	6.30	6.42	6.11	6.11
9.922	6.29	6.42	6.11	6.10
9.923	6.28	6.41	6.09	6.10
9.924	6.26	6.41	6.07	6.09
9.925	6.25	6.41	6.07	6.09
9.926	6.26	6.40	6.07	6.09
9.927	6.27	6.40	6.08	6.09
9.928	6.29	6.40	6.09	6.08
9.929	6.31	6.40	6.10	6.08
9.930	6.33	6.39	6.12	6.08
9.931	6.34	6.39	6.15	6.08
9.932	6.36	6.39	6.19	6.08
9.933	6.38	6.39	6.23	6.07
9.934	6.42	6.39	6.29	6.07
9.935	6.47	6.39	6.34	6.07
9.936	6.53	6.39	6.39	6.07
9.937	6.60	6.39	6.45	6.07
9.938	6.67	6.38	6.51	6.07
9.939	6.73	6.38	6.55	6.07
9.940	6.79	6.38	6.57	6.06
9.941	6.82	6.38	6.56	6.06
9.942	6.82	6.38	6.52	6.06
9.943	6.79	6.38	6.47	6.06
9.944	6.75	6.38	6.41	6.06
9.945	6.69	6.38	6.35	6.06
9.946	6.63	6.37	6.29	6.05
9.947	6.56	6.37	6.24	6.05
9.948	6.51	6.37	6.20	6.05
9.949	6.46	6.37	6.17	6.05
9.950	6.41	6.37	6.13	6.05
9.951	6.38	6.37	6.10	6.05
9.952	6.36	6.37	6.07	6.05
9.953	6.34	6.37	6.04	6.05
9.954	6.32	6.37	6.02	6.05
9.955	6.31	6.36	5.98	6.05
9.956	6.28	6.36	5.94	6.05
9.957	6.25	6.37	5.90	6.05
9.958	6.21	6.37	5.86	6.05
9.959	6.16	6.37	5.82	6.06
9.960	6.11	6.37	5.76	6.06
9.961	6.05	6.37	5.71	6.06
9.962	5.99	6.37	5.68	6.06
9.963	5.94	6.38	5.67	6.07
9.964	5.89	6.38	5.68	6.07
9.965	5.86	6.38	5.71	6.08
9.966	5.86	6.39	5.74	6.08
9.967	5.87	6.39	5.78	6.09
9.968	5.91	6.40	5.83	6.10
9.969	5.96	6.41	5.88	6.10
9.970	6.01	6.41	5.92	6.11
9.971	6.07	6.42	5.97	6.12
9.972	6.14	6.43	6.03	6.12
9.973	6.21	6.43	6.09	6.13
9.974	6.28	6.44	6.15	6.14
9.975	6.36	6.45	6.22	6.15
9.976	6.42	6.45	6.29	6.15
9.977	6.48	6.46	6.35	6.16
9.978	6.53	6.47	6.40	6.17
9.979	6.58	6.48	6.45	6.18
9.980	6.62	6.48	6.50	6.18
9.981	6.67	6.49	6.53	6.19
9.982	6.70	6.50	6.57	6.19
9.983	6.74	6.50	6.62	6.20
9.984	6.78	6.51	6.66	6.20
9.985	6.82	6.51	6.69	6.20
9.986	6.87	6.52	6.72	6.21
9.987	6.91	6.52	6.73	6.21
9.988	6.94	6.52	6.72	6.21
9.989	6.96	6.53	6.71	6.21
9.990	6.97	6.53	6.70	6.21
9.991	6.98	6.53	6.69	6.21
9.992	6.97	6.53	6.69	6.21
9.993	6.97	6.53	6.69	6.21
9.994	6.96	6.53	6.70	6.20
9.995	6.95	6.53	6.70	6.20
9.996	6.93	6.52	6.69	6.19
9.997	6.90	6.52	6.68	6.19
9.998	6.88	6.52	6.65	6.18
9.999	6.86	6.51	6.61	6.18
10.000	6.84	6.50	6.57	6.17
10.001	6.81	6.50	6.52	6.16
10.002	6.79	6.49	6.48	6.15
10.003	6.77	6.48	6.44	6.14
10.004	6.75	6.48	6.40	6.14
10.005	6.72	6.47	6.37	6.13
10.006	6.69	6.46	6.33	6.12
10.007	6.65	6.45	6.28	6.11
10.008	6.60	6.44	6.23	6.10
10.009	6.53	6.43	6.17	6.09
10.010	6.46	6.42	6.11	6.08
10.011	6.38	6.42	6.05	6.07
10.012	6.30	6.41	5.99	6.06
10.013	6.22	6.40	5.94	6.05
10.014	6.15	6.39	5.89	6.04
10.015	6.09	6.38	5.85	6.04
10.016	6.05	6.37	5.81	6.03
10.017	6.01	6.37	5.76	6.02
10.018	5.98	6.36	5.71	6.02
10.019	5.94	6.36	5.65	6.01
10.020	5.89	6.35	5.59	6.01
10.021	5.84	6.35	5.52	6.00
10.022	5.79	6.34	5.45	6.00
10.023	5.74	6.34	5.39	6.00
10.024	5.71	6.34	5.35	6.00
10.025	5.69	6.34	5.34	6.00
10.026	5.70	6.34	5.37	6.00
10.027	5.72	6.34	5.45	6.00
10.028	5.78	6.34	5.55	6.00
10.029	5.85	6.34	5.66	6.01
10.030	5.93	6.35	5.77	6.01
10.031	6.02	6.35	5.89	6.01
10.032	6.11	6.35	6.00	6.02
10.033	6.20	6.36	6.10	6.03
10.034	6.28	6.36	6.19	6.03
10.035	6.35	6.37	6.27	6.04
10.036	6.43	6.38	6.35	6.05
10.037	6.51	6.38	6.42	6.05
10.038	6.59	6.39	6.46	6.06
10.039	6.65	6.40	6.48	6.07
10.040	6.69	6.40	6.49	6.07
10.041	6.71	6.41	6.49	6.08
10.042	6.72	6.42	6.48	6.09
10.043	6.72	6.43	6.47	6.10
10.044	6.72	6.43	6.45	6.10
10.045	6.70	6.44	6.43	6.11
10.046	6.69	6.45	6.40	6.12
10.047	6.68	6.45	6.39	6.12
10.048	6.67	6.46	6.38	6.13
10.049	6.66	6.47	6.38	6.14
10.050	6.65	6.47	6.37	6.14
10.051	6.64	6.48	6.37	6.15
10.052	6.62	6.49	6.36	6.15
10.053	6.60	6.49	6.34	6.16
10.054	6.56	6.50	6.31	6.16
10.055	6.52	6.50	6.28	6.17
10.056	6.49	6.51	6.25	6.17
10.057	6.46	6.51	6.23	6.18
10.058	6.44	6.51	6.21	6.18
10.059	6.44	6.52	6.22	6.18
10.060	6.46	6.52	6.23	6.19
10.061	6.49	6.52	6.26	6.19
10.062	6.52	6.53	6.28	6.19
10.063	6.55	6.53	6.30	6.19
10.064	6.57	6.53	6.31	6.19
10.065	6.59	6.53	6.32	6.20
10.066	6.60	6.54	6.32	6.20
10.067	6.61	6.54	6.32	6.20
10.068	6.61	6.54	6.32	6.20
10.069	6.61	6.54	6.32	6.20
10.070	6.60	6.54	6.32	6.20
10.071	6.60	6.54	6.32	6.20
10.072	6.59	6.54	6.32	6.20
10.073	6.58	6.53	6.32	6.19
10.074	6.57	6.53	6.32	6.19
10.075	6.55	6.53	6.31	6.19
10.076	6.54	6.53	6.32	6.19
10.077	6.53	6.52	6.32	6.18
10.078	6.53	6.52	6.34	6.18
10.079	6.54	6.52	6.35	6.18
10.080	6.56	6.51	6.36	6.17
10.081	6.57	6.51	6.36	6.17
10.082	6.59	6.50	6.37	6.16
10.083	6.60	6.50	6.36	6.16
10.084	6.61	6.49	6.36	6.15
10.085	6.61	6.48	6.34	6.14
10.086	6.60	6.47	6.31	6.14
10.087	6.59	6.47	6.28	6.13
10.088	6.57	6.46	6.25	6.12
10.089	6.56	6.45	6.23	6.11
10.090	6.54	6.44	6.24	6.11
10.091	6.53	6.43	6.24	6.10
10.092	6.52	6.42	6.25	6.09
10.093	6.51	6.41	6.26	6.08
10.094	6.49	6.40	6.26	6.07
10.095	6.47	6.39	6.25	6.06
10.096	6.46	6.38	6.22	6.05
10.097	6.45	6.37	6.19	6.04
10.098	6.44	6.36	6.17	6.03
10.099	6.44	6.35	6.16	6.02
10.100	6.44	6.34	6.17	6.01
10.101	6.44	6.33	6.17	6.00
10.102	6.42	6.32	6.17	5.99
10.103	6.39	6.30	6.15	5.98
10.104	6.36	6.29	6.12	5.97
10.105	6.32	6.28	6.08	5.96
10.106	6.26	6.27	6.04	5.95
10.107	6.21	6.26	5.99	5.94
10.108	6.16	6.24	5.96	5.93
10.109	6.13	6.23	5.93	5.92
10.110	6.10	6.22	5.92	5.91
10.111	6.09	6.21	5.91	5.91
10.112	6.09	6.20	5.90	5.90
10.113	6.08	6.19	5.89	5.89
10.114	6.06	6.18	5.87	5.88
10.115	6.04	6.17	5.84	5.87
10.116	6.02	6.16	5.81	5.86
10.117	6.00	6.15	5.78	5.86
10.118	5.98	6.14	5.77	5.85
10.119	5.96	6.13	5.75	5.84
10.120	5.95	6.12	5.75	5.84
10.121	5.94	6.11	5.75	5.83
10.122	5.95	6.11	5.77	5.83
10.123	5.96	6.10	5.79	5.82
10.124	5.98	6.09	5.81	5.82
10.125	6.01	6.09	5.83	5.81
10.126	6.03	6.08	5.84	5.81
10.127	6.05	6.08	5.85	5.81
10.128	6.07	6.07	5.86	5.80
10.129	6.07	6.07	5.87	5.80
10.130	6.07	6.06	5.87	5.80
10.131	6.06	6.06	5.87	5.80
10.132	6.05	6.05	5.86	5.80
10.133	6.03	6.05	5.84	5.80
10.134	6.01	6.05	5.82	5.80
10.135	5.98	6.05	5.79	5.80
10.136	5.95	6.04	5.77	5.80
10.137	5.92	6.04	5.75	5.80
10.138	5.90	6.04	5.75	5.80
10.139	5.89	6.04	5.76	5.80
10.140	5.90	6.04	5.79	5.80
10.141	5.91	6.04	5.82	5.80
10.142	5.94	6.04	5.85	5.80
10.143	5.96	6.04	5.88	5.81
10.144	5.98	6.04	5.89	5.81
10.145	5.99	6.04	5.90	5.81
10.146	6.00	6.04	5.92	5.82
10.147	6.02	6.05	5.94	5.82
10.148	6.04	6.05	5.96	5.82
10.149	6.07	6.05	5.98	5.83
10.150	6.09	6.05	6.00	5.83
10.151	6.10	6.05	6.01	5.83
10.152	6.11	6.06	6.00	5.84
10.153	6.11	6.06	5.99	5.84
10.154	6.10	6.06	5.97	5.85
10.155	6.09	6.06	5.96	5.85
10.156	6.09	6.06	5.95	5.85
10.157	6.11	6.07	5.97	5.86
10.158	6.15	6.07	6.02	5.86
10.159	6.21	6.07	6.10	5.86
10.160	6.29	6.07	6.19	5.87
10.161	6.36	6.08	6.25	5.87
10.162	6.41	6.08	6.27	5.88
10.163	6.42	6.08	6.26	5.88
10.164	6.40	6.08	6.23	5.88
10.165	6.36	6.08	6.19	5.89
10.166	6.31	6.08	6.15	5.89
10.167	6.26	6.08	6.11	5.89
10.168	6.22	6.09	6.08	5.89
10.169	6.19	6.09	6.07	5.90
10.170	6.18	6.09	6.06	5.90
10.171	6.18	6.09	6.04	5.90
10.172	6.17	6.09	6.02	5.91
10.173	6.15	6.09	5.99	5.91
10.174	6.11	6.09	5.96	5.91
10.175	6.07	6.09	5.93	5.92
10.176	6.03	6.09	5.90	5.92
10.177	5.98	6.09	5.88	5.92
10.178	5.95	6.10	5.86	5.93
10.179	5.92	6.10	5.84	5.93
10.180	5.90	6.10	5.82	5.94
10.181	5.88	6.10	5.81	5.94
10.182	5.87	6.10	5.79	5.95
10.183	5.85	6.10	5.77	5.95
10.184	5.83	6.11	5.75	5.95
10.185	5.82	6.11	5.75	5.96
10.186	5.82	6.11	5.76	5.97
10.187	5.83	6.12	5.78	5.97
10.188	5.86	6.12	5.81	5.98
10.189	5.89	6.12	5.85	5.98
10.190	5.93	6.13	5.88	5.99
10.191	5.97	6.13	5.92	6.00
10.192	6.01	6.13	5.97	6.00
10.193	6.04	6.14	6.01	6.01
10.194	6.08	6.14	6.06	6.02
10.195	6.11	6.15	6.10	6.02
10.196	6.14	6.15	6.14	6.03
10.197	6.16	6.15	6.16	6.03
10.198	6.17	6.16	6.17	6.04
10.199	6.17	6.16	6.18	6.05
10.200	6.17	6.17	6.18	6.05
10.201	6.18	6.17	6.19	6.06
10.202	6.20	6.17	6.21	6.06
10.203	6.23	6.18	6.23	6.07
10.204	6.26	6.18	6.25	6.07
10.205	6.27	6.18	6.27	6.08
10.206	6.28	6.18	6.29	6.08
10.207	6.29	6.19	6.30	6.08
10.208	6.29	6.19	6.31	6.09
10.209	6.29	6.19	6.32	6.09
10.210	6.29	6.19	6.32	6.09
10.211	6.29	6.19	6.32	6.09
10.212	6.30	6.19	6.32	6.09
10.213	6.30	6.19	6.32	6.09
10.214	6.30	6.19	6.31	6.09
10.215	6.31	6.18	6.31	6.09
10.216	6.31	6.18	6.31	6.09
10.217	6.31	6.18	6.32	6.08
10.218	6.31	6.17	6.32	6.08
10.219	6.30	6.17	6.31	6.08
10.220	6.29	6.16	6.31	6.07
10.221	6.29	6.16	6.30	6.07
10.222	6.29	6.15	6.30	6.06
10.223	6.30	6.15	6.29	6.05
10.224	6.31	6.14	6.29	6.04
10.225	6.31	6.13	6.29	6.04
10.226	6.32	6.12	6.28	6.03
10.227	6.31	6.11	6.27	6.02
10.228	6.30	6.10	6.25	6.01
10.229	6.27	6.09	6.23	6.00
10.230	6.24	6.08	6.19	5.99
10.231	6.20	6.07	6.16	5.98
10.232	6.15	6.06	6.13	5.96
10.233	6.11	6.04	6.10	5.95
10.234	6.07	6.03	6.07	5.94
10.235	6.04	6.02	6.06	5.92
10.236	6.02	6.00	6.04	5.91
10.237	6.00	5.99	6.02	5.89
10.238	5.97	5.97	5.99	5.88
10.239	5.93	5.96	5.96	5.86
10.240	5.90	5.94	5.92	5.85
10.241	5.86	5.93	5.89	5.83
10.242	5.83	5.91	5.85	5.82
10.243	5.80	5.90	5.82	5.80
10.244	5.78	5.88	5.80	5.78
10.245	5.78	5.86	5.79	5.77
10.246	5.78	5.85	5.79	5.75
10.247	5.79	5.83	5.80	5.73
10.248	5.81	5.81	5.81	5.72
10.249	5.82	5.80	5.81	5.70
10.250	5.82	5.78	5.80	5.68
10.251	5.82	5.76	5.79	5.67
10.252	5.81	5.74	5.78	5.65
10.253	5.80	5.73	5.77	5.63
10.254	5.78	5.71	5.75	5.61
10.255	5.76	5.69	5.72	5.60
10.256	5.73	5.67	5.70	5.58
10.257	5.71	5.66	5.67	5.56
10.258	5.68	5.64	5.65	5.55
10.259	5.66	5.62	5.63	5.53
10.260	5.64	5.61	5.61	5.52
10.261	5.61	5.59	5.59	5.50
10.262	5.59	5.57	5.56	5.48
10.263	5.57	5.56	5.54	5.47
10.264	5.54	5.54	5.51	5.45
10.265	5.51	5.52	5.48	5.44
10.266	5.48	5.51	5.46	5.43
10.267	5.46	5.49	5.44	5.41
10.268	5.43	5.48	5.41	5.40
10.269	5.40	5.46	5.39	5.39
10.270	5.38	5.45	5.38	5.38
10.271	5.36	5.43	5.37	5.36
10.272	5.35	5.42	5.37	5.35
10.273	5.35	5.41	5.37	5.34
10.274	5.35	5.40	5.37	5.33
10.275	5.36	5.38	5.37	5.32
10.276	5.35	5.37	5.35	5.31
10.277	5.33	5.36	5.32	5.31
10.278	5.31	5.35	5.29	5.30
10.279	5.28	5.34	5.27	5.29
10.280	5.24	5.33	5.25	5.29
10.281	5.22	5.32	5.24	5.28
10.282	5.19	5.31	5.23	5.28
10.283	5.17	5.31	5.23	5.27
10.284	5.16	5.30	5.22	5.27
10.285	5.15	5.29	5.22	5.27
10.286	5.14	5.29	5.22	5.26
10.287	5.12	5.28	5.21	5.26
10.288	5.11	5.28	5.20	5.26
10.289	5.09	5.28	5.19	5.26
10.290	5.07	5.27	5.18	5.26
10.291	5.06	5.27	5.18	5.27
10.292	5.06	5.27	5.18	5.27
10.293	5.07	5.27	5.19	5.27
10.294	5.08	5.27	5.21	5.28
10.295	5.11	5.27	5.23	5.28
10.296	5.14	5.27	5.25	5.28
10.297	5.17	5.27	5.27	5.29
10.298	5.19	5.28	5.29	5.30
10.299	5.22	5.28	5.31	5.30
10.300	5.23	5.28	5.34	5.31
10.301	5.25	5.29	5.37	5.32
10.302	5.28	5.29	5.41	5.32
10.303	5.31	5.29	5.45	5.33
10.304	5.34	5.30	5.49	5.34
10.305	5.38	5.30	5.52	5.35
10.306	5.42	5.31	5.56	5.36
10.307	5.45	5.31	5.59	5.37
10.308	5.47	5.32	5.61	5.37
10.309	5.48	5.33	5.63	5.38
10.310	5.48	5.33	5.64	5.39
10.311	5.47	5.34	5.64	5.40
10.312	5.46	5.34	5.64	5.41
10.313	5.45	5.35	5.63	5.42
10.314	5.44	5.36	5.62	5.43
10.315	5.43	5.36	5.61	5.44
10.316	5.42	5.37	5.60	5.45
10.317	5.41	5.38	5.59	5.46
10.318	5.41	5.38	5.59	5.47
10.319	5.40	5.39	5.58	5.48
10.320	5.40	5.40	5.58	5.49
10.321	5.40	5.41	5.58	5.50
10.322	5.40	5.41	5.59	5.51
10.323	5.41	5.42	5.60	5.52
10.324	5.41	5.43	5.60	5.53
10.325	5.42	5.43	5.61	5.54
10.326	5.42	5.44	5.61	5.55
10.327	5.43	5.45	5.61	5.56
10.328	5.44	5.45	5.62	5.57
10.329	5.45	5.46	5.64	5.57
10.330	5.47	5.47	5.66	5.58
10.331	5.48	5.47	5.68	5.59
10.332	5.49	5.48	5.71	5.60
10.333	5.50	5.48	5.73	5.61
10.334	5.51	5.49	5.75	5.62
10.335	5.52	5.50	5.77	5.62
10.336	5.53	5.50	5.79	5.63
10.337	5.54	5.51	5.80	5.64
10.338	5.56	5.51	5.80	5.65
10.339	5.57	5.52	5.80	5.65
10.340	5.58	5.52	5.80	5.66
10.341	5.60	5.52	5.80	5.67
10.342	5.61	5.53	5.80	5.67
10.343	5.62	5.53	5.80	5.68
10.344	5.62	5.54	5.80	5.68
10.345	5.62	5.54	5.80	5.69
10.346	5.61	5.54	5.80	5.69
10.347	5.60	5.55	5.80	5.70
10.348	5.58	5.55	5.80	5.70
10.349	5.58	5.55	5.81	5.71
10.350	5.57	5.55	5.83	5.71
10.351	5.58	5.55	5.86	5.71
10.352	5.59	5.56	5.88	5.72
10.353	5.60	5.56	5.89	5.72
10.354	5.61	5.56	5.90	5.72
10.355	5.61	5.56	5.90	5.72
10.356	5.61	5.56	5.89	5.73
10.357	5.61	5.56	5.90	5.73
10.358	5.61	5.56	5.90	5.73
10.359	5.62	5.56	5.92	5.73
10.360	5.64	5.56	5.93	5.73
10.361	5.65	5.56	5.93	5.73
10.362	5.66	5.56	5.93	5.73
10.363	5.66	5.55	5.93	5.73
10.364	5.66	5.55	5.91	5.73
10.365	5.66	5.55	5.90	5.73
10.366	5.65	5.55	5.88	5.72
10.367	5.63	5.55	5.87	5.72
10.368	5.62	5.55	5.85	5.72
10.369	5.60	5.54	5.84	5.72
10.370	5.57	5.54	5.83	5.72
10.371	5.55	5.54	5.82	5.72
10.372	5.54	5.54	5.81	5.71
10.373	5.52	5.53	5.80	5.71
10.374	5.52	5.53	5.80	5.71
10.375	5.51	5.53	5.80	5.71
10.376	5.51	5.52	5.79	5.70
10.377	5.49	5.52	5.77	5.70
10.378	5.48	5.52	5.75	5.70
10.379	5.45	5.52	5.73	5.69
10.380	5.43	5.51	5.71	5.69
10.381	5.40	5.51	5.68	5.69
10.382	5.39	5.51	5.67	5.69
10.383	5.37	5.51	5.66	5.69
10.384	5.36	5.50	5.65	5.68
10.385	5.35	5.50	5.64	5.68
10.386	5.34	5.50	5.63	5.68
10.387	5.34	5.50	5.62	5.68
10.388	5.34	5.50	5.61	5.68
10.389	5.35	5.50	5.61	5.67
10.390	5.36	5.50	5.61	5.67
10.391	5.38	5.49	5.62	5.67
10.392	5.40	5.49	5.64	5.67
10.393	5.41	5.49	5.65	5.67
10.394	5.43	5.49	5.67	5.67
10.395	5.45	5.49	5.68	5.67
10.396	5.47	5.49	5.70	5.67
10.397	5.48	5.49	5.71	5.67
10.398	5.49	5.49	5.71	5.67
10.399	5.49	5.49	5.71	5.67
10.400	5.49	5.49	5.71	5.67
10.401	5.48	5.49	5.72	5.67
10.402	5.48	5.49	5.73	5.67
10.403	5.49	5.49	5.74	5.67
10.404	5.50	5.49	5.75	5.67
10.405	5.50	5.49	5.76	5.67
10.406	5.50	5.49	5.76	5.67
10.407	5.49	5.49	5.76	5.67
10.408	5.49	5.49	5.76	5.67
10.409	5.48	5.49	5.75	5.67
10.410	5.47	5.49	5.74	5.67
10.411	5.47	5.49	5.73	5.67
10.412	5.47	5.49	5.73	5.67
10.413	5.48	5.49	5.74	5.67
10.414	5.49	5.49	5.75	5.66
10.415	5.49	5.49	5.77	5.66
10.416	5.50	5.49	5.78	5.66
10.417	5.51	5.49	5.80	5.66
10.418	5.52	5.49	5.81	5.66
10.419	5.52	5.49	5.82	5.66
10.420	5.53	5.49	5.82	5.66
10.421	5.53	5.49	5.83	5.65
10.422	5.53	5.48	5.84	5.65
10.423	5.55	5.48	5.85	5.65
10.424	5.56	5.48	5.87	5.64
10.425	5.58	5.48	5.88	5.64
10.426	5.59	5.47	5.88	5.64
10.427	5.58	5.47	5.88	5.63
10.428	5.57	5.47	5.87	5.63
10.429	5.56	5.46	5.86	5.62
10.430	5.54	5.46	5.84	5.62
10.431	5.53	5.45	5.82	5.61
10.432	5.52	5.45	5.81	5.60
10.433	5.51	5.44	5.80	5.60
10.434	5.50	5.44	5.79	5.59
10.435	5.50	5.43	5.78	5.58
10.436	5.51	5.43	5.77	5.58
10.437	5.51	5.42	5.76	5.57
10.438	5.50	5.41	5.74	5.56
10.439	5.50	5.41	5.72	5.55
10.440	5.48	5.40	5.70	5.55
10.441	5.46	5.39	5.68	5.54
10.442	5.44	5.38	5.66	5.53
10.443	5.43	5.37	5.64	5.52
10.444	5.42	5.37	5.62	5.51
10.445	5.41	5.36	5.61	5.50
10.446	5.41	5.35	5.59	5.49
10.447	5.40	5.34	5.57	5.48
10.448	5.38	5.33	5.55	5.47
10.449	5.36	5.32	5.52	5.46
10.450	5.33	5.31	5.49	5.45
10.451	5.30	5.30	5.47	5.44
10.452	5.27	5.29	5.45	5.43
10.453	5.24	5.28	5.44	5.43
10.454	5.23	5.27	5.43	5.42
10.455	5.23	5.26	5.44	5.41
10.456	5.23	5.25	5.45	5.40
10.457	5.25	5.24	5.46	5.39
10.458	5.26	5.23	5.46	5.38
10.459	5.26	5.22	5.46	5.37
10.460	5.26	5.21	5.45	5.36
10.461	5.25	5.20	5.44	5.35
10.462	5.23	5.19	5.42	5.35
10.463	5.22	5.18	5.41	5.34
10.464	5.20	5.17	5.40	5.33
10.465	5.19	5.16	5.39	5.32
10.466	5.17	5.15	5.37	5.32
10.467	5.15	5.14	5.36	5.31
10.468	5.12	5.13	5.34	5.30
10.469	5.09	5.12	5.32	5.30
10.470	5.06	5.11	5.30	5.29
10.471	5.02	5.10	5.28	5.29
10.472	4.98	5.09	5.27	5.28
10.473	4.95	5.08	5.25	5.28
10.474	4.92	5.07	5.24	5.27
10.475	4.90	5.07	5.23	5.27
10.476	4.88	5.06	5.23	5.27
10.477	4.88	5.05	5.21	5.26
10.478	4.87	5.04	5.20	5.26
10.479	4.87	5.04	5.18	5.26
10.480	4.87	5.03	5.18	5.25
10.481	4.87	5.03	5.17	5.25
10.482	4.87	5.02	5.19	5.25
10.483	4.89	5.01	5.21	5.25
10.484	4.91	5.01	5.24	5.25
10.485	4.93	5.00	5.27	5.25
10.486	4.95	5.00	5.29	5.25
10.487	4.96	5.00	5.31	5.25
10.488	4.96	4.99	5.32	5.25
10.489	4.96	4.99	5.34	5.25
10.490	4.96	4.99	5.35	5.25
10.491	4.96	4.98	5.36	5.25
10.492	4.96	4.98	5.36	5.25
10.493	4.96	4.98	5.36	5.25
10.494	4.97	4.97	5.37	5.25
10.495	4.99	4.97	5.37	5.26
10.496	5.01	4.97	5.39	5.26
10.497	5.02	4.97	5.39	5.26
10.498	5.02	4.97	5.40	5.26
10.499	5.02	4.96	5.40	5.26
10.500	5.01	4.96	5.41	5.26
10.501	5.01	4.96	5.42	5.26
10.502	5.00	4.96	5.42	5.27
10.503	4.99	4.96	5.43	5.27
10.504	4.98	4.96	5.43	5.27
10.505	4.97	4.95	5.43	5.27
10.506	4.95	4.95	5.42	5.27
10.507	4.94	4.95	5.41	5.27
10.508	4.94	4.95	5.39	5.27
10.509	4.94	4.95	5.38	5.27
10.510	4.94	4.94	5.38	5.27
10.511	4.96	4.94	5.38	5.27
10.512	4.98	4.94	5.40	5.27
10.513	5.00	4.94	5.41	5.27
10.514	5.01	4.94	5.43	5.27
10.515	5.02	4.93	5.44	5.27
10.516	5.03	4.93	5.44	5.27
10.517	5.03	4.93	5.45	5.27
10.518	5.03	4.93	5.45	5.27
10.519	5.02	4.92	5.44	5.26
10.520	5.01	4.92	5.44	5.26
10.521	4.99	4.92	5.43	5.26
10.522	4.97	4.91	5.42	5.26
10.523	4.95	4.91	5.40	5.26
10.524	4.93	4.91	5.39	5.25
10.525	4.91	4.90	5.38	5.25
10.526	4.90	4.90	5.37	5.25
10.527	4.89	4.89	5.36	5.24
10.528	4.88	4.89	5.35	5.24
10.529	4.88	4.89	5.35	5.24
10.530	4.87	4.88	5.34	5.23
10.531	4.87	4.88	5.32	5.23
10.532	4.86	4.87	5.30	5.22
10.533	4.86	4.87	5.28	5.22
10.534	4.85	4.86	5.26	5.21
10.535	4.85	4.86	5.25	5.21
10.536	4.85	4.85	5.25	5.21
10.537	4.85	4.85	5.25	5.20
10.538	4.84	4.84	5.26	5.19
10.539	4.84	4.84	5.26	5.19
10.540	4.83	4.83	5.25	5.18
10.541	4.82	4.82	5.24	5.18
10.542	4.82	4.82	5.23	5.17
10.543	4.81	4.81	5.23	5.17
10.544	4.80	4.80	5.22	5.16
10.545	4.78	4.80	5.22	5.15
10.546	4.77	4.79	5.21	5.15
10.547	4.77	4.79	5.21	5.14
10.548	4.76	4.78	5.21	5.13
10.549	4.75	4.77	5.20	5.13
10.550	4.75	4.76	5.20	5.12
10.551	4.75	4.76	5.20	5.11
10.552	4.75	4.75	5.20	5.11
10.553	4.75	4.74	5.20	5.10
10.554	4.75	4.74	5.20	5.09
10.555	4.75	4.73	5.21	5.09
10.556	4.75	4.72	5.20	5.08
10.557	4.75	4.71	5.20	5.07
10.558	4.76	4.70	5.20	5.06
10.559	4.76	4.70	5.20	5.05
10.560	4.76	4.69	5.21	5.05
10.561	4.76	4.68	5.21	5.04
10.562	4.77	4.67	5.22	5.03
10.563	4.77	4.66	5.23	5.02
10.564	4.78	4.65	5.22	5.01
10.565	4.78	4.64	5.21	5.00
10.566	4.79	4.63	5.20	4.99
10.567	4.79	4.62	5.19	4.99
10.568	4.79	4.61	5.19	4.98
10.569	4.78	4.60	5.20	4.97
10.570	4.78	4.59	5.20	4.96
10.571	4.76	4.59	5.21	4.95
10.572	4.75	4.58	5.20	4.94
10.573	4.72	4.57	5.18	4.93
10.574	4.69	4.56	5.15	4.92
10.575	4.66	4.55	5.11	4.91
10.576	4.62	4.54	5.08	4.90
10.577	4.59	4.53	5.05	4.89
10.578	4.56	4.52	5.03	4.89
10.579	4.53	4.51	5.00	4.88
10.580	4.50	4.50	4.98	4.87
10.581	4.47	4.49	4.95	4.86
10.582	4.44	4.48	4.92	4.85
10.583	4.41	4.48	4.88	4.85
10.584	4.38	4.47	4.85	4.84
10.585	4.35	4.46	4.81	4.83
10.586	4.32	4.46	4.79	4.83
10.587	4.29	4.45	4.77	4.82
10.588	4.27	4.44	4.75	4.82
10.589	4.24	4.44	4.73	4.81
10.590	4.22	4.43	4.71	4.81
10.591	4.19	4.43	4.69	4.81
10.592	4.17	4.43	4.66	4.80
10.593	4.14	4.42	4.63	4.80
10.594	4.11	4.42	4.60	4.80
10.595	4.09	4.42	4.56	4.80
10.596	4.06	4.42	4.53	4.80
10.597	4.03	4.42	4.50	4.80
10.598	4.01	4.42	4.48	4.80
10.599	4.01	4.42	4.47	4.80
10.600	4.03	4.43	4.49	4.80
10.601	4.08	4.43	4.52	4.81
10.602	4.13	4.43	4.57	4.81
10.603	4.20	4.43	4.64	4.82
10.604	4.28	4.44	4.70	4.82
10.605	4.35	4.44	4.77	4.82
10.606	4.43	4.45	4.84	4.83
10.607	4.51	4.45	4.91	4.84
10.608	4.58	4.46	4.98	4.84
10.609	4.64	4.46	5.06	4.85
10.610	4.70	4.47	5.13	4.85
10.611	4.74	4.48	5.20	4.86
10.612	4.76	4.48	5.24	4.87
10.613	4.77	4.49	5.27	4.87
10.614	4.77	4.49	5.28	4.88
10.615	4.76	4.50	5.28	4.89
10.616	4.74	4.50	5.26	4.89
10.617	4.73	4.51	5.24	4.90
10.618	4.72	4.52	5.22	4.91
10.619	4.71	4.52	5.19	4.91
10.620	4.70	4.53	5.17	4.92
10.621	4.69	4.53	5.16	4.92
10.622	4.68	4.54	5.15	4.93
10.623	4.67	4.54	5.15	4.94
10.624	4.66	4.54	5.14	4.94
10.625	4.64	4.55	5.14	4.95
10.626	4.63	4.55	5.13	4.95
10.627	4.62	4.56	5.12	4.95
10.628	4.60	4.56	5.10	4.96
10.629	4.59	4.56	5.09	4.96
10.630	4.58	4.57	5.08	4.97
10.631	4.57	4.57	5.07	4.97
10.632	4.56	4.57	5.07	4.97
10.633	4.55	4.58	5.06	4.98
10.634	4.54	4.58	5.05	4.98
10.635	4.52	4.58	5.03	4.98
10.636	4.51	4.58	5.02	4.99
10.637	4.50	4.59	5.00	4.99
10.638	4.49	4.59	4.99	4.99
10.639	4.49	4.59	4.98	5.00
10.640	4.49	4.59	4.97	5.00
10.641	4.50	4.59	4.97	5.00
10.642	4.51	4.60	4.98	5.00
10.643	4.52	4.60	4.99	5.00
10.644	4.54	4.60	5.01	5.00
10.645	4.55	4.60	5.04	5.01
10.646	4.57	4.60	5.06	5.01
10.647	4.59	4.60	5.08	5.01
10.648	4.61	4.60	5.10	5.01
10.649	4.63	4.60	5.11	5.01
10.650	4.64	4.60	5.12	5.01
10.651	4.65	4.60	5.13	5.01
10.652	4.66	4.60	5.14	5.01
10.653	4.66	4.60	5.15	5.01
10.654	4.67	4.60	5.16	5.01
10.655	4.67	4.60	5.17	5.01
10.656	4.67	4.60	5.17	5.01
10.657	4.67	4.59	5.18	5.00
10.658	4.67	4.59	5.18	5.00
10.659	4.67	4.59	5.18	5.00
10.660	4.67	4.59	5.18	5.00
10.661	4.67	4.58	5.18	4.99
10.662	4.67	4.58	5.19	4.99
10.663	4.67	4.58	5.20	4.99
10.664	4.67	4.57	5.20	4.98
10.665	4.68	4.57	5.21	4.98
10.666	4.68	4.57	5.21	4.97
10.667	4.69	4.56	5.22	4.97
10.668	4.70	4.56	5.22	4.96
10.669	4.71	4.55	5.22	4.96
10.670	4.72	4.55	5.23	4.95
10.671	4.74	4.54	5.24	4.95
10.672	4.75	4.53	5.25	4.94
10.673	4.76	4.53	5.26	4.93
10.674	4.77	4.52	5.26	4.93
10.675	4.76	4.52	5.25	4.92
10.676	4.75	4.51	5.24	4.91
10.677	4.72	4.50	5.21	4.90
10.678	4.68	4.50	5.17	4.90
10.679	4.63	4.49	5.12	4.89
10.680	4.58	4.48	5.07	4.88
10.681	4.53	4.48	5.01	4.88
10.682	4.48	4.47	4.96	4.87
10.683	4.42	4.47	4.90	4.86
10.684	4.37	4.46	4.84	4.85
10.685	4.32	4.45	4.78	4.85
10.686	4.26	4.45	4.72	4.84
10.687	4.21	4.45	4.66	4.84
10.688	4.15	4.44	4.60	4.83
10.689	4.10	4.44	4.55	4.83
10.690	4.06	4.43	4.50	4.82
10.691	4.03	4.43	4.47	4.82
10.692	4.02	4.43	4.46	4.82
10.693	4.03	4.43	4.47	4.81
10.694	4.04	4.43	4.49	4.81
10.695	4.07	4.43	4.52	4.81
10.696	4.10	4.43	4.55	4.81
10.697	4.13	4.43	4.58	4.81
10.698	4.16	4.43	4.61	4.81
10.699	4.18	4.43	4.63	4.81
10.700	4.21	4.44	4.66	4.82
10.701	4.23	4.44	4.69	4.82
10.702	4.25	4.44	4.71	4.82
10.703	4.27	4.45	4.74	4.82
10.704	4.29	4.45	4.76	4.83
10.705	4.31	4.46	4.78	4.83
10.706	4.32	4.46	4.79	4.84
10.707	4.34	4.47	4.80	4.84
10.708	4.35	4.48	4.81	4.84
10.709	4.36	4.48	4.82	4.85
10.710	4.38	4.49	4.83	4.85
10.711	4.39	4.49	4.85	4.86
10.712	4.40	4.50	4.87	4.86
10.713	4.42	4.51	4.89	4.87
10.714	4.43	4.51	4.92	4.87
10.715	4.45	4.52	4.94	4.88
10.716	4.46	4.53	4.96	4.88
10.717	4.48	4.53	4.99	4.89
10.718	4.51	4.54	5.02	4.89
10.719	4.54	4.55	5.05	4.89
10.720	4.57	4.55	5.08	4.90
10.721	4.61	4.55	5.11	4.90
10.722	4.64	4.56	5.14	4.90
10.723	4.68	4.56	5.16	4.90
10.724	4.72	4.57	5.18	4.90
10.725	4.76	4.57	5.20	4.90
10.726	4.79	4.57	5.23	4.90
10.727	4.83	4.57	5.25	4.90
10.728	4.87	4.57	5.29	4.89
10.729	4.90	4.57	5.33	4.89
10.730	4.94	4.57	5.36	4.89
10.731	4.97	4.56	5.40	4.88
10.732	4.99	4.56	5.42	4.87
10.733	5.00	4.55	5.44	4.86
10.734	5.00	4.55	5.43	4.85
10.735	4.99	4.54	5.41	4.84
10.736	4.97	4.53	5.37	4.83
10.737	4.94	4.52	5.33	4.82
10.738	4.90	4.51	5.27	4.81
10.739	4.86	4.50	5.22	4.79
10.740	4.82	4.49	5.17	4.78
10.741	4.78	4.47	5.12	4.76
10.742	4.74	4.46	5.08	4.74
10.743	4.70	4.44	5.04	4.72
10.744	4.66	4.43	5.01	4.71
10.745	4.63	4.41	4.97	4.69
10.746	4.59	4.39	4.93	4.67
10.747	4.56	4.37	4.89	4.64
10.748	4.52	4.35	4.84	4.62
10.749	4.48	4.33	4.78	4.60
10.750	4.44	4.31	4.74	4.58
10.751	4.40	4.29	4.69	4.56
10.752	4.36	4.27	4.66	4.53
10.753	4.32	4.25	4.62	4.51
10.754	4.27	4.23	4.59	4.49
10.755	4.23	4.20	4.54	4.46
10.756	4.19	4.18	4.50	4.44
10.757	4.15	4.16	4.45	4.42
10.758	4.11	4.14	4.40	4.39
10.759	4.06	4.11	4.37	4.37
10.760	4.02	4.09	4.33	4.35
10.761	3.98	4.07	4.29	4.33
10.762	3.93	4.05	4.25	4.30
10.763	3.89	4.02	4.21	4.28
10.764	3.85	4.00	4.17	4.26
10.765	3.80	3.98	4.14	4.24
10.766	3.76	3.96	4.10	4.22
10.767	3.72	3.94	4.06	4.20
10.768	3.68	3.92	4.02	4.19
10.769	3.64	3.91	3.98	4.17
10.770	3.60	3.89	3.93	4.15
10.771	3.56	3.87	3.89	4.14
10.772	3.53	3.86	3.85	4.12
10.773	3.50	3.84	3.83	4.11
10.774	3.48	3.83	3.82	4.10
10.775	3.47	3.81	3.82	4.09
10.776	3.47	3.80	3.83	4.08
10.777	3.48	3.79	3.85	4.07
10.778	3.49	3.78	3.87	4.06
10.779	3.51	3.77	3.90	4.05
10.780	3.53	3.76	3.92	4.04
10.781	3.55	3.75	3.94	4.04
10.782	3.57	3.75	3.96	4.03
10.783	3.58	3.74	3.98	4.03
10.784	3.60	3.74	4.00	4.03
10.785	3.61	3.73	4.01	4.03
10.786	3.63	3.73	4.02	4.03
10.787	3.64	3.73	4.04	4.03
10.788	3.65	3.73	4.05	4.03
10.789	3.66	3.73	4.06	4.03
10.790	3.67	3.73	4.08	4.03
10.791	3.69	3.73	4.09	4.03
10.792	3.70	3.73	4.10	4.04
10.793	3.71	3.73	4.12	4.04
10.794	3.72	3.73	4.13	4.05
10.795	3.73	3.74	4.15	4.05
10.796	3.73	3.74	4.16	4.06
10.797	3.74	3.75	4.17	4.07
10.798	3.75	3.75	4.18	4.07
10.799	3.76	3.76	4.18	4.08
10.800	3.77	3.76	4.18	4.09
10.801	3.78	3.77	4.19	4.10
10.802	3.78	3.78	4.20	4.11
10.803	3.79	3.79	4.21	4.12
10.804	3.79	3.79	4.23	4.13
10.805	3.80	3.80	4.24	4.14
10.806	3.81	3.81	4.25	4.15
10.807	3.82	3.82	4.26	4.16
10.808	3.83	3.83	4.27	4.17
10.809	3.84	3.84	4.29	4.18
10.810	3.85	3.85	4.30	4.19
10.811	3.86	3.86	4.32	4.20
10.812	3.87	3.87	4.34	4.21
10.813	3.88	3.87	4.36	4.22
10.814	3.89	3.88	4.37	4.23
10.815	3.90	3.89	4.38	4.24
10.816	3.91	3.90	4.38	4.25
10.817	3.92	3.91	4.38	4.26
10.818	3.94	3.92	4.38	4.27
10.819	3.96	3.93	4.39	4.28
10.820	3.98	3.94	4.40	4.29
10.821	4.00	3.95	4.42	4.30
10.822	4.01	3.96	4.43	4.31
10.823	4.03	3.97	4.45	4.32
10.824	4.05	3.97	4.48	4.32
10.825	4.07	3.98	4.50	4.33
10.826	4.09	3.99	4.52	4.34
10.827	4.11	4.00	4.54	4.35
10.828	4.13	4.00	4.56	4.35
10.829	4.15	4.01	4.59	4.36
10.830	4.16	4.02	4.61	4.37
10.831	4.18	4.02	4.63	4.37
10.832	4.18	4.03	4.65	4.38
10.833	4.18	4.03	4.65	4.38
10.834	4.18	4.03	4.64	4.38
10.835	4.17	4.04	4.63	4.39
10.836	4.16	4.04	4.61	4.39
10.837	4.15	4.04	4.59	4.39
10.838	4.14	4.05	4.58	4.39
10.839	4.14	4.05	4.57	4.39
10.840	4.13	4.05	4.57	4.39
10.841	4.12	4.05	4.56	4.39
10.842	4.11	4.05	4.56	4.39
10.843	4.11	4.05	4.55	4.39
10.844	4.10	4.05	4.55	4.39
10.845	4.10	4.05	4.54	4.39
10.846	4.10	4.04	4.53	4.39
10.847	4.09	4.04	4.53	4.38
10.848	4.09	4.04	4.52	4.38
10.849	4.09	4.03	4.51	4.38
10.850	4.08	4.03	4.50	4.37
10.851	4.08	4.03	4.50	4.37
10.852	4.07	4.02	4.49	4.36
10.853	4.07	4.02	4.48	4.36
10.854	4.06	4.01	4.47	4.35
10.855	4.06	4.00	4.46	4.35
10.856	4.05	4.00	4.45	4.34
10.857	4.05	3.99	4.44	4.33
10.858	4.04	3.98	4.44	4.32
10.859	4.03	3.98	4.42	4.32
10.860	4.02	3.97	4.41	4.31
10.861	4.01	3.96	4.41	4.30
10.862	3.99	3.95	4.40	4.29
10.863	3.98	3.95	4.39	4.28
10.864	3.97	3.94	4.38	4.28
10.865	3.95	3.93	4.37	4.27
10.866	3.94	3.92	4.36	4.26
10.867	3.92	3.91	4.35	4.25
10.868	3.91	3.90	4.34	4.24
10.869	3.90	3.89	4.33	4.23
10.870	3.88	3.88	4.32	4.22
10.871	3.87	3.87	4.31	4.21
10.872	3.85	3.86	4.29	4.20
10.873	3.83	3.85	4.28	4.19
10.874	3.82	3.84	4.26	4.18
10.875	3.81	3.83	4.24	4.18
10.876	3.79	3.82	4.22	4.17
10.877	3.78	3.81	4.21	4.16
10.878	3.77	3.80	4.20	4.15
10.879	3.76	3.79	4.20	4.14
10.880	3.75	3.78	4.19	4.13
10.881	3.73	3.77	4.17	4.12
10.882	3.72	3.76	4.16	4.11
10.883	3.70	3.76	4.14	4.11
10.884	3.69	3.75	4.13	4.10
10.885	3.67	3.74	4.11	4.09
10.886	3.66	3.73	4.10	4.08
10.887	3.65	3.72	4.10	4.07
10.888	3.63	3.71	4.09	4.07
10.889	3.63	3.70	4.09	4.06
10.890	3.62	3.70	4.09	4.05
10.891	3.61	3.69	4.08	4.05
10.892	3.61	3.68	4.08	4.04
10.893	3.60	3.68	4.07	4.03
10.894	3.59	3.67	4.05	4.03
10.895	3.59	3.66	4.04	4.02
10.896	3.58	3.66	4.02	4.02
10.897	3.57	3.65	4.01	4.01
10.898	3.57	3.65	4.00	4.01
10.899	3.56	3.64	4.00	4.01
10.900	3.55	3.64	4.00	4.00
10.901	3.55	3.63	3.99	4.00
10.902	3.54	3.63	3.99	4.00
10.903	3.53	3.62	3.99	3.99
10.904	3.53	3.62	3.99	3.99
10.905	3.52	3.62	3.98	3.99
10.906	3.51	3.61	3.98	3.98
10.907	3.51	3.61	3.98	3.98
10.908	3.50	3.61	3.98	3.98
10.909	3.49	3.60	3.98	3.98
10.910	3.48	3.60	3.98	3.98
10.911	3.47	3.60	3.97	3.98
10.912	3.46	3.60	3.96	3.98
10.913	3.46	3.59	3.95	3.98
10.914	3.45	3.59	3.94	3.97
10.915	3.45	3.59	3.93	3.97
10.916	3.46	3.59	3.93	3.97
10.917	3.47	3.59	3.94	3.97
10.918	3.49	3.59	3.95	3.97
10.919	3.50	3.58	3.97	3.97
10.920	3.52	3.58	3.99	3.97
10.921	3.54	3.58	4.01	3.97
10.922	3.57	3.58	4.03	3.97
10.923	3.59	3.57	4.06	3.97
10.924	3.61	3.57	4.08	3.97
10.925	3.63	3.57	4.09	3.96
10.926	3.65	3.56	4.11	3.96
10.927	3.66	3.56	4.13	3.96
10.928	3.68	3.56	4.14	3.96
10.929	3.70	3.55	4.16	3.95
10.930	3.71	3.55	4.17	3.95
10.931	3.73	3.54	4.18	3.95
10.932	3.74	3.53	4.19	3.94
10.933	3.75	3.53	4.21	3.94
10.934	3.77	3.52	4.22	3.93
10.935	3.78	3.51	4.24	3.92
10.936	3.79	3.50	4.25	3.92
10.937	3.80	3.49	4.26	3.91
10.938	3.82	3.48	4.27	3.90
10.939	3.83	3.47	4.28	3.89
10.940	3.85	3.46	4.29	3.88
10.941	3.87	3.45	4.30	3.87
10.942	3.88	3.43	4.33	3.86
10.943	3.88	3.42	4.35	3.85
10.944	3.86	3.41	4.38	3.84
10.945	3.82	3.39	4.39	3.83
10.946	3.76	3.38	4.38	3.81
10.947	3.68	3.36	4.35	3.80
10.948	3.60	3.34	4.29	3.78
10.949	3.52	3.33	4.21	3.77
10.950	3.44	3.31	4.13	3.75
10.951	3.36	3.29	4.05	3.74
10.952	3.28	3.28	3.96	3.72
10.953	3.20	3.26	3.87	3.71
10.954	3.12	3.24	3.77	3.69
10.955	3.04	3.22	3.67	3.68
10.956	2.97	3.21	3.58	3.66
10.957	2.91	3.19	3.48	3.64
10.958	2.85	3.17	3.40	3.63
10.959	2.82	3.16	3.34	3.61
10.960	2.80	3.14	3.30	3.60
10.961	2.79	3.12	3.28	3.58
10.962	2.80	3.11	3.28	3.57
10.963	2.80	3.09	3.29	3.55
10.964	2.80	3.08	3.31	3.54
10.965	2.81	3.07	3.32	3.53
10.966	2.81	3.05	3.34	3.51
10.967	2.82	3.04	3.34	3.50
10.968	2.82	3.03	3.35	3.49
10.969	2.83	3.02	3.35	3.48
10.970	2.83	3.00	3.35	3.47
10.971	2.84	2.99	3.36	3.46
10.972	2.84	2.98	3.37	3.45
10.973	2.84	2.97	3.37	3.44
10.974	2.85	2.97	3.38	3.44
10.975	2.85	2.96	3.39	3.43
10.976	2.85	2.95	3.39	3.42
10.977	2.86	2.94	3.40	3.42
10.978	2.86	2.94	3.40	3.41
10.979	2.87	2.93	3.41	3.41
10.980	2.88	2.92	3.41	3.40
10.981	2.88	2.92	3.42	3.40
10.982	2.89	2.91	3.43	3.40
10.983	2.90	2.91	3.44	3.39
10.984	2.91	2.91	3.45	3.39
10.985	2.91	2.90	3.46	3.39
10.986	2.92	2.90	3.47	3.39
10.987	2.92	2.90	3.49	3.39
10.988	2.92	2.89	3.50	3.39
10.989	2.92	2.89	3.50	3.39
10.990	2.92	2.89	3.51	3.39
10.991	2.91	2.89	3.51	3.39
10.992	2.91	2.89	3.51	3.39
10.993	2.90	2.89	3.51	3.39
10.994	2.90	2.89	3.50	3.39
10.995	2.89	2.89	3.50	3.39
10.996	2.89	2.89	3.50	3.40
10.997	2.88	2.89	3.50	3.40
10.998	2.88	2.89	3.50	3.40
10.999	2.88	2.89	3.50	3.40
11.000	2.88	2.89	3.51	3.41
11.001	2.88	2.89	3.51	3.41
11.002	2.89	2.89	3.52	3.41
11.003	2.89	2.89	3.52	3.42
11.004	2.90	2.90	3.52	3.42
11.005	2.90	2.90	3.52	3.43
11.006	2.91	2.90	3.52	3.43
11.007	2.91	2.90	3.52	3.43
11.008	2.92	2.90	3.53	3.44
11.009	2.92	2.91	3.53	3.44
11.010	2.92	2.91	3.54	3.45
11.011	2.93	2.91	3.56	3.45
11.012	2.93	2.91	3.57	3.45
11.013	2.93	2.91	3.58	3.46
11.014	2.94	2.92	3.59	3.46
11.015	2.94	2.92	3.59	3.47
11.016	2.95	2.92	3.60	3.47
11.017	2.96	2.92	3.61	3.47
11.018	2.96	2.92	3.62	3.48
11.019	2.97	2.92	3.62	3.48
11.020	2.97	2.93	3.63	3.48
11.021	2.98	2.93	3.63	3.49
11.022	2.98	2.93	3.64	3.49
11.023	2.99	2.93	3.64	3.49
11.024	2.99	2.93	3.63	3.50
11.025	3.00	2.93	3.63	3.50
11.026	3.01	2.93	3.62	3.50
11.027	3.01	2.93	3.62	3.50
11.028	3.01	2.93	3.62	3.51
11.029	3.02	2.93	3.63	3.51
11.030	3.01	2.93	3.64	3.51
11.031	3.01	2.93	3.65	3.51
11.032	3.00	2.93	3.65	3.51
11.033	2.99	2.93	3.66	3.51
11.034	2.98	2.93	3.65	3.51
11.035	2.97	2.93	3.65	3.52
11.036	2.96	2.93	3.64	3.52
11.037	2.95	2.92	3.63	3.52
11.038	2.93	2.92	3.62	3.52
11.039	2.92	2.92	3.61	3.52
11.040	2.91	2.92	3.61	3.52
11.041	2.89	2.92	3.60	3.52
11.042	2.88	2.91	3.58	3.52
11.043	2.86	2.91	3.57	3.51
11.044	2.85	2.91	3.55	3.51
11.045	2.83	2.90	3.54	3.51
11.046	2.81	2.90	3.53	3.51
11.047	2.80	2.90	3.52	3.51
11.048	2.79	2.89	3.52	3.51
11.049	2.77	2.89	3.51	3.50
11.050	2.76	2.89	3.51	3.50
11.051	2.75	2.88	3.51	3.50
11.052	2.74	2.88	3.51	3.50
11.053	2.74	2.88	3.51	3.49
11.054	2.73	2.87	3.50	3.49
11.055	2.74	2.87	3.50	3.49
11.056	2.74	2.86	3.50	3.48
11.057	2.75	2.86	3.49	3.48
11.058	2.76	2.85	3.49	3.47
11.059	2.77	2.85	3.48	3.47
11.060	2.78	2.84	3.48	3.46
11.061	2.80	2.83	3.48	3.46
11.062	2.82	2.83	3.49	3.45
11.063	2.83	2.82	3.50	3.45
11.064	2.85	2.81	3.51	3.44
11.065	2.87	2.80	3.52	3.43
11.066	2.88	2.80	3.53	3.42
11.067	2.90	2.79	3.54	3.41
11.068	2.92	2.78	3.55	3.41
11.069	2.93	2.77	3.56	3.40
11.070	2.95	2.76	3.57	3.39
11.071	2.97	2.75	3.58	3.38
11.072	2.99	2.74	3.59	3.36
11.073	3.00	2.72	3.61	3.35
11.074	3.00	2.71	3.62	3.34
11.075	2.99	2.70	3.63	3.33
11.076	2.98	2.68	3.64	3.31
11.077	2.95	2.67	3.64	3.30
11.078	2.93	2.65	3.63	3.28
11.079	2.90	2.64	3.61	3.27
11.080	2.86	2.62	3.59	3.25
11.081	2.83	2.60	3.56	3.23
11.082	2.79	2.59	3.52	3.22
11.083	2.76	2.57	3.49	3.20
11.084	2.72	2.55	3.46	3.18
11.085	2.69	2.53	3.43	3.16
11.086	2.65	2.51	3.39	3.14
11.087	2.62	2.49	3.35	3.12
11.088	2.58	2.47	3.31	3.09
11.089	2.55	2.45	3.27	3.07
11.090	2.51	2.43	3.23	3.05
11.091	2.47	2.41	3.20	3.03
11.092	2.44	2.39	3.18	3.00
11.093	2.41	2.37	3.15	2.98
11.094	2.39	2.35	3.12	2.96
11.095	2.37	2.33	3.09	2.93
11.096	2.35	2.31	3.07	2.91
11.097	2.33	2.29	3.04	2.88
11.098	2.31	2.27	3.02	2.86
11.099	2.29	2.25	3.00	2.83
11.100	2.27	2.23	2.98	2.81
11.101	2.25	2.21	2.97	2.79
11.102	2.22	2.19	2.95	2.76
11.103	2.19	2.18	2.93	2.74
11.104	2.15	2.16	2.92	2.71
11.105	2.10	2.14	2.91	2.69
11.106	2.04	2.13	2.89	2.66
11.107	1.98	2.11	2.86	2.64
11.108	1.92	2.10	2.82	2.62
11.109	1.86	2.08	2.76	2.60
11.110	1.79	2.07	2.70	2.57
11.111	1.72	2.06	2.63	2.55
11.112	1.66	2.04	2.56	2.53
11.113	1.59	2.03	2.49	2.51
11.114	1.52	2.03	2.42	2.49
11.115	1.47	2.02	2.34	2.47
11.116	1.44	2.01	2.25	2.46
11.117	1.44	2.00	2.16	2.44
11.118	1.46	2.00	2.06	2.43
11.119	1.51	1.99	1.96	2.41
11.120	1.57	1.99	1.89	2.40
11.121	1.64	1.99	1.84	2.39
11.122	1.71	1.99	1.83	2.38
11.123	1.79	1.99	1.85	2.37
11.124	1.86	1.99	1.89	2.36
11.125	1.94	1.99	1.95	2.35
11.126	2.01	1.99	2.01	2.34
11.127	2.09	2.00	2.08	2.34
11.128	2.16	2.00	2.15	2.34
11.129	2.23	2.01	2.22	2.33
11.130	2.28	2.01	2.29	2.33
11.131	2.32	2.02	2.37	2.33
11.132	2.33	2.02	2.45	2.33
11.133	2.34	2.03	2.53	2.33
11.134	2.33	2.04	2.61	2.33
11.135	2.31	2.04	2.67	2.33
11.136	2.28	2.05	2.72	2.34
11.137	2.26	2.06	2.74	2.34
11.138	2.23	2.07	2.75	2.35
11.139	2.20	2.08	2.73	2.35
11.140	2.17	2.09	2.70	2.36
11.141	2.13	2.10	2.68	2.37
11.142	2.10	2.11	2.65	2.37
11.143	2.06	2.12	2.62	2.38
11.144	2.03	2.13	2.58	2.39
11.145	2.01	2.14	2.55	2.40
11.146	1.99	2.15	2.51	2.41
11.147	1.99	2.16	2.46	2.42
11.148	2.01	2.17	2.42	2.43
11.149	2.03	2.19	2.38	2.44
11.150	2.06	2.20	2.34	2.45
11.151	2.09	2.21	2.32	2.46
11.152	2.12	2.23	2.32	2.48
11.153	2.16	2.24	2.34	2.49
11.154	2.19	2.25	2.37	2.50
11.155	2.22	2.27	2.41	2.52
11.156	2.25	2.28	2.44	2.53
11.157	2.28	2.30	2.48	2.55
11.158	2.31	2.31	2.53	2.56
11.159	2.34	2.32	2.57	2.58
11.160	2.36	2.34	2.61	2.59
11.161	2.39	2.35	2.66	2.61
11.162	2.40	2.37	2.70	2.63
11.163	2.42	2.38	2.75	2.64
11.164	2.43	2.40	2.79	2.66
11.165	2.44	2.41	2.83	2.68
11.166	2.46	2.43	2.85	2.69
11.167	2.47	2.44	2.87	2.71
11.168	2.48	2.45	2.88	2.73
11.169	2.49	2.47	2.89	2.74
11.170	2.49	2.48	2.91	2.76
11.171	2.50	2.49	2.93	2.78
11.172	2.51	2.51	2.94	2.79
11.173	2.53	2.52	2.95	2.81
11.174	2.54	2.53	2.96	2.83
11.175	2.56	2.54	2.97	2.84
11.176	2.57	2.56	2.99	2.86
11.177	2.58	2.57	3.01	2.87
11.178	2.59	2.58	3.02	2.89
11.179	2.60	2.59	3.04	2.90
11.180	2.61	2.60	3.06	2.92
11.181	2.61	2.61	3.07	2.93
11.182	2.62	2.62	3.08	2.95
11.183	2.63	2.62	3.10	2.96
11.184	2.64	2.63	3.11	2.97
11.185	2.65	2.64	3.13	2.98
11.186	2.67	2.65	3.14	2.99
11.187	2.69	2.65	3.15	3.00
11.188	2.71	2.66	3.17	3.01
11.189	2.74	2.66	3.18	3.02
11.190	2.77	2.67	3.19	3.03
11.191	2.80	2.67	3.20	3.04
11.192	2.82	2.67	3.21	3.05
11.193	2.85	2.68	3.22	3.05
11.194	2.88	2.68	3.23	3.06
11.195	2.90	2.68	3.26	3.07
11.196	2.93	2.68	3.29	3.07
11.197	2.96	2.68	3.32	3.07
11.198	2.99	2.68	3.35	3.08
11.199	3.01	2.67	3.37	3.08
11.200	3.02	2.67	3.39	3.08
11.201	3.02	2.67	3.41	3.08
11.202	3.00	2.66	3.43	3.08
11.203	2.96	2.66	3.46	3.08
11.204	2.92	2.65	3.48	3.08
11.205	2.88	2.65	3.51	3.08
11.206	2.84	2.64	3.53	3.07
11.207	2.80	2.63	3.53	3.07
11.208	2.76	2.62	3.50	3.07
11.209	2.71	2.61	3.46	3.06
11.210	2.66	2.61	3.41	3.05
11.211	2.61	2.60	3.36	3.05
11.212	2.55	2.59	3.31	3.04
11.213	2.49	2.58	3.26	3.03
11.214	2.44	2.57	3.21	3.03
11.215	2.39	2.56	3.16	3.02
11.216	2.35	2.55	3.11	3.01
11.217	2.32	2.54	3.05	3.00
11.218	2.31	2.53	3.00	2.99
11.219	2.30	2.52	2.95	2.98
11.220	2.30	2.51	2.90	2.98
11.221	2.30	2.50	2.86	2.97
11.222	2.30	2.49	2.83	2.96
11.223	2.31	2.48	2.81	2.95
11.224	2.32	2.47	2.79	2.94
11.225	2.32	2.46	2.78	2.93
11.226	2.32	2.45	2.77	2.92
11.227	2.32	2.44	2.78	2.92
11.228	2.32	2.43	2.78	2.91
11.229	2.31	2.42	2.79	2.90
11.230	2.32	2.41	2.80	2.89
11.231	2.32	2.41	2.80	2.89
11.232	2.32	2.40	2.81	2.88
11.233	2.33	2.39	2.82	2.88
11.234	2.33	2.39	2.83	2.87
11.235	2.34	2.38	2.84	2.87
11.236	2.35	2.37	2.86	2.86
11.237	2.36	2.37	2.87	2.86
11.238	2.37	2.36	2.88	2.86
11.239	2.39	2.36	2.89	2.85
11.240	2.40	2.35	2.89	2.85
11.241	2.42	2.35	2.90	2.85
11.242	2.44	2.34	2.91	2.85
11.243	2.45	2.34	2.93	2.85
11.244	2.47	2.33	2.94	2.85
11.245	2.48	2.33	2.96	2.85
11.246	2.49	2.33	2.97	2.85
11.247	2.50	2.32	2.99	2.85
11.248	2.49	2.32	3.00	2.85
11.249	2.48	2.32	3.01	2.85
11.250	2.44	2.32	3.01	2.85
11.251	2.38	2.32	3.01	2.86
11.252	2.30	2.32	3.01	2.86
11.253	2.22	2.32	3.00	2.86
11.254	2.13	2.32	2.98	2.87
11.255	2.05	2.32	2.95	2.87
11.256	1.98	2.32	2.91	2.88
11.257	1.93	2.32	2.86	2.89
11.258	1.90	2.32	2.80	2.89
11.259	1.90	2.32	2.75	2.90
11.260	1.92	2.33	2.70	2.91
11.261	1.96	2.33	2.67	2.92
11.262	2.00	2.34	2.66	2.92
11.263	2.05	2.34	2.67	2.93
11.264	2.10	2.35	2.70	2.94
11.265	2.15	2.35	2.74	2.95
11.266	2.20	2.36	2.78	2.97
11.267	2.25	2.37	2.83	2.98
11.268	2.29	2.37	2.88	2.99
11.269	2.34	2.38	2.93	3.00
11.270	2.39	2.39	2.98	3.01
11.271	2.43	2.40	3.03	3.03
11.272	2.48	2.40	3.08	3.04
11.273	2.51	2.41	3.14	3.05
11.274	2.54	2.42	3.19	3.07
11.275	2.55	2.43	3.23	3.08
11.276	2.57	2.44	3.26	3.09
11.277	2.58	2.45	3.28	3.11
11.278	2.59	2.45	3.30	3.12
11.279	2.60	2.46	3.32	3.13
11.280	2.60	2.47	3.34	3.15
11.281	2.61	2.48	3.36	3.16
11.282	2.61	2.48	3.37	3.17
11.283	2.61	2.49	3.39	3.18
11.284	2.62	2.50	3.40	3.20
11.285	2.62	2.50	3.41	3.21
11.286	2.62	2.51	3.42	3.22
11.287	2.62	2.52	3.42	3.23
11.288	2.61	2.52	3.43	3.24
11.289	2.60	2.53	3.43	3.25
11.290	2.60	2.53	3.44	3.26
11.291	2.59	2.54	3.44	3.27
11.292	2.58	2.54	3.45	3.28
11.293	2.57	2.54	3.45	3.28
11.294	2.56	2.55	3.45	3.29
11.295	2.55	2.55	3.45	3.30
11.296	2.54	2.55	3.45	3.30
11.297	2.53	2.55	3.44	3.31
11.298	2.51	2.56	3.43	3.31
11.299	2.50	2.56	3.42	3.32
11.300	2.49	2.56	3.41	3.32
11.301	2.49	2.56	3.39	3.32
11.302	2.51	2.56	3.39	3.32
11.303	2.52	2.55	3.40	3.32
11.304	2.55	2.55	3.42	3.32
11.305	2.57	2.55	3.44	3.32
11.306	2.59	2.55	3.47	3.32
11.307	2.61	2.54	3.50	3.32
11.308	2.63	2.54	3.52	3.31
11.309	2.65	2.54	3.55	3.31
11.310	2.67	2.53	3.57	3.30
11.311	2.70	2.52	3.60	3.30
11.312	2.72	2.52	3.62	3.29
11.313	2.75	2.51	3.64	3.28
11.314	2.78	2.50	3.66	3.27
11.315	2.81	2.49	3.66	3.26
11.316	2.83	2.48	3.64	3.25
11.317	2.84	2.47	3.60	3.24
11.318	2.83	2.46	3.54	3.23
11.319	2.80	2.45	3.47	3.21
11.320	2.74	2.44	3.39	3.20
11.321	2.67	2.43	3.30	3.18
11.322	2.58	2.41	3.22	3.17
11.323	2.49	2.40	3.15	3.15
11.324	2.41	2.38	3.08	3.13
11.325	2.34	2.37	3.03	3.11
11.326	2.27	2.35	2.97	3.09
11.327	2.21	2.34	2.91	3.07
11.328	2.15	2.32	2.85	3.05
11.329	2.08	2.31	2.78	3.03
11.330	2.02	2.29	2.72	3.01
11.331	1.95	2.28	2.68	2.99
11.332	1.88	2.26	2.66	2.96
11.333	1.81	2.24	2.66	2.94
11.334	1.76	2.23	2.69	2.92
11.335	1.72	2.21	2.73	2.89
11.336	1.70	2.19	2.77	2.87
11.337	1.71	2.18	2.82	2.84
11.338	1.74	2.16	2.86	2.81
11.339	1.78	2.14	2.91	2.78
11.340	1.83	2.12	2.95	2.76
11.341	1.88	2.11	2.97	2.73
11.342	1.93	2.09	2.97	2.70
11.343	1.98	2.07	2.94	2.67
11.344	2.02	2.05	2.88	2.63
11.345	2.06	2.03	2.81	2.60
11.346	2.09	2.02	2.74	2.57
11.347	2.11	2.00	2.67	2.53
11.348	2.10	1.98	2.60	2.49
11.349	2.09	1.96	2.53	2.46
11.350	2.06	1.94	2.47	2.42
11.351	2.02	1.91	2.42	2.38
11.352	1.98	1.89	2.37	2.34
11.353	1.94	1.87	2.33	2.30
11.354	1.89	1.85	2.29	2.25
11.355	1.85	1.82	2.26	2.21
11.356	1.80	1.80	2.22	2.17
11.357	1.76	1.77	2.17	2.12
11.358	1.72	1.74	2.12	2.07
11.359	1.69	1.72	2.06	2.02
11.360	1.65	1.69	2.01	1.97
11.361	1.62	1.66	1.98	1.92
11.362	1.58	1.63	1.95	1.87
11.363	1.54	1.60	1.92	1.82
11.364	1.50	1.57	1.90	1.76
11.365	1.46	1.53	1.89	1.70
11.366	1.41	1.50	1.87	1.64
11.367	1.38	1.46	1.86	1.59
11.368	1.35	1.43	1.85	1.52
11.369	1.33	1.39	1.84	1.46
11.370	1.32	1.35	1.82	1.40
11.371	1.32	1.31	1.79	1.33
11.372	1.32	1.27	1.75	1.26
11.373	1.32	1.23	1.70	1.20
11.374	1.32	1.18	1.63	1.13
11.375	1.32	1.14	1.56	1.05
11.376	1.32	1.09	1.49	0.98
11.377	1.32	1.04	1.41	0.91
11.378	1.31	0.99	1.34	0.83
11.379	1.30	0.94	1.26	0.75
11.380	1.28	0.89	1.19	0.67
11.381	1.26	0.83	1.11	0.59
11.382	1.22	0.78	1.04	0.51
11.383	1.17	0.72	0.97	0.43
11.384	1.12	0.66	0.91	0.35
11.385	1.06	0.60	0.84	0.26
11.386	1.00	0.53	0.78	0.18
11.387	0.95	0.47	0.72	0.09
11.388	0.90	0.40	0.66	0.00
11.389	0.84	0.34	0.60	-0.08
11.390	0.79	0.27	0.53	-0.17
11.391	0.73	0.20	0.46	-0.26
11.392	0.68	0.13	0.37	-0.35
11.393	0.62	0.05	0.26	-0.44
11.394	0.56	-0.02	0.12	-0.53
11.395	0.50	-0.10	-0.05	-0.62
11.396	0.45	-0.17	-0.25	-0.71
11.397	0.40	-0.25	-0.47	-0.80
11.398	0.34	-0.33	-0.70	-0.88
11.399	0.28	-0.40	-0.92	-0.97
11.400	0.21	-0.48	-1.13	-1.05
11.401	0.11	-0.56	-1.34	-1.14
11.402	-0.02	-0.64	-1.54	-1.22
11.403	-0.17	-0.72	-1.73	-1.30
11.404	-0.35	-0.80	-1.91	-1.38
11.405	-0.55	-0.88	-2.08	-1.46
11.406	-0.76	-0.96	-2.25	-1.53
11.407	-0.97	-1.04	-2.40	-1.60
11.408	-1.18	-1.11	-2.52	-1.67
11.409	-1.39	-1.19	-2.59	-1.74
11.410	-1.60	-1.26	-2.62	-1.80
11.411	-1.82	-1.34	-2.61	-1.87
11.412	-2.03	-1.41	-2.60	-1.92
11.413	-2.23	-1.48	-2.59	-1.98
11.414	-2.43	-1.54	-2.60	-2.03
11.415	-2.59	-1.61	-2.62	-2.08
11.416	-2.72	-1.67	-2.67	-2.13
11.417	-2.80	-1.73	-2.73	-2.17
11.418	-2.84	-1.79	-2.78	-2.21
11.419	-2.85	-1.84	-2.81	-2.25
11.420	-2.84	-1.89	-2.82	-2.28
11.421	-2.82	-1.94	-2.82	-2.31
11.422	-2.81	-1.99	-2.82	-2.34
11.423	-2.79	-2.03	-2.80	-2.37
11.424	-2.77	-2.07	-2.78	-2.39
11.425	-2.75	-2.11	-2.76	-2.41
11.426	-2.74	-2.14	-2.73	-2.42
11.427	-2.74	-2.17	-2.69	-2.44
11.428	-2.73	-2.20	-2.65	-2.45
11.429	-2.73	-2.23	-2.61	-2.45
11.430	-2.72	-2.25	-2.57	-2.46
11.431	-2.71	-2.27	-2.53	-2.46
11.432	-2.69	-2.28	-2.49	-2.46
11.433	-2.67	-2.30	-2.46	-2.46
11.434	-2.64	-2.31	-2.42	-2.46
11.435	-2.61	-2.31	-2.38	-2.45
11.436	-2.57	-2.32	-2.34	-2.44
11.437	-2.52	-2.32	-2.29	-2.43
11.438	-2.48	-2.32	-2.24	-2.42
11.439	-2.44	-2.32	-2.20	-2.40
11.440	-2.39	-2.32	-2.15	-2.39
11.441	-2.35	-2.31	-2.11	-2.37
11.442	-2.31	-2.30	-2.07	-2.35
11.443	-2.27	-2.29	-2.03	-2.33
11.444	-2.23	-2.28	-1.99	-2.31
11.445	-2.19	-2.26	-1.95	-2.29
11.446	-2.15	-2.25	-1.91	-2.27
11.447	-2.12	-2.23	-1.87	-2.24
11.448	-2.08	-2.21	-1.83	-2.22
11.449	-2.04	-2.19	-1.79	-2.19
11.450	-2.00	-2.16	-1.75	-2.16
11.451	-1.96	-2.14	-1.71	-2.13
11.452	-1.91	-2.12	-1.67	-2.11
11.453	-1.87	-2.09	-1.64	-2.08
11.454	-1.83	-2.06	-1.60	-2.05
11.455	-1.78	-2.03	-1.57	-2.02
11.456	-1.74	-2.00	-1.53	-1.99
11.457	-1.70	-1.97	-1.51	-1.95
11.458	-1.65	-1.94	-1.50	-1.92
11.459	-1.60	-1.91	-1.49	-1.89
11.460	-1.56	-1.88	-1.49	-1.86
11.461	-1.52	-1.84	-1.49	-1.82
11.462	-1.47	-1.81	-1.49	-1.79
11.463	-1.44	-1.77	-1.50	-1.75
11.464	-1.41	-1.74	-1.51	-1.72
11.465	-1.40	-1.70	-1.52	-1.68
11.466	-1.39	-1.67	-1.54	-1.65
11.467	-1.40	-1.63	-1.55	-1.61
11.468	-1.42	-1.59	-1.57	-1.57
11.469	-1.44	-1.55	-1.59	-1.54
11.470	-1.46	-1.51	-1.61	-1.50
11.471	-1.48	-1.47	-1.62	-1.46
11.472	-1.50	-1.44	-1.62	-1.42
11.473	-1.52	-1.39	-1.61	-1.38
11.474	-1.54	-1.35	-1.58	-1.34
11.475	-1.55	-1.31	-1.53	-1.30
11.476	-1.54	-1.27	-1.47	-1.26
11.477	-1.53	-1.23	-1.39	-1.21
11.478	-1.49	-1.18	-1.30	-1.17
11.479	-1.43	-1.14	-1.21	-1.13
11.480	-1.37	-1.10	-1.12	-1.09
11.481	-1.29	-1.05	-1.04	-1.04
11.482	-1.21	-1.01	-0.95	-1.00
11.483	-1.12	-0.96	-0.87	-0.95
11.484	-1.04	-0.92	-0.79	-0.91
11.485	-0.95	-0.87	-0.72	-0.86
11.486	-0.86	-0.83	-0.65	-0.82
11.487	-0.78	-0.78	-0.59	-0.77
11.488	-0.69	-0.73	-0.53	-0.73
11.489	-0.61	-0.69	-0.48	-0.68
11.490	-0.54	-0.64	-0.43	-0.63
11.491	-0.48	-0.60	-0.38	-0.59
11.492	-0.42	-0.55	-0.33	-0.54
11.493	-0.36	-0.50	-0.28	-0.50
11.494	-0.31	-0.46	-0.24	-0.45
11.495	-0.26	-0.41	-0.19	-0.40
11.496	-0.20	-0.37	-0.14	-0.36
11.497	-0.15	-0.32	-0.09	-0.31
11.498	-0.10	-0.27	-0.05	-0.27
11.499	-0.05	-0.23	-0.02	-0.22
11.500	0.00	-0.19	0.00	-0.18
11.501	0.04	-0.14	0.02	-0.13
11.502	0.08	-0.10	0.05	-0.09
11.503	0.11	-0.05	0.09	-0.04
11.504	0.14	-0.01	0.13	0.00
11.505	0.16	0.03	0.18	0.05
11.506	0.19	0.07	0.22	0.09
11.507	0.21	0.12	0.27	0.14
11.508	0.24	0.16	0.31	0.18
11.509	0.26	0.20	0.36	0.22
11.510	0.29	0.24	0.40	0.27
11.511	0.32	0.28	0.44	0.31
11.512	0.34	0.32	0.49	0.35
11.513	0.37	0.36	0.53	0.39
11.514	0.39	0.40	0.57	0.44
11.515	0.42	0.43	0.61	0.48
11.516	0.45	0.47	0.65	0.52
11.517	0.48	0.51	0.69	0.56
11.518	0.51	0.55	0.74	0.60
11.519	0.55	0.58	0.78	0.64
11.520	0.59	0.62	0.82	0.69
11.521	0.63	0.66	0.86	0.73
11.522	0.68	0.69	0.90	0.77
11.523	0.72	0.73	0.93	0.81
11.524	0.76	0.76	0.97	0.85
11.525	0.80	0.79	1.01	0.89
11.526	0.84	0.83	1.05	0.93
11.527	0.88	0.86	1.09	0.96
11.528	0.92	0.89	1.13	1.00
11.529	0.95	0.92	1.16	1.04
11.530	0.99	0.96	1.20	1.08
11.531	1.03	0.99	1.23	1.12
11.532	1.07	1.02	1.27	1.16
11.533	1.11	1.05	1.31	1.20
11.534	1.15	1.08	1.34	1.23
11.535	1.19	1.11	1.38	1.27
11.536	1.23	1.13	1.41	1.31
11.537	1.26	1.16	1.44	1.35
11.538	1.30	1.19	1.48	1.38
11.539	1.33	1.22	1.51	1.42
11.540	1.36	1.24	1.55	1.46
11.541	1.39	1.27	1.58	1.49
11.542	1.41	1.30	1.61	1.53
11.543	1.43	1.32	1.65	1.57
11.544	1.44	1.35	1.68	1.60
11.545	1.45	1.37	1.71	1.64
11.546	1.47	1.39	1.74	1.68
11.547	1.48	1.42	1.78	1.71
11.548	1.50	1.44	1.81	1.75
11.549	1.52	1.46	1.85	1.78
11.550	1.53	1.49	1.88	1.82
11.551	1.54	1.51	1.91	1.86
11.552	1.55	1.53	1.95	1.89
11.553	1.55	1.55	1.98	1.93
11.554	1.55	1.58	2.02	1.96
11.555	1.56	1.60	2.05	2.00
11.556	1.56	1.62	2.09	2.04
11.557	1.58	1.64	2.13	2.07
11.558	1.59	1.66	2.17	2.11
11.559	1.61	1.68	2.21	2.14
11.560	1.63	1.70	2.24	2.18
11.561	1.64	1.72	2.28	2.22
11.562	1.66	1.74	2.32	2.25
11.563	1.67	1.76	2.37	2.29
11.564	1.68	1.78	2.41	2.32
11.565	1.70	1.80	2.45	2.36
11.566	1.71	1.83	2.49	2.40
11.567	1.72	1.85	2.53	2.43
11.568	1.73	1.87	2.57	2.47
11.569	1.74	1.89	2.61	2.50
