Site,Age (yr bp1950),T annual anom (oC),
GISP2,-60.00,0.055,
GISP2,55.45,0.102,
GISP2,60.47,0.127,
GISP2,65.48,0.143,
GISP2,70.50,0.153,
GISP2,75.52,0.163,
GISP2,80.54,0.180,
GISP2,85.55,0.199,
GISP2,90.57,0.173,
GISP2,95.59,0.072,
GISP2,100.60,-0.016,
GISP2,105.62,-0.021,
GISP2,110.64,0.041,
GISP2,115.65,0.087,
GISP2,120.67,0.083,
GISP2,125.68,0.083,
GISP2,130.70,0.109,
GISP2,135.71,0.145,
GISP2,140.73,0.193,
GISP2,145.74,0.217,
GISP2,150.75,0.215,
GISP2,155.77,0.215,
GISP2,160.78,0.223,
GISP2,165.79,0.228,
GISP2,170.81,0.189,
GISP2,175.82,0.106,
GISP2,180.83,-0.002,
GISP2,185.84,-0.101,
GISP2,190.85,-0.160,
GISP2,195.86,-0.207,
GISP2,200.87,-0.230,
GISP2,205.88,-0.217,
GISP2,210.89,-0.205,
GISP2,215.90,-0.203,
GISP2,220.91,-0.212,
GISP2,225.92,-0.227,
GISP2,230.93,-0.272,
GISP2,235.93,-0.362,
GISP2,240.94,-0.442,
GISP2,245.95,-0.474,
GISP2,250.95,-0.451,
GISP2,255.96,-0.394,
GISP2,260.97,-0.316,
GISP2,265.97,-0.198,
GISP2,270.97,-0.044,
GISP2,275.98,0.115,
GISP2,280.98,0.237,
GISP2,285.98,0.278,
GISP2,290.99,0.225,
GISP2,295.99,0.107,
GISP2,300.99,-0.025,
GISP2,305.99,-0.122,
GISP2,310.99,-0.158,
GISP2,315.99,-0.143,
GISP2,320.99,-0.102,
GISP2,325.99,-0.015,
GISP2,330.98,0.120,
GISP2,335.98,0.241,
GISP2,340.98,0.275,
GISP2,345.97,0.234,
GISP2,350.97,0.173,
GISP2,355.96,0.112,
GISP2,360.96,0.044,
GISP2,365.95,-0.033,
GISP2,370.95,-0.076,
GISP2,375.94,-0.034,
GISP2,380.93,0.064,
GISP2,385.92,0.141,
GISP2,390.91,0.195,
GISP2,395.90,0.289,
GISP2,400.89,0.430,
GISP2,405.88,0.522,
GISP2,410.87,0.481,
GISP2,415.86,0.376,
GISP2,420.85,0.309,
GISP2,425.84,0.295,
GISP2,430.83,0.283,
GISP2,435.81,0.250,
GISP2,440.80,0.228,
GISP2,445.79,0.214,
GISP2,450.78,0.179,
GISP2,455.76,0.102,
GISP2,460.75,0.006,
GISP2,465.74,-0.062,
GISP2,470.72,-0.097,
GISP2,475.71,-0.106,
GISP2,480.69,-0.070,
GISP2,485.68,0.018,
GISP2,490.67,0.111,
GISP2,495.65,0.169,
GISP2,500.64,0.198,
GISP2,505.62,0.220,
GISP2,510.61,0.252,
GISP2,515.60,0.289,
GISP2,520.58,0.346,
GISP2,525.56,0.419,
GISP2,530.55,0.483,
GISP2,535.53,0.520,
GISP2,540.52,0.490,
GISP2,545.50,0.389,
GISP2,550.48,0.270,
GISP2,555.46,0.167,
GISP2,560.44,0.074,
GISP2,565.42,-0.045,
GISP2,570.40,-0.207,
GISP2,575.38,-0.383,
GISP2,580.36,-0.519,
GISP2,585.33,-0.605,
GISP2,590.31,-0.688,
GISP2,595.28,-0.779,
GISP2,600.25,-0.827,
GISP2,605.22,-0.792,
GISP2,610.19,-0.687,
GISP2,615.16,-0.569,
GISP2,620.13,-0.464,
GISP2,625.10,-0.342,
GISP2,630.06,-0.202,
GISP2,635.02,-0.094,
GISP2,639.98,-0.042,
GISP2,644.94,0.018,
GISP2,649.90,0.127,
GISP2,654.86,0.237,
GISP2,659.81,0.280,
GISP2,664.76,0.246,
GISP2,669.71,0.205,
GISP2,674.66,0.211,
GISP2,679.61,0.224,
GISP2,684.55,0.178,
GISP2,689.49,0.066,
GISP2,694.43,-0.060,
GISP2,699.37,-0.135,
GISP2,704.30,-0.116,
GISP2,709.24,-0.031,
GISP2,714.17,0.061,
GISP2,719.10,0.155,
GISP2,724.03,0.274,
GISP2,728.95,0.415,
GISP2,733.88,0.547,
GISP2,738.80,0.604,
GISP2,743.72,0.539,
GISP2,748.64,0.392,
GISP2,753.56,0.233,
GISP2,758.48,0.066,
GISP2,763.40,-0.123,
GISP2,768.32,-0.318,
GISP2,773.24,-0.492,
GISP2,778.16,-0.602,
GISP2,783.08,-0.610,
GISP2,788.00,-0.530,
GISP2,792.91,-0.396,
GISP2,797.83,-0.210,
GISP2,802.75,0.018,
GISP2,807.67,0.243,
GISP2,812.59,0.407,
GISP2,817.51,0.469,
GISP2,822.44,0.451,
GISP2,827.36,0.401,
GISP2,832.28,0.328,
GISP2,837.20,0.240,
GISP2,842.12,0.164,
GISP2,847.04,0.121,
GISP2,851.97,0.117,
GISP2,856.89,0.133,
GISP2,861.81,0.143,
GISP2,866.74,0.138,
GISP2,871.66,0.129,
GISP2,876.58,0.121,
GISP2,881.51,0.110,
GISP2,886.43,0.109,
GISP2,891.36,0.113,
GISP2,896.29,0.088,
GISP2,901.21,0.042,
GISP2,906.14,0.030,
GISP2,911.07,0.073,
GISP2,915.99,0.139,
GISP2,920.92,0.188,
GISP2,925.85,0.226,
GISP2,930.78,0.287,
GISP2,935.71,0.405,
GISP2,940.64,0.560,
GISP2,945.57,0.705,
GISP2,950.50,0.822,
GISP2,955.43,0.944,
GISP2,960.36,1.067,
GISP2,965.29,1.146,
GISP2,970.23,1.171,
GISP2,975.16,1.176,
GISP2,980.09,1.183,
GISP2,985.03,1.203,
GISP2,989.96,1.243,
GISP2,994.90,1.303,
GISP2,999.83,1.377,
GISP2,1004.77,1.439,
GISP2,1009.71,1.429,
GISP2,1014.64,1.327,
GISP2,1019.58,1.183,
GISP2,1024.52,1.030,
GISP2,1029.46,0.854,
GISP2,1034.40,0.674,
GISP2,1039.34,0.528,
GISP2,1044.28,0.417,
GISP2,1049.22,0.322,
GISP2,1054.17,0.231,
GISP2,1059.11,0.132,
GISP2,1064.05,0.039,
GISP2,1069.00,-0.041,
GISP2,1073.94,-0.156,
GISP2,1078.89,-0.308,
GISP2,1083.83,-0.423,
GISP2,1088.78,-0.481,
GISP2,1093.73,-0.506,
GISP2,1098.68,-0.495,
GISP2,1103.62,-0.411,
GISP2,1108.57,-0.270,
GISP2,1113.52,-0.133,
GISP2,1118.48,-0.042,
GISP2,1123.43,-0.011,
GISP2,1128.38,-0.016,
GISP2,1133.33,-0.021,
GISP2,1138.29,-0.029,
GISP2,1143.24,-0.026,
GISP2,1148.20,0.046,
GISP2,1153.15,0.194,
GISP2,1158.11,0.353,
GISP2,1163.07,0.484,
GISP2,1168.03,0.587,
GISP2,1172.99,0.655,
GISP2,1177.95,0.687,
GISP2,1182.91,0.713,
GISP2,1187.87,0.772,
GISP2,1192.83,0.863,
GISP2,1197.80,0.952,
GISP2,1202.76,1.001,
GISP2,1207.73,0.989,
GISP2,1212.69,0.919,
GISP2,1217.66,0.792,
GISP2,1222.63,0.623,
GISP2,1227.60,0.450,
GISP2,1232.57,0.307,
GISP2,1237.54,0.182,
GISP2,1242.51,0.054,
GISP2,1247.48,-0.055,
GISP2,1252.45,-0.089,
GISP2,1257.43,-0.057,
GISP2,1262.40,-0.011,
GISP2,1267.38,0.015,
GISP2,1272.35,0.037,
GISP2,1277.33,0.089,
GISP2,1282.31,0.182,
GISP2,1287.29,0.279,
GISP2,1292.27,0.331,
GISP2,1297.25,0.333,
GISP2,1302.24,0.331,
GISP2,1307.22,0.348,
GISP2,1312.20,0.384,
GISP2,1317.19,0.414,
GISP2,1322.18,0.414,
GISP2,1327.16,0.390,
GISP2,1332.15,0.367,
GISP2,1337.14,0.358,
GISP2,1342.13,0.357,
GISP2,1347.12,0.356,
GISP2,1352.12,0.359,
GISP2,1357.11,0.369,
GISP2,1362.10,0.384,
GISP2,1367.10,0.404,
GISP2,1372.10,0.418,
GISP2,1377.09,0.419,
GISP2,1382.09,0.401,
GISP2,1387.09,0.362,
GISP2,1392.09,0.301,
GISP2,1397.09,0.231,
GISP2,1402.09,0.168,
GISP2,1407.10,0.124,
GISP2,1412.10,0.112,
GISP2,1417.11,0.137,
GISP2,1422.11,0.179,
GISP2,1427.12,0.205,
GISP2,1432.12,0.209,
GISP2,1437.13,0.201,
GISP2,1442.14,0.187,
GISP2,1447.15,0.169,
GISP2,1452.16,0.148,
GISP2,1457.17,0.124,
GISP2,1462.18,0.118,
GISP2,1467.19,0.165,
GISP2,1472.21,0.280,
GISP2,1477.22,0.429,
GISP2,1482.23,0.561,
GISP2,1487.25,0.642,
GISP2,1492.26,0.688,
GISP2,1497.28,0.749,
GISP2,1502.30,0.848,
GISP2,1507.32,0.960,
GISP2,1512.33,1.058,
GISP2,1517.35,1.157,
GISP2,1522.37,1.267,
GISP2,1527.40,1.362,
GISP2,1532.42,1.397,
GISP2,1537.44,1.353,
GISP2,1542.46,1.245,
GISP2,1547.49,1.103,
GISP2,1552.51,0.956,
GISP2,1557.53,0.835,
GISP2,1562.56,0.758,
GISP2,1567.59,0.715,
GISP2,1572.61,0.674,
GISP2,1577.64,0.623,
GISP2,1582.67,0.576,
GISP2,1587.70,0.544,
GISP2,1592.73,0.529,
GISP2,1597.76,0.506,
GISP2,1602.79,0.462,
GISP2,1607.82,0.421,
GISP2,1612.85,0.410,
GISP2,1617.88,0.421,
GISP2,1622.92,0.428,
GISP2,1627.95,0.432,
GISP2,1632.99,0.448,
GISP2,1638.02,0.501,
GISP2,1643.06,0.602,
GISP2,1648.09,0.713,
GISP2,1653.13,0.810,
GISP2,1658.17,0.900,
GISP2,1663.21,0.978,
GISP2,1668.25,1.023,
GISP2,1673.28,1.015,
GISP2,1678.32,0.957,
GISP2,1683.36,0.872,
GISP2,1688.41,0.790,
GISP2,1693.45,0.706,
GISP2,1698.49,0.597,
GISP2,1703.53,0.476,
GISP2,1708.57,0.373,
GISP2,1713.61,0.297,
GISP2,1718.66,0.231,
GISP2,1723.70,0.174,
GISP2,1728.74,0.136,
GISP2,1733.78,0.130,
GISP2,1738.83,0.153,
GISP2,1743.87,0.187,
GISP2,1748.91,0.205,
GISP2,1753.96,0.173,
GISP2,1759.00,0.090,
GISP2,1764.05,-0.005,
GISP2,1769.10,-0.082,
GISP2,1774.14,-0.111,
GISP2,1779.19,-0.083,
GISP2,1784.24,-0.014,
GISP2,1789.29,0.092,
GISP2,1794.33,0.223,
GISP2,1799.38,0.359,
GISP2,1804.43,0.493,
GISP2,1809.48,0.627,
GISP2,1814.53,0.772,
GISP2,1819.58,0.909,
GISP2,1824.63,1.007,
GISP2,1829.69,1.066,
GISP2,1834.74,1.104,
GISP2,1839.79,1.143,
GISP2,1844.84,1.169,
GISP2,1849.89,1.173,
GISP2,1854.94,1.195,
GISP2,1859.99,1.270,
GISP2,1865.04,1.413,
GISP2,1870.09,1.585,
GISP2,1875.14,1.708,
GISP2,1880.19,1.751,
GISP2,1885.24,1.733,
GISP2,1890.29,1.670,
GISP2,1895.34,1.571,
GISP2,1900.39,1.425,
GISP2,1905.44,1.258,
GISP2,1910.48,1.119,
GISP2,1915.53,1.029,
GISP2,1920.58,0.967,
GISP2,1925.62,0.930,
GISP2,1930.66,0.939,
GISP2,1935.71,0.998,
GISP2,1940.75,1.074,
GISP2,1945.79,1.156,
GISP2,1950.83,1.257,
GISP2,1955.87,1.386,
GISP2,1960.91,1.530,
GISP2,1965.95,1.642,
GISP2,1970.98,1.676,
GISP2,1976.02,1.624,
GISP2,1981.05,1.510,
GISP2,1986.08,1.364,
GISP2,1991.11,1.210,
GISP2,1996.14,1.061,
GISP2,2001.17,0.914,
GISP2,2006.20,0.775,
GISP2,2011.22,0.699,
GISP2,2016.24,0.719,
GISP2,2021.27,0.807,
GISP2,2026.29,0.902,
GISP2,2031.30,0.995,
GISP2,2036.32,1.128,
GISP2,2041.33,1.309,
GISP2,2046.35,1.479,
GISP2,2051.36,1.575,
GISP2,2056.37,1.594,
GISP2,2061.37,1.587,
GISP2,2066.38,1.571,
GISP2,2071.38,1.531,
GISP2,2076.38,1.480,
GISP2,2081.37,1.460,
GISP2,2086.37,1.476,
GISP2,2091.36,1.480,
GISP2,2096.35,1.421,
GISP2,2101.34,1.300,
GISP2,2106.33,1.153,
GISP2,2111.31,1.001,
GISP2,2116.29,0.835,
GISP2,2121.27,0.651,
GISP2,2126.25,0.484,
GISP2,2131.23,0.386,
GISP2,2136.20,0.356,
GISP2,2141.18,0.362,
GISP2,2146.15,0.389,
GISP2,2151.12,0.442,
GISP2,2156.09,0.527,
GISP2,2161.06,0.637,
GISP2,2166.03,0.759,
GISP2,2170.99,0.885,
GISP2,2175.96,0.998,
GISP2,2180.92,1.102,
GISP2,2185.89,1.208,
GISP2,2190.85,1.322,
GISP2,2195.81,1.453,
GISP2,2200.78,1.592,
GISP2,2205.74,1.707,
GISP2,2210.70,1.774,
GISP2,2215.66,1.799,
GISP2,2220.62,1.801,
GISP2,2225.59,1.771,
GISP2,2230.55,1.685,
GISP2,2235.51,1.536,
GISP2,2240.47,1.333,
GISP2,2245.43,1.106,
GISP2,2250.40,0.887,
GISP2,2255.36,0.684,
GISP2,2260.32,0.508,
GISP2,2265.29,0.403,
GISP2,2270.25,0.413,
GISP2,2275.22,0.532,
GISP2,2280.18,0.708,
GISP2,2285.15,0.898,
GISP2,2290.12,1.063,
GISP2,2295.09,1.167,
GISP2,2300.06,1.203,
GISP2,2305.03,1.187,
GISP2,2310.00,1.148,
GISP2,2314.98,1.121,
GISP2,2319.96,1.133,
GISP2,2324.93,1.202,
GISP2,2329.91,1.335,
GISP2,2334.89,1.522,
GISP2,2339.88,1.727,
GISP2,2344.86,1.911,
GISP2,2349.85,2.052,
GISP2,2354.84,2.128,
GISP2,2359.83,2.132,
GISP2,2364.82,2.075,
GISP2,2369.82,1.975,
GISP2,2374.82,1.851,
GISP2,2379.82,1.707,
GISP2,2384.82,1.541,
GISP2,2389.83,1.364,
GISP2,2394.84,1.187,
GISP2,2399.85,1.037,
GISP2,2404.86,0.945,
GISP2,2409.87,0.903,
GISP2,2414.88,0.876,
GISP2,2419.89,0.829,
GISP2,2424.90,0.760,
GISP2,2429.92,0.689,
GISP2,2434.93,0.631,
GISP2,2439.94,0.596,
GISP2,2444.95,0.603,
GISP2,2449.96,0.677,
GISP2,2454.96,0.836,
GISP2,2459.97,1.060,
GISP2,2464.97,1.325,
GISP2,2469.97,1.589,
GISP2,2474.97,1.778,
GISP2,2479.96,1.835,
GISP2,2484.95,1.792,
GISP2,2489.94,1.743,
GISP2,2494.92,1.745,
GISP2,2499.90,1.763,
GISP2,2504.88,1.740,
GISP2,2509.84,1.697,
GISP2,2514.81,1.687,
GISP2,2519.76,1.719,
GISP2,2524.72,1.747,
GISP2,2529.66,1.722,
GISP2,2534.61,1.665,
GISP2,2539.54,1.621,
GISP2,2544.47,1.608,
GISP2,2549.39,1.596,
GISP2,2554.31,1.540,
GISP2,2559.22,1.438,
GISP2,2564.13,1.335,
GISP2,2569.03,1.277,
GISP2,2573.92,1.261,
GISP2,2578.81,1.227,
GISP2,2583.70,1.146,
GISP2,2588.58,1.078,
GISP2,2593.46,1.085,
GISP2,2598.34,1.127,
GISP2,2603.21,1.115,
GISP2,2608.07,1.041,
GISP2,2612.94,0.991,
GISP2,2617.80,1.030,
GISP2,2622.66,1.111,
GISP2,2627.51,1.134,
GISP2,2632.36,1.077,
GISP2,2637.20,1.021,
GISP2,2642.05,1.011,
GISP2,2646.89,1.001,
GISP2,2651.73,0.940,
GISP2,2656.57,0.862,
GISP2,2661.40,0.838,
GISP2,2666.24,0.883,
GISP2,2671.07,0.965,
GISP2,2675.90,1.059,
GISP2,2680.73,1.166,
GISP2,2685.55,1.306,
GISP2,2690.38,1.457,
GISP2,2695.20,1.552,
GISP2,2700.03,1.553,
GISP2,2704.85,1.471,
GISP2,2709.67,1.333,
GISP2,2714.49,1.155,
GISP2,2719.31,0.958,
GISP2,2724.12,0.762,
GISP2,2728.94,0.587,
GISP2,2733.76,0.463,
GISP2,2738.57,0.436,
GISP2,2743.38,0.501,
GISP2,2748.20,0.611,
GISP2,2753.01,0.722,
GISP2,2757.82,0.815,
GISP2,2762.63,0.913,
GISP2,2767.44,1.034,
GISP2,2772.25,1.156,
GISP2,2777.06,1.247,
GISP2,2781.87,1.296,
GISP2,2786.68,1.326,
GISP2,2791.49,1.354,
GISP2,2796.30,1.381,
GISP2,2801.10,1.396,
GISP2,2805.91,1.391,
GISP2,2810.72,1.374,
GISP2,2815.53,1.370,
GISP2,2820.34,1.397,
GISP2,2825.15,1.432,
GISP2,2829.95,1.440,
GISP2,2834.76,1.409,
GISP2,2839.57,1.337,
GISP2,2844.38,1.233,
GISP2,2849.19,1.115,
GISP2,2854.00,1.005,
GISP2,2858.81,0.929,
GISP2,2863.62,0.921,
GISP2,2868.44,0.990,
GISP2,2873.25,1.105,
GISP2,2878.06,1.232,
GISP2,2882.88,1.365,
GISP2,2887.69,1.505,
GISP2,2892.51,1.641,
GISP2,2897.32,1.740,
GISP2,2902.14,1.770,
GISP2,2906.96,1.755,
GISP2,2911.78,1.749,
GISP2,2916.60,1.749,
GISP2,2921.43,1.711,
GISP2,2926.25,1.601,
GISP2,2931.07,1.433,
GISP2,2935.90,1.263,
GISP2,2940.73,1.118,
GISP2,2945.56,0.985,
GISP2,2950.39,0.857,
GISP2,2955.22,0.767,
GISP2,2960.06,0.736,
GISP2,2964.89,0.740,
GISP2,2969.73,0.751,
GISP2,2974.57,0.773,
GISP2,2979.41,0.816,
GISP2,2984.26,0.882,
GISP2,2989.10,0.940,
GISP2,2993.95,0.961,
GISP2,2998.80,0.951,
GISP2,3003.65,0.945,
GISP2,3008.51,0.970,
GISP2,3013.36,1.006,
GISP2,3018.22,1.032,
GISP2,3023.09,1.067,
GISP2,3027.95,1.143,
GISP2,3032.82,1.260,
GISP2,3037.68,1.378,
GISP2,3042.56,1.454,
GISP2,3047.43,1.468,
GISP2,3052.31,1.435,
GISP2,3057.19,1.371,
GISP2,3062.07,1.273,
GISP2,3066.95,1.142,
GISP2,3071.84,0.996,
GISP2,3076.73,0.874,
GISP2,3081.63,0.806,
GISP2,3086.53,0.793,
GISP2,3091.43,0.840,
GISP2,3096.33,0.957,
GISP2,3101.24,1.144,
GISP2,3106.15,1.387,
GISP2,3111.06,1.661,
GISP2,3115.98,1.927,
GISP2,3120.90,2.117,
GISP2,3125.83,2.202,
GISP2,3130.76,2.197,
GISP2,3135.69,2.121,
GISP2,3140.62,1.995,
GISP2,3145.56,1.826,
GISP2,3150.51,1.645,
GISP2,3155.45,1.512,
GISP2,3160.40,1.457,
GISP2,3165.36,1.456,
GISP2,3170.32,1.454,
GISP2,3175.28,1.443,
GISP2,3180.25,1.461,
GISP2,3185.22,1.524,
GISP2,3190.20,1.585,
GISP2,3195.18,1.611,
GISP2,3200.16,1.631,
GISP2,3205.15,1.691,
GISP2,3210.15,1.812,
GISP2,3215.14,1.977,
GISP2,3220.15,2.165,
GISP2,3225.15,2.356,
GISP2,3230.17,2.556,
GISP2,3235.18,2.756,
GISP2,3240.21,2.910,
GISP2,3245.23,3.005,
GISP2,3250.26,3.052,
GISP2,3255.30,3.043,
GISP2,3260.34,2.973,
GISP2,3265.39,2.859,
GISP2,3270.44,2.732,
GISP2,3275.50,2.601,
GISP2,3280.56,2.459,
GISP2,3285.63,2.300,
GISP2,3290.70,2.127,
GISP2,3295.78,1.969,
GISP2,3300.87,1.846,
GISP2,3305.95,1.740,
GISP2,3311.05,1.633,
GISP2,3316.15,1.523,
GISP2,3321.26,1.417,
GISP2,3326.37,1.312,
GISP2,3331.49,1.213,
GISP2,3336.61,1.136,
GISP2,3341.75,1.078,
GISP2,3346.88,1.029,
GISP2,3352.02,0.981,
GISP2,3357.17,0.939,
GISP2,3362.33,0.900,
GISP2,3367.48,0.854,
GISP2,3372.65,0.793,
GISP2,3377.82,0.717,
GISP2,3383.00,0.642,
GISP2,3388.18,0.595,
GISP2,3393.37,0.607,
GISP2,3398.56,0.700,
GISP2,3403.75,0.842,
GISP2,3408.95,0.980,
GISP2,3414.15,1.090,
GISP2,3419.35,1.185,
GISP2,3424.56,1.306,
GISP2,3429.77,1.458,
GISP2,3434.98,1.609,
GISP2,3440.20,1.740,
GISP2,3445.41,1.880,
GISP2,3450.63,2.045,
GISP2,3455.85,2.201,
GISP2,3461.07,2.304,
GISP2,3466.29,2.339,
GISP2,3471.50,2.320,
GISP2,3476.72,2.243,
GISP2,3481.94,2.111,
GISP2,3487.16,1.943,
GISP2,3492.38,1.775,
GISP2,3497.60,1.618,
GISP2,3502.81,1.450,
GISP2,3508.02,1.275,
GISP2,3513.24,1.145,
GISP2,3518.44,1.097,
GISP2,3523.65,1.124,
GISP2,3528.85,1.189,
GISP2,3534.06,1.270,
GISP2,3539.25,1.364,
GISP2,3544.45,1.449,
GISP2,3549.63,1.485,
GISP2,3554.82,1.459,
GISP2,3560.00,1.421,
GISP2,3565.18,1.426,
GISP2,3570.34,1.451,
GISP2,3575.51,1.424,
GISP2,3580.67,1.345,
GISP2,3585.82,1.296,
GISP2,3590.97,1.332,
GISP2,3596.11,1.419,
GISP2,3601.24,1.490,
GISP2,3606.38,1.511,
GISP2,3611.50,1.496,
GISP2,3616.62,1.482,
GISP2,3621.72,1.488,
GISP2,3626.83,1.491,
GISP2,3631.93,1.480,
GISP2,3637.03,1.476,
GISP2,3642.12,1.502,
GISP2,3647.20,1.574,
GISP2,3652.28,1.691,
GISP2,3657.36,1.821,
GISP2,3662.43,1.893,
GISP2,3667.50,1.867,
GISP2,3672.56,1.767,
GISP2,3677.62,1.641,
GISP2,3682.68,1.529,
GISP2,3687.73,1.451,
GISP2,3692.78,1.408,
GISP2,3697.82,1.395,
GISP2,3702.86,1.418,
GISP2,3707.91,1.484,
GISP2,3712.94,1.579,
GISP2,3717.98,1.661,
GISP2,3723.01,1.698,
GISP2,3728.04,1.693,
GISP2,3733.07,1.657,
GISP2,3738.09,1.612,
GISP2,3743.12,1.580,
GISP2,3748.14,1.567,
GISP2,3753.16,1.550,
GISP2,3758.18,1.499,
GISP2,3763.20,1.417,
GISP2,3768.22,1.325,
GISP2,3773.24,1.261,
GISP2,3778.26,1.239,
GISP2,3783.27,1.236,
GISP2,3788.29,1.244,
GISP2,3793.31,1.274,
GISP2,3798.32,1.336,
GISP2,3803.34,1.399,
GISP2,3808.36,1.427,
GISP2,3813.38,1.394,
GISP2,3818.40,1.297,
GISP2,3823.42,1.168,
GISP2,3828.44,1.037,
GISP2,3833.47,0.926,
GISP2,3838.49,0.856,
GISP2,3843.52,0.841,
GISP2,3848.55,0.872,
GISP2,3853.58,0.924,
GISP2,3858.61,0.989,
GISP2,3863.65,1.061,
GISP2,3868.68,1.123,
GISP2,3873.72,1.153,
GISP2,3878.76,1.134,
GISP2,3883.81,1.070,
GISP2,3888.86,0.995,
GISP2,3893.91,0.958,
GISP2,3898.96,0.974,
GISP2,3904.02,1.042,
GISP2,3909.07,1.144,
GISP2,3914.13,1.253,
GISP2,3919.19,1.362,
GISP2,3924.26,1.477,
GISP2,3929.32,1.603,
GISP2,3934.39,1.707,
GISP2,3939.46,1.767,
GISP2,3944.53,1.803,
GISP2,3949.60,1.852,
GISP2,3954.67,1.917,
GISP2,3959.74,1.953,
GISP2,3964.82,1.913,
GISP2,3969.89,1.813,
GISP2,3974.97,1.694,
GISP2,3980.04,1.585,
GISP2,3985.12,1.485,
GISP2,3990.20,1.405,
GISP2,3995.28,1.384,
GISP2,4000.35,1.451,
GISP2,4005.43,1.592,
GISP2,4010.51,1.744,
GISP2,4015.59,1.841,
GISP2,4020.67,1.862,
GISP2,4025.75,1.834,
GISP2,4030.82,1.806,
GISP2,4035.90,1.821,
GISP2,4040.98,1.875,
GISP2,4046.06,1.920,
GISP2,4051.14,1.942,
GISP2,4056.21,1.965,
GISP2,4061.29,2.009,
GISP2,4066.37,2.047,
GISP2,4071.44,2.026,
GISP2,4076.52,1.933,
GISP2,4081.59,1.810,
GISP2,4086.66,1.707,
GISP2,4091.74,1.635,
GISP2,4096.81,1.563,
GISP2,4101.88,1.474,
GISP2,4106.95,1.387,
GISP2,4112.02,1.339,
GISP2,4117.08,1.340,
GISP2,4122.15,1.369,
GISP2,4127.21,1.410,
GISP2,4132.28,1.454,
GISP2,4137.34,1.479,
GISP2,4142.40,1.472,
GISP2,4147.46,1.445,
GISP2,4152.51,1.412,
GISP2,4157.57,1.389,
GISP2,4162.62,1.380,
GISP2,4167.67,1.368,
GISP2,4172.72,1.342,
GISP2,4177.77,1.314,
GISP2,4182.82,1.298,
GISP2,4187.86,1.277,
GISP2,4192.90,1.254,
GISP2,4197.94,1.263,
GISP2,4202.98,1.332,
GISP2,4208.01,1.455,
GISP2,4213.05,1.631,
GISP2,4218.08,1.836,
GISP2,4223.10,2.014,
GISP2,4228.13,2.110,
GISP2,4233.15,2.106,
GISP2,4238.17,2.017,
GISP2,4243.19,1.877,
GISP2,4248.20,1.705,
GISP2,4253.21,1.506,
GISP2,4258.22,1.305,
GISP2,4263.23,1.178,
GISP2,4268.23,1.159,
GISP2,4273.23,1.199,
GISP2,4278.22,1.234,
GISP2,4283.21,1.242,
GISP2,4288.20,1.237,
GISP2,4293.19,1.238,
GISP2,4298.17,1.212,
GISP2,4303.15,1.112,
GISP2,4308.12,0.965,
GISP2,4313.09,0.857,
GISP2,4318.06,0.839,
GISP2,4323.02,0.863,
GISP2,4327.98,0.888,
GISP2,4332.94,0.931,
GISP2,4337.89,1.027,
GISP2,4342.84,1.194,
GISP2,4347.78,1.367,
GISP2,4352.72,1.463,
GISP2,4357.65,1.463,
GISP2,4362.59,1.423,
GISP2,4367.51,1.409,
GISP2,4372.43,1.422,
GISP2,4377.35,1.452,
GISP2,4382.26,1.486,
GISP2,4387.17,1.536,
GISP2,4392.07,1.632,
GISP2,4396.97,1.759,
GISP2,4401.87,1.839,
GISP2,4406.75,1.792,
GISP2,4411.64,1.621,
GISP2,4416.52,1.387,
GISP2,4421.39,1.147,
GISP2,4426.26,0.936,
GISP2,4431.13,0.774,
GISP2,4435.99,0.693,
GISP2,4440.85,0.707,
GISP2,4445.71,0.798,
GISP2,4450.56,0.913,
GISP2,4455.41,1.017,
GISP2,4460.26,1.121,
GISP2,4465.11,1.239,
GISP2,4469.95,1.373,
GISP2,4474.79,1.485,
GISP2,4479.63,1.544,
GISP2,4484.47,1.553,
GISP2,4489.31,1.535,
GISP2,4494.14,1.501,
GISP2,4498.98,1.436,
GISP2,4503.81,1.356,
GISP2,4508.65,1.299,
GISP2,4513.48,1.305,
GISP2,4518.31,1.400,
GISP2,4523.15,1.553,
GISP2,4527.98,1.707,
GISP2,4532.82,1.798,
GISP2,4537.65,1.794,
GISP2,4542.49,1.704,
GISP2,4547.32,1.558,
GISP2,4552.16,1.386,
GISP2,4557.00,1.190,
GISP2,4561.84,0.979,
GISP2,4566.67,0.824,
GISP2,4571.51,0.768,
GISP2,4576.35,0.774,
GISP2,4581.19,0.773,
GISP2,4586.03,0.723,
GISP2,4590.87,0.635,
GISP2,4595.71,0.524,
GISP2,4600.56,0.389,
GISP2,4605.40,0.255,
GISP2,4610.24,0.182,
GISP2,4615.08,0.232,
GISP2,4619.93,0.399,
GISP2,4624.77,0.622,
GISP2,4629.62,0.854,
GISP2,4634.46,1.074,
GISP2,4639.31,1.257,
GISP2,4644.15,1.372,
GISP2,4649.00,1.416,
GISP2,4653.85,1.418,
GISP2,4658.70,1.432,
GISP2,4663.55,1.467,
GISP2,4668.39,1.483,
GISP2,4673.24,1.434,
GISP2,4678.09,1.316,
GISP2,4682.94,1.161,
GISP2,4687.79,0.984,
GISP2,4692.65,0.804,
GISP2,4697.50,0.660,
GISP2,4702.35,0.552,
GISP2,4707.20,0.490,
GISP2,4712.06,0.476,
GISP2,4716.91,0.511,
GISP2,4721.77,0.579,
GISP2,4726.62,0.666,
GISP2,4731.48,0.766,
GISP2,4736.33,0.884,
GISP2,4741.19,1.037,
GISP2,4746.05,1.233,
GISP2,4750.90,1.431,
GISP2,4755.76,1.599,
GISP2,4760.62,1.721,
GISP2,4765.48,1.787,
GISP2,4770.34,1.784,
GISP2,4775.20,1.706,
GISP2,4780.06,1.589,
GISP2,4784.92,1.491,
GISP2,4789.78,1.421,
GISP2,4794.65,1.373,
GISP2,4799.51,1.373,
GISP2,4804.37,1.467,
GISP2,4809.24,1.652,
GISP2,4814.10,1.853,
GISP2,4818.97,1.997,
GISP2,4823.83,2.060,
GISP2,4828.70,2.069,
GISP2,4833.56,2.056,
GISP2,4838.43,2.016,
GISP2,4843.30,1.950,
GISP2,4848.17,1.875,
GISP2,4853.04,1.819,
GISP2,4857.90,1.781,
GISP2,4862.77,1.745,
GISP2,4867.64,1.707,
GISP2,4872.52,1.680,
GISP2,4877.39,1.684,
GISP2,4882.26,1.721,
GISP2,4887.13,1.766,
GISP2,4892.00,1.795,
GISP2,4896.88,1.807,
GISP2,4901.75,1.825,
GISP2,4906.63,1.854,
GISP2,4911.50,1.865,
GISP2,4916.38,1.833,
GISP2,4921.26,1.769,
GISP2,4926.14,1.712,
GISP2,4931.01,1.690,
GISP2,4935.89,1.692,
GISP2,4940.77,1.700,
GISP2,4945.65,1.693,
GISP2,4950.54,1.677,
GISP2,4955.42,1.672,
GISP2,4960.30,1.696,
GISP2,4965.19,1.751,
GISP2,4970.07,1.813,
GISP2,4974.96,1.861,
GISP2,4979.84,1.911,
GISP2,4984.73,1.997,
GISP2,4989.62,2.116,
GISP2,4994.51,2.212,
GISP2,4999.40,2.229,
GISP2,5004.29,2.161,
GISP2,5009.18,2.045,
GISP2,5014.07,1.901,
GISP2,5018.97,1.742,
GISP2,5023.86,1.604,
GISP2,5028.76,1.522,
GISP2,5033.65,1.499,
GISP2,5038.55,1.531,
GISP2,5043.45,1.606,
GISP2,5048.35,1.714,
GISP2,5053.25,1.842,
GISP2,5058.15,1.948,
GISP2,5063.05,1.978,
GISP2,5067.96,1.926,
GISP2,5072.86,1.850,
GISP2,5077.77,1.776,
GISP2,5082.68,1.681,
GISP2,5087.58,1.581,
GISP2,5092.49,1.551,
GISP2,5097.40,1.653,
GISP2,5102.32,1.866,
GISP2,5107.23,2.093,
GISP2,5112.14,2.255,
GISP2,5117.06,2.359,
GISP2,5121.98,2.444,
GISP2,5126.89,2.495,
GISP2,5131.81,2.459,
GISP2,5136.73,2.323,
GISP2,5141.65,2.145,
GISP2,5146.58,1.984,
GISP2,5151.50,1.849,
GISP2,5156.43,1.711,
GISP2,5161.35,1.579,
GISP2,5166.28,1.493,
GISP2,5171.21,1.477,
GISP2,5176.14,1.503,
GISP2,5181.07,1.524,
GISP2,5186.01,1.513,
GISP2,5190.94,1.465,
GISP2,5195.88,1.383,
GISP2,5200.82,1.265,
GISP2,5205.76,1.112,
GISP2,5210.70,0.951,
GISP2,5215.64,0.814,
GISP2,5220.58,0.721,
GISP2,5225.53,0.669,
GISP2,5230.48,0.641,
GISP2,5235.42,0.630,
GISP2,5240.37,0.623,
GISP2,5245.33,0.620,
GISP2,5250.28,0.631,
GISP2,5255.23,0.667,
GISP2,5260.19,0.731,
GISP2,5265.15,0.810,
GISP2,5270.10,0.883,
GISP2,5275.07,0.951,
GISP2,5280.03,1.019,
GISP2,5284.99,1.082,
GISP2,5289.96,1.097,
GISP2,5294.93,1.034,
GISP2,5299.89,0.899,
GISP2,5304.87,0.751,
GISP2,5309.84,0.647,
GISP2,5314.81,0.593,
GISP2,5319.79,0.561,
GISP2,5324.77,0.557,
GISP2,5329.75,0.623,
GISP2,5334.73,0.776,
GISP2,5339.71,0.971,
GISP2,5344.70,1.142,
GISP2,5349.68,1.275,
GISP2,5354.67,1.403,
GISP2,5359.66,1.556,
GISP2,5364.65,1.718,
GISP2,5369.65,1.830,
GISP2,5374.65,1.853,
GISP2,5379.64,1.808,
GISP2,5384.64,1.739,
GISP2,5389.64,1.676,
GISP2,5394.65,1.618,
GISP2,5399.65,1.575,
GISP2,5404.66,1.557,
GISP2,5409.67,1.581,
GISP2,5414.68,1.654,
GISP2,5419.70,1.754,
GISP2,5424.71,1.839,
GISP2,5429.73,1.889,
GISP2,5434.75,1.897,
GISP2,5439.77,1.868,
GISP2,5444.80,1.813,
GISP2,5449.82,1.763,
GISP2,5454.85,1.734,
GISP2,5459.88,1.738,
GISP2,5464.91,1.770,
GISP2,5469.94,1.813,
GISP2,5474.98,1.857,
GISP2,5480.02,1.893,
GISP2,5485.06,1.919,
GISP2,5490.10,1.928,
GISP2,5495.15,1.919,
GISP2,5500.19,1.912,
GISP2,5505.24,1.923,
GISP2,5510.29,1.961,
GISP2,5515.34,1.991,
GISP2,5520.39,1.974,
GISP2,5525.44,1.906,
GISP2,5530.49,1.827,
GISP2,5535.55,1.782,
GISP2,5540.60,1.779,
GISP2,5545.66,1.794,
GISP2,5550.71,1.803,
GISP2,5555.77,1.810,
GISP2,5560.83,1.829,
GISP2,5565.89,1.851,
GISP2,5570.95,1.847,
GISP2,5576.00,1.799,
GISP2,5581.06,1.726,
GISP2,5586.12,1.674,
GISP2,5591.18,1.692,
GISP2,5596.24,1.787,
GISP2,5601.30,1.906,
GISP2,5606.36,2.000,
GISP2,5611.41,2.040,
GISP2,5616.47,2.039,
GISP2,5621.53,2.012,
GISP2,5626.58,1.971,
GISP2,5631.64,1.917,
GISP2,5636.69,1.856,
GISP2,5641.75,1.809,
GISP2,5646.80,1.786,
GISP2,5651.85,1.771,
GISP2,5656.90,1.748,
GISP2,5661.96,1.711,
GISP2,5667.00,1.671,
GISP2,5672.05,1.632,
GISP2,5677.10,1.586,
GISP2,5682.15,1.522,
GISP2,5687.19,1.453,
GISP2,5692.24,1.407,
GISP2,5697.28,1.407,
GISP2,5702.33,1.445,
GISP2,5707.37,1.505,
GISP2,5712.41,1.585,
GISP2,5717.45,1.697,
GISP2,5722.48,1.852,
GISP2,5727.52,2.030,
GISP2,5732.56,2.184,
GISP2,5737.59,2.263,
GISP2,5742.62,2.237,
GISP2,5747.65,2.111,
GISP2,5752.68,1.918,
GISP2,5757.71,1.692,
GISP2,5762.74,1.474,
GISP2,5767.76,1.304,
GISP2,5772.78,1.232,
GISP2,5777.81,1.279,
GISP2,5782.83,1.421,
GISP2,5787.84,1.590,
GISP2,5792.86,1.731,
GISP2,5797.87,1.829,
GISP2,5802.89,1.885,
GISP2,5807.90,1.917,
GISP2,5812.91,1.940,
GISP2,5817.92,1.967,
GISP2,5822.92,1.998,
GISP2,5827.92,2.020,
GISP2,5832.93,2.028,
GISP2,5837.92,2.018,
GISP2,5842.92,1.998,
GISP2,5847.92,1.977,
GISP2,5852.91,1.959,
GISP2,5857.90,1.958,
GISP2,5862.89,1.990,
GISP2,5867.88,2.058,
GISP2,5872.86,2.151,
GISP2,5877.84,2.223,
GISP2,5882.82,2.231,
GISP2,5887.80,2.165,
GISP2,5892.77,2.054,
GISP2,5897.74,1.947,
GISP2,5902.72,1.861,
GISP2,5907.68,1.777,
GISP2,5912.65,1.680,
GISP2,5917.61,1.593,
GISP2,5922.57,1.565,
GISP2,5927.52,1.599,
GISP2,5932.48,1.645,
GISP2,5937.43,1.657,
GISP2,5942.38,1.613,
GISP2,5947.33,1.512,
GISP2,5952.28,1.352,
GISP2,5957.22,1.145,
GISP2,5962.16,0.927,
GISP2,5967.10,0.750,
GISP2,5972.04,0.650,
GISP2,5976.98,0.625,
GISP2,5981.91,0.661,
GISP2,5986.84,0.759,
GISP2,5991.78,0.912,
GISP2,5996.71,1.084,
GISP2,6001.64,1.212,
GISP2,6006.57,1.260,
GISP2,6011.50,1.242,
GISP2,6016.42,1.187,
GISP2,6021.35,1.110,
GISP2,6026.28,1.014,
GISP2,6031.20,0.909,
GISP2,6036.13,0.825,
GISP2,6041.06,0.811,
GISP2,6045.98,0.892,
GISP2,6050.91,1.052,
GISP2,6055.83,1.260,
GISP2,6060.76,1.490,
GISP2,6065.69,1.718,
GISP2,6070.61,1.912,
GISP2,6075.54,2.042,
GISP2,6080.47,2.104,
GISP2,6085.40,2.119,
GISP2,6090.33,2.114,
GISP2,6095.26,2.092,
GISP2,6100.20,2.049,
GISP2,6105.13,1.996,
GISP2,6110.07,1.981,
GISP2,6115.00,2.017,
GISP2,6119.94,2.068,
GISP2,6124.88,2.081,
GISP2,6129.83,2.042,
GISP2,6134.77,1.970,
GISP2,6139.72,1.871,
GISP2,6144.67,1.734,
GISP2,6149.62,1.556,
GISP2,6154.57,1.356,
GISP2,6159.53,1.177,
GISP2,6164.49,1.042,
GISP2,6169.45,0.962,
GISP2,6174.42,0.941,
GISP2,6179.38,0.978,
GISP2,6184.36,1.058,
GISP2,6189.33,1.150,
GISP2,6194.31,1.225,
GISP2,6199.29,1.267,
GISP2,6204.28,1.273,
GISP2,6209.26,1.245,
GISP2,6214.26,1.182,
GISP2,6219.25,1.106,
GISP2,6224.25,1.059,
GISP2,6229.26,1.070,
GISP2,6234.27,1.144,
GISP2,6239.28,1.267,
GISP2,6244.30,1.426,
GISP2,6249.32,1.596,
GISP2,6254.35,1.743,
GISP2,6259.38,1.830,
GISP2,6264.42,1.839,
GISP2,6269.46,1.794,
GISP2,6274.51,1.740,
GISP2,6279.56,1.706,
GISP2,6284.62,1.684,
GISP2,6289.68,1.652,
GISP2,6294.76,1.597,
GISP2,6299.83,1.532,
GISP2,6304.91,1.480,
GISP2,6309.99,1.455,
GISP2,6315.08,1.455,
GISP2,6320.17,1.463,
GISP2,6325.27,1.486,
GISP2,6330.36,1.547,
GISP2,6335.47,1.654,
GISP2,6340.57,1.775,
GISP2,6345.68,1.856,
GISP2,6350.79,1.867,
GISP2,6355.91,1.808,
GISP2,6361.02,1.700,
GISP2,6366.14,1.567,
GISP2,6371.26,1.436,
GISP2,6376.39,1.339,
GISP2,6381.52,1.286,
GISP2,6386.65,1.274,
GISP2,6391.78,1.295,
GISP2,6396.91,1.324,
GISP2,6402.04,1.357,
GISP2,6407.18,1.384,
GISP2,6412.32,1.388,
GISP2,6417.46,1.379,
GISP2,6422.60,1.396,
GISP2,6427.75,1.459,
GISP2,6432.89,1.542,
GISP2,6438.04,1.613,
GISP2,6443.18,1.665,
GISP2,6448.33,1.707,
GISP2,6453.48,1.750,
GISP2,6458.63,1.775,
GISP2,6463.78,1.752,
GISP2,6468.93,1.698,
GISP2,6474.08,1.655,
GISP2,6479.23,1.626,
GISP2,6484.39,1.573,
GISP2,6489.54,1.464,
GISP2,6494.69,1.324,
GISP2,6499.84,1.218,
GISP2,6504.99,1.180,
GISP2,6510.15,1.210,
GISP2,6515.30,1.291,
GISP2,6520.45,1.410,
GISP2,6525.60,1.550,
GISP2,6530.75,1.677,
GISP2,6535.90,1.758,
GISP2,6541.04,1.771,
GISP2,6546.19,1.720,
GISP2,6551.34,1.628,
GISP2,6556.48,1.517,
GISP2,6561.63,1.413,
GISP2,6566.77,1.345,
GISP2,6571.91,1.342,
GISP2,6577.05,1.419,
GISP2,6582.19,1.584,
GISP2,6587.32,1.815,
GISP2,6592.46,2.057,
GISP2,6597.59,2.241,
GISP2,6602.72,2.322,
GISP2,6607.85,2.294,
GISP2,6612.97,2.175,
GISP2,6618.09,1.994,
GISP2,6623.21,1.791,
GISP2,6628.33,1.615,
GISP2,6633.45,1.522,
GISP2,6638.56,1.525,
GISP2,6643.67,1.598,
GISP2,6648.77,1.693,
GISP2,6653.88,1.775,
GISP2,6658.98,1.821,
GISP2,6664.07,1.827,
GISP2,6669.17,1.810,
GISP2,6674.25,1.801,
GISP2,6679.34,1.840,
GISP2,6684.42,1.944,
GISP2,6689.51,2.110,
GISP2,6694.58,2.315,
GISP2,6699.66,2.532,
GISP2,6704.73,2.737,
GISP2,6709.80,2.884,
GISP2,6714.86,2.960,
GISP2,6719.93,2.981,
GISP2,6724.99,2.966,
GISP2,6730.04,2.933,
GISP2,6735.10,2.884,
GISP2,6740.15,2.828,
GISP2,6745.20,2.780,
GISP2,6750.25,2.751,
GISP2,6755.29,2.742,
GISP2,6760.34,2.740,
GISP2,6765.37,2.730,
GISP2,6770.41,2.712,
GISP2,6775.45,2.699,
GISP2,6780.48,2.710,
GISP2,6785.51,2.735,
GISP2,6790.54,2.728,
GISP2,6795.57,2.642,
GISP2,6800.60,2.485,
GISP2,6805.62,2.296,
GISP2,6810.64,2.107,
GISP2,6815.66,1.925,
GISP2,6820.68,1.766,
GISP2,6825.70,1.676,
GISP2,6830.71,1.702,
GISP2,6835.73,1.837,
GISP2,6840.74,2.030,
GISP2,6845.75,2.222,
GISP2,6850.76,2.398,
GISP2,6855.77,2.545,
GISP2,6860.78,2.644,
GISP2,6865.78,2.672,
GISP2,6870.79,2.618,
GISP2,6875.79,2.499,
GISP2,6880.79,2.350,
GISP2,6885.80,2.190,
GISP2,6890.80,2.037,
GISP2,6895.80,1.911,
GISP2,6900.80,1.840,
GISP2,6905.79,1.844,
GISP2,6910.79,1.920,
GISP2,6915.79,2.032,
GISP2,6920.78,2.118,
GISP2,6925.78,2.140,
GISP2,6930.78,2.103,
GISP2,6935.77,2.045,
GISP2,6940.77,2.008,
GISP2,6945.76,2.011,
GISP2,6950.75,2.047,
GISP2,6955.75,2.105,
GISP2,6960.74,2.184,
GISP2,6965.73,2.267,
GISP2,6970.73,2.312,
GISP2,6975.72,2.271,
GISP2,6980.72,2.124,
GISP2,6985.71,1.923,
GISP2,6990.70,1.740,
GISP2,6995.70,1.616,
GISP2,7000.69,1.539,
GISP2,7005.69,1.487,
GISP2,7010.68,1.456,
GISP2,7015.68,1.442,
GISP2,7020.67,1.426,
GISP2,7025.67,1.393,
GISP2,7030.67,1.350,
GISP2,7035.67,1.332,
GISP2,7040.66,1.364,
GISP2,7045.66,1.439,
GISP2,7050.66,1.532,
GISP2,7055.67,1.632,
GISP2,7060.67,1.736,
GISP2,7065.67,1.816,
GISP2,7070.67,1.829,
GISP2,7075.68,1.745,
GISP2,7080.69,1.578,
GISP2,7085.69,1.372,
GISP2,7090.70,1.185,
GISP2,7095.71,1.064,
GISP2,7100.73,1.037,
GISP2,7105.74,1.111,
GISP2,7110.75,1.261,
GISP2,7115.77,1.443,
GISP2,7120.79,1.625,
GISP2,7125.81,1.786,
GISP2,7130.83,1.907,
GISP2,7135.85,1.970,
GISP2,7140.88,1.967,
GISP2,7145.90,1.921,
GISP2,7150.93,1.861,
GISP2,7155.96,1.797,
GISP2,7160.99,1.717,
GISP2,7166.03,1.616,
GISP2,7171.07,1.517,
GISP2,7176.11,1.450,
GISP2,7181.15,1.430,
GISP2,7186.19,1.450,
GISP2,7191.24,1.509,
GISP2,7196.28,1.593,
GISP2,7201.33,1.682,
GISP2,7206.39,1.757,
GISP2,7211.44,1.812,
GISP2,7216.50,1.869,
GISP2,7221.55,1.937,
GISP2,7226.61,2.019,
GISP2,7231.67,2.109,
GISP2,7236.74,2.193,
GISP2,7241.80,2.268,
GISP2,7246.87,2.325,
GISP2,7251.93,2.360,
GISP2,7257.00,2.381,
GISP2,7262.07,2.405,
GISP2,7267.14,2.447,
GISP2,7272.21,2.498,
GISP2,7277.29,2.554,
GISP2,7282.36,2.610,
GISP2,7287.44,2.644,
GISP2,7292.51,2.633,
GISP2,7297.59,2.565,
GISP2,7302.67,2.475,
GISP2,7307.75,2.401,
GISP2,7312.83,2.356,
GISP2,7317.91,2.320,
GISP2,7322.99,2.290,
GISP2,7328.07,2.311,
GISP2,7333.16,2.407,
GISP2,7338.24,2.542,
GISP2,7343.32,2.639,
GISP2,7348.41,2.665,
GISP2,7353.49,2.658,
GISP2,7358.57,2.656,
GISP2,7363.66,2.646,
GISP2,7368.74,2.594,
GISP2,7373.83,2.503,
GISP2,7378.91,2.420,
GISP2,7383.99,2.368,
GISP2,7389.08,2.329,
GISP2,7394.16,2.272,
GISP2,7399.25,2.190,
GISP2,7404.33,2.107,
GISP2,7409.41,2.041,
GISP2,7414.49,1.990,
GISP2,7419.57,1.944,
GISP2,7424.66,1.893,
GISP2,7429.74,1.827,
GISP2,7434.82,1.723,
GISP2,7439.90,1.576,
GISP2,7444.97,1.416,
GISP2,7450.05,1.290,
GISP2,7455.13,1.229,
GISP2,7460.20,1.225,
GISP2,7465.28,1.270,
GISP2,7470.35,1.373,
GISP2,7475.42,1.545,
GISP2,7480.49,1.765,
GISP2,7485.56,1.976,
GISP2,7490.63,2.133,
GISP2,7495.70,2.237,
GISP2,7500.76,2.323,
GISP2,7505.83,2.405,
GISP2,7510.89,2.467,
GISP2,7515.95,2.488,
GISP2,7521.01,2.478,
GISP2,7526.07,2.465,
GISP2,7531.12,2.478,
GISP2,7536.18,2.537,
GISP2,7541.23,2.637,
GISP2,7546.28,2.743,
GISP2,7551.33,2.818,
GISP2,7556.37,2.832,
GISP2,7561.41,2.776,
GISP2,7566.46,2.667,
GISP2,7571.49,2.515,
GISP2,7576.53,2.322,
GISP2,7581.56,2.107,
GISP2,7586.60,1.907,
GISP2,7591.63,1.770,
GISP2,7596.65,1.712,
GISP2,7601.68,1.720,
GISP2,7606.70,1.775,
GISP2,7611.72,1.851,
GISP2,7616.74,1.939,
GISP2,7621.75,2.037,
GISP2,7626.77,2.146,
GISP2,7631.78,2.260,
GISP2,7636.79,2.354,
GISP2,7641.80,2.409,
GISP2,7646.80,2.423,
GISP2,7651.80,2.430,
GISP2,7656.80,2.476,
GISP2,7661.80,2.569,
GISP2,7666.80,2.687,
GISP2,7671.79,2.801,
GISP2,7676.79,2.892,
GISP2,7681.78,2.966,
GISP2,7686.77,3.022,
GISP2,7691.75,3.052,
GISP2,7696.74,3.036,
GISP2,7701.72,2.970,
GISP2,7706.70,2.891,
GISP2,7711.68,2.839,
GISP2,7716.65,2.809,
GISP2,7721.63,2.759,
GISP2,7726.60,2.662,
GISP2,7731.57,2.560,
GISP2,7736.54,2.509,
GISP2,7741.50,2.540,
GISP2,7746.47,2.636,
GISP2,7751.43,2.758,
GISP2,7756.40,2.892,
GISP2,7761.35,3.025,
GISP2,7766.31,3.124,
GISP2,7771.27,3.161,
GISP2,7776.22,3.129,
GISP2,7781.17,3.053,
GISP2,7786.13,2.968,
GISP2,7791.07,2.909,
GISP2,7796.02,2.891,
GISP2,7800.97,2.905,
GISP2,7805.91,2.915,
GISP2,7810.85,2.880,
GISP2,7815.79,2.775,
GISP2,7820.73,2.620,
GISP2,7825.67,2.462,
GISP2,7830.60,2.319,
GISP2,7835.54,2.194,
GISP2,7840.47,2.072,
GISP2,7845.40,1.954,
GISP2,7850.33,1.864,
GISP2,7855.26,1.824,
GISP2,7860.18,1.832,
GISP2,7865.11,1.856,
GISP2,7870.03,1.865,
GISP2,7874.95,1.868,
GISP2,7879.87,1.878,
GISP2,7884.79,1.911,
GISP2,7889.71,1.971,
GISP2,7894.63,2.040,
GISP2,7899.54,2.120,
GISP2,7904.45,2.221,
GISP2,7909.37,2.344,
GISP2,7914.28,2.470,
GISP2,7919.18,2.567,
GISP2,7924.09,2.627,
GISP2,7929.00,2.664,
GISP2,7933.90,2.696,
GISP2,7938.81,2.730,
GISP2,7943.71,2.756,
GISP2,7948.61,2.752,
GISP2,7953.51,2.703,
GISP2,7958.41,2.590,
GISP2,7963.31,2.405,
GISP2,7968.20,2.152,
GISP2,7973.10,1.848,
GISP2,7977.99,1.532,
GISP2,7982.89,1.250,
GISP2,7987.78,1.037,
GISP2,7992.67,0.920,
GISP2,7997.56,0.889,
GISP2,8002.45,0.923,
GISP2,8007.33,0.985,
GISP2,8012.22,1.053,
GISP2,8017.10,1.129,
GISP2,8021.99,1.216,
GISP2,8026.87,1.316,
GISP2,8031.75,1.421,
GISP2,8036.63,1.506,
GISP2,8041.51,1.550,
GISP2,8046.39,1.542,
GISP2,8051.27,1.473,
GISP2,8056.15,1.331,
GISP2,8061.02,1.119,
GISP2,8065.90,0.864,
GISP2,8070.77,0.599,
GISP2,8075.65,0.367,
GISP2,8080.52,0.193,
GISP2,8085.39,0.076,
GISP2,8090.26,0.013,
GISP2,8095.13,-0.028,
GISP2,8100.00,-0.088,
GISP2,8104.87,-0.206,
GISP2,8109.74,-0.387,
GISP2,8114.60,-0.598,
GISP2,8119.47,-0.804,
GISP2,8124.34,-0.984,
GISP2,8129.20,-1.144,
GISP2,8134.06,-1.290,
GISP2,8138.93,-1.419,
GISP2,8143.79,-1.535,
GISP2,8148.65,-1.642,
GISP2,8153.51,-1.757,
GISP2,8158.37,-1.894,
GISP2,8163.23,-2.025,
GISP2,8168.09,-2.098,
GISP2,8172.95,-2.066,
GISP2,8177.81,-1.906,
GISP2,8182.67,-1.636,
GISP2,8187.53,-1.297,
GISP2,8192.38,-0.927,
GISP2,8197.24,-0.545,
GISP2,8202.09,-0.165,
GISP2,8206.95,0.196,
GISP2,8211.80,0.538,
GISP2,8216.66,0.864,
GISP2,8221.51,1.169,
GISP2,8226.37,1.442,
GISP2,8231.22,1.666,
GISP2,8236.07,1.826,
GISP2,8240.92,1.915,
GISP2,8245.77,1.943,
GISP2,8250.63,1.931,
GISP2,8255.48,1.902,
GISP2,8260.33,1.881,
GISP2,8265.18,1.878,
GISP2,8270.03,1.887,
GISP2,8274.88,1.899,
GISP2,8279.73,1.895,
GISP2,8284.58,1.869,
GISP2,8289.43,1.822,
GISP2,8294.28,1.761,
GISP2,8299.13,1.703,
GISP2,8303.99,1.644,
GISP2,8308.84,1.583,
GISP2,8313.69,1.521,
GISP2,8318.54,1.468,
GISP2,8323.39,1.425,
GISP2,8328.24,1.386,
GISP2,8333.10,1.354,
GISP2,8337.95,1.339,
GISP2,8342.80,1.360,
GISP2,8347.66,1.425,
GISP2,8352.51,1.519,
GISP2,8357.37,1.626,
GISP2,8362.22,1.728,
GISP2,8367.08,1.811,
GISP2,8371.94,1.860,
GISP2,8376.79,1.860,
GISP2,8381.65,1.807,
GISP2,8386.51,1.721,
GISP2,8391.37,1.642,
GISP2,8396.23,1.606,
GISP2,8401.09,1.628,
GISP2,8405.95,1.698,
GISP2,8410.81,1.782,
GISP2,8415.68,1.845,
GISP2,8420.54,1.872,
GISP2,8425.40,1.864,
GISP2,8430.27,1.830,
GISP2,8435.13,1.785,
GISP2,8440.00,1.740,
GISP2,8444.87,1.706,
GISP2,8449.73,1.691,
GISP2,8454.60,1.696,
GISP2,8459.47,1.712,
GISP2,8464.34,1.713,
GISP2,8469.21,1.696,
GISP2,8474.08,1.672,
GISP2,8478.95,1.667,
GISP2,8483.82,1.707,
GISP2,8488.69,1.799,
GISP2,8493.56,1.934,
GISP2,8498.43,2.084,
GISP2,8503.30,2.231,
GISP2,8508.17,2.354,
GISP2,8513.04,2.432,
GISP2,8517.91,2.451,
GISP2,8522.78,2.417,
GISP2,8527.65,2.355,
GISP2,8532.52,2.290,
GISP2,8537.39,2.233,
GISP2,8542.26,2.180,
GISP2,8547.12,2.127,
GISP2,8551.99,2.073,
GISP2,8556.85,2.022,
GISP2,8561.72,1.966,
GISP2,8566.58,1.887,
GISP2,8571.44,1.768,
GISP2,8576.31,1.620,
GISP2,8581.17,1.468,
GISP2,8586.03,1.337,
GISP2,8590.89,1.248,
GISP2,8595.74,1.200,
GISP2,8600.60,1.187,
GISP2,8605.45,1.214,
GISP2,8610.31,1.280,
GISP2,8615.16,1.375,
GISP2,8620.01,1.479,
GISP2,8624.86,1.572,
GISP2,8629.70,1.644,
GISP2,8634.55,1.690,
GISP2,8639.39,1.714,
GISP2,8644.23,1.724,
GISP2,8649.07,1.733,
GISP2,8653.91,1.757,
GISP2,8658.75,1.806,
GISP2,8663.59,1.888,
GISP2,8668.42,2.007,
GISP2,8673.26,2.145,
GISP2,8678.09,2.278,
GISP2,8682.92,2.374,
GISP2,8687.75,2.397,
GISP2,8692.58,2.335,
GISP2,8697.41,2.202,
GISP2,8702.24,2.028,
GISP2,8707.06,1.863,
GISP2,8711.89,1.740,
GISP2,8716.71,1.674,
GISP2,8721.53,1.678,
GISP2,8726.35,1.744,
GISP2,8731.17,1.856,
GISP2,8735.99,1.983,
GISP2,8740.81,2.092,
GISP2,8745.62,2.159,
GISP2,8750.44,2.168,
GISP2,8755.26,2.122,
GISP2,8760.07,2.038,
GISP2,8764.88,1.936,
GISP2,8769.69,1.837,
GISP2,8774.50,1.760,
GISP2,8779.31,1.708,
GISP2,8784.12,1.685,
GISP2,8788.93,1.696,
GISP2,8793.74,1.734,
GISP2,8798.55,1.795,
GISP2,8803.35,1.885,
GISP2,8808.16,2.014,
GISP2,8812.96,2.193,
GISP2,8817.77,2.427,
GISP2,8822.57,2.702,
GISP2,8827.37,2.986,
GISP2,8832.17,3.249,
GISP2,8836.97,3.472,
GISP2,8841.77,3.636,
GISP2,8846.57,3.724,
GISP2,8851.37,3.732,
GISP2,8856.17,3.669,
GISP2,8860.97,3.562,
GISP2,8865.77,3.442,
GISP2,8870.56,3.313,
GISP2,8875.36,3.167,
GISP2,8880.15,3.008,
GISP2,8884.95,2.852,
GISP2,8889.75,2.717,
GISP2,8894.54,2.605,
GISP2,8899.33,2.503,
GISP2,8904.13,2.407,
GISP2,8908.92,2.310,
GISP2,8913.71,2.207,
GISP2,8918.51,2.095,
GISP2,8923.30,1.972,
GISP2,8928.09,1.843,
GISP2,8932.88,1.724,
GISP2,8937.68,1.628,
GISP2,8942.47,1.555,
GISP2,8947.26,1.511,
GISP2,8952.05,1.495,
GISP2,8956.84,1.493,
GISP2,8961.63,1.502,
GISP2,8966.42,1.528,
GISP2,8971.21,1.579,
GISP2,8976.01,1.660,
GISP2,8980.80,1.770,
GISP2,8985.59,1.897,
GISP2,8990.38,2.012,
GISP2,8995.17,2.088,
GISP2,8999.96,2.108,
GISP2,9004.75,2.072,
GISP2,9009.54,2.010,
GISP2,9014.33,1.970,
GISP2,9019.12,2.000,
GISP2,9023.91,2.121,
GISP2,9028.70,2.319,
GISP2,9033.50,2.554,
GISP2,9038.29,2.775,
GISP2,9043.08,2.937,
GISP2,9047.87,3.026,
GISP2,9052.66,3.044,
GISP2,9057.46,3.002,
GISP2,9062.25,2.916,
GISP2,9067.04,2.801,
GISP2,9071.84,2.676,
GISP2,9076.63,2.558,
GISP2,9081.42,2.446,
GISP2,9086.22,2.328,
GISP2,9091.02,2.195,
GISP2,9095.81,2.057,
GISP2,9100.61,1.947,
GISP2,9105.41,1.890,
GISP2,9110.21,1.882,
GISP2,9115.01,1.895,
GISP2,9119.81,1.907,
GISP2,9124.61,1.914,
GISP2,9129.42,1.920,
GISP2,9134.23,1.921,
GISP2,9139.04,1.897,
GISP2,9143.84,1.817,
GISP2,9148.66,1.657,
GISP2,9153.47,1.428,
GISP2,9158.29,1.155,
GISP2,9163.10,0.873,
GISP2,9167.92,0.618,
GISP2,9172.74,0.420,
GISP2,9177.57,0.305,
GISP2,9182.39,0.292,
GISP2,9187.22,0.386,
GISP2,9192.05,0.566,
GISP2,9196.89,0.793,
GISP2,9201.72,1.026,
GISP2,9206.57,1.232,
GISP2,9211.41,1.395,
GISP2,9216.25,1.516,
GISP2,9221.10,1.603,
GISP2,9225.96,1.672,
GISP2,9230.81,1.742,
GISP2,9235.67,1.824,
GISP2,9240.53,1.939,
GISP2,9245.40,2.092,
GISP2,9250.26,2.274,
GISP2,9255.14,2.461,
GISP2,9260.01,2.628,
GISP2,9264.90,2.760,
GISP2,9269.78,2.853,
GISP2,9274.67,2.906,
GISP2,9279.56,2.916,
GISP2,9284.46,2.883,
GISP2,9289.36,2.827,
GISP2,9294.26,2.781,
GISP2,9299.17,2.763,
GISP2,9304.09,2.768,
GISP2,9309.01,2.776,
GISP2,9313.93,2.761,
GISP2,9318.86,2.711,
GISP2,9323.79,2.633,
GISP2,9328.73,2.536,
GISP2,9333.67,2.437,
GISP2,9338.62,2.347,
GISP2,9343.57,2.280,
GISP2,9348.52,2.247,
GISP2,9353.48,2.254,
GISP2,9358.44,2.297,
GISP2,9363.40,2.350,
GISP2,9368.37,2.371,
GISP2,9373.34,2.337,
GISP2,9378.31,2.244,
GISP2,9383.28,2.116,
GISP2,9388.26,1.990,
GISP2,9393.24,1.887,
GISP2,9398.22,1.817,
GISP2,9403.21,1.777,
GISP2,9408.20,1.765,
GISP2,9413.19,1.767,
GISP2,9418.18,1.766,
GISP2,9423.18,1.741,
GISP2,9428.18,1.677,
GISP2,9433.18,1.571,
GISP2,9438.18,1.435,
GISP2,9443.19,1.290,
GISP2,9448.19,1.165,
GISP2,9453.20,1.083,
GISP2,9458.22,1.057,
GISP2,9463.23,1.076,
GISP2,9468.25,1.128,
GISP2,9473.27,1.204,
GISP2,9478.28,1.284,
GISP2,9483.31,1.363,
GISP2,9488.33,1.437,
GISP2,9493.36,1.493,
GISP2,9498.38,1.542,
GISP2,9503.41,1.606,
GISP2,9508.44,1.693,
GISP2,9513.47,1.799,
GISP2,9518.50,1.905,
GISP2,9523.53,1.996,
GISP2,9528.56,2.072,
GISP2,9533.60,2.142,
GISP2,9538.63,2.204,
GISP2,9543.67,2.230,
GISP2,9548.70,2.209,
GISP2,9553.74,2.159,
GISP2,9558.78,2.109,
GISP2,9563.82,2.091,
GISP2,9568.85,2.124,
GISP2,9573.89,2.195,
GISP2,9578.93,2.276,
GISP2,9583.97,2.346,
GISP2,9589.00,2.388,
GISP2,9594.04,2.379,
GISP2,9599.08,2.309,
GISP2,9604.12,2.191,
GISP2,9609.15,2.056,
GISP2,9614.19,1.946,
GISP2,9619.22,1.896,
GISP2,9624.26,1.915,
GISP2,9629.29,1.984,
GISP2,9634.33,2.077,
GISP2,9639.36,2.172,
GISP2,9644.39,2.243,
GISP2,9649.42,2.282,
GISP2,9654.45,2.297,
GISP2,9659.48,2.286,
GISP2,9664.50,2.243,
GISP2,9669.53,2.158,
GISP2,9674.55,2.026,
GISP2,9679.57,1.857,
GISP2,9684.59,1.680,
GISP2,9689.61,1.530,
GISP2,9694.62,1.433,
GISP2,9699.64,1.404,
GISP2,9704.65,1.447,
GISP2,9709.66,1.549,
GISP2,9714.67,1.685,
GISP2,9719.68,1.824,
GISP2,9724.68,1.942,
GISP2,9729.68,2.020,
GISP2,9734.68,2.052,
GISP2,9739.67,2.042,
GISP2,9744.66,1.997,
GISP2,9749.65,1.924,
GISP2,9754.64,1.825,
GISP2,9759.62,1.707,
GISP2,9764.59,1.583,
GISP2,9769.57,1.469,
GISP2,9774.53,1.380,
GISP2,9779.50,1.320,
GISP2,9784.46,1.287,
GISP2,9789.41,1.277,
GISP2,9794.36,1.281,
GISP2,9799.30,1.291,
GISP2,9804.24,1.299,
GISP2,9809.17,1.308,
GISP2,9814.10,1.329,
GISP2,9819.02,1.368,
GISP2,9823.93,1.426,
GISP2,9828.84,1.497,
GISP2,9833.74,1.572,
GISP2,9838.63,1.637,
GISP2,9843.52,1.689,
GISP2,9848.40,1.726,
GISP2,9853.28,1.754,
GISP2,9858.15,1.779,
GISP2,9863.01,1.811,
GISP2,9867.87,1.841,
GISP2,9872.73,1.857,
GISP2,9877.58,1.859,
GISP2,9882.42,1.848,
GISP2,9887.26,1.826,
GISP2,9892.10,1.789,
GISP2,9896.93,1.736,
GISP2,9901.76,1.672,
GISP2,9906.58,1.606,
GISP2,9911.40,1.543,
GISP2,9916.22,1.470,
GISP2,9921.03,1.378,
GISP2,9925.85,1.276,
GISP2,9930.66,1.178,
GISP2,9935.46,1.089,
GISP2,9940.27,1.007,
GISP2,9945.07,0.932,
GISP2,9949.87,0.870,
GISP2,9954.67,0.823,
GISP2,9959.47,0.783,
GISP2,9964.27,0.740,
GISP2,9969.07,0.693,
GISP2,9973.86,0.652,
GISP2,9978.66,0.625,
GISP2,9983.45,0.602,
GISP2,9988.25,0.564,
GISP2,9993.04,0.504,
GISP2,9997.84,0.428,
GISP2,10002.63,0.346,
GISP2,10007.43,0.261,
GISP2,10012.23,0.171,
GISP2,10017.03,0.084,
GISP2,10021.83,0.015,
GISP2,10026.63,-0.026,
GISP2,10031.43,-0.033,
GISP2,10036.24,-0.004,
GISP2,10041.05,0.060,
GISP2,10045.86,0.155,
GISP2,10050.67,0.274,
GISP2,10055.49,0.404,
GISP2,10060.31,0.533,
GISP2,10065.13,0.650,
GISP2,10069.96,0.749,
GISP2,10074.79,0.825,
GISP2,10079.62,0.877,
GISP2,10084.46,0.904,
GISP2,10089.30,0.902,
GISP2,10094.15,0.864,
GISP2,10099.00,0.788,
GISP2,10103.86,0.678,
GISP2,10108.71,0.542,
GISP2,10113.57,0.387,
GISP2,10118.44,0.228,
GISP2,10123.31,0.076,
GISP2,10128.17,-0.056,
GISP2,10133.05,-0.162,
GISP2,10137.92,-0.240,
GISP2,10142.80,-0.290,
GISP2,10147.68,-0.316,
GISP2,10152.56,-0.322,
GISP2,10157.45,-0.316,
GISP2,10162.33,-0.302,
GISP2,10167.22,-0.280,
GISP2,10172.11,-0.251,
GISP2,10177.00,-0.216,
GISP2,10181.89,-0.176,
GISP2,10186.78,-0.134,
GISP2,10191.67,-0.092,
GISP2,10196.57,-0.054,
GISP2,10201.46,-0.026,
GISP2,10206.35,-0.017,
GISP2,10211.25,-0.031,
GISP2,10216.14,-0.066,
GISP2,10221.03,-0.121,
GISP2,10225.93,-0.198,
GISP2,10230.82,-0.297,
GISP2,10235.71,-0.419,
GISP2,10240.60,-0.558,
GISP2,10245.49,-0.709,
GISP2,10250.38,-0.871,
GISP2,10255.26,-1.042,
GISP2,10260.15,-1.212,
GISP2,10265.04,-1.365,
GISP2,10269.92,-1.491,
GISP2,10274.81,-1.583,
GISP2,10279.70,-1.639,
GISP2,10284.58,-1.657,
GISP2,10289.47,-1.635,
GISP2,10294.35,-1.574,
GISP2,10299.24,-1.478,
GISP2,10304.12,-1.357,
GISP2,10309.00,-1.220,
GISP2,10313.89,-1.077,
GISP2,10318.77,-0.935,
GISP2,10323.66,-0.801,
GISP2,10328.54,-0.677,
GISP2,10333.43,-0.567,
GISP2,10338.31,-0.476,
GISP2,10343.20,-0.409,
GISP2,10348.09,-0.366,
GISP2,10352.97,-0.347,
GISP2,10357.86,-0.350,
GISP2,10362.75,-0.365,
GISP2,10367.64,-0.387,
GISP2,10372.53,-0.411,
GISP2,10377.41,-0.435,
GISP2,10382.30,-0.459,
GISP2,10387.19,-0.487,
GISP2,10392.08,-0.528,
GISP2,10396.97,-0.590,
GISP2,10401.86,-0.674,
GISP2,10406.74,-0.774,
GISP2,10411.63,-0.878,
GISP2,10416.51,-0.973,
GISP2,10421.40,-1.052,
GISP2,10426.28,-1.115,
GISP2,10431.16,-1.165,
GISP2,10436.03,-1.203,
GISP2,10440.91,-1.231,
GISP2,10445.78,-1.246,
GISP2,10450.66,-1.250,
GISP2,10455.52,-1.244,
GISP2,10460.39,-1.224,
GISP2,10465.25,-1.184,
GISP2,10470.11,-1.129,
GISP2,10474.97,-1.069,
GISP2,10479.82,-1.013,
GISP2,10484.67,-0.968,
GISP2,10489.52,-0.938,
GISP2,10494.36,-0.927,
GISP2,10499.20,-0.938,
GISP2,10504.03,-0.969,
GISP2,10508.86,-1.014,
GISP2,10513.68,-1.071,
GISP2,10518.51,-1.135,
GISP2,10523.33,-1.203,
GISP2,10528.14,-1.271,
GISP2,10532.95,-1.333,
GISP2,10537.77,-1.384,
GISP2,10542.57,-1.428,
GISP2,10547.38,-1.467,
GISP2,10552.18,-1.505,
GISP2,10556.98,-1.543,
GISP2,10561.77,-1.579,
GISP2,10566.57,-1.608,
GISP2,10571.36,-1.634,
GISP2,10576.15,-1.655,
GISP2,10580.94,-1.674,
GISP2,10585.73,-1.690,
GISP2,10590.51,-1.709,
GISP2,10595.29,-1.736,
GISP2,10600.08,-1.772,
GISP2,10604.86,-1.813,
GISP2,10609.64,-1.851,
GISP2,10614.42,-1.878,
GISP2,10619.19,-1.891,
GISP2,10623.97,-1.888,
GISP2,10628.75,-1.873,
GISP2,10633.52,-1.852,
GISP2,10638.30,-1.833,
GISP2,10643.07,-1.821,
GISP2,10647.85,-1.824,
GISP2,10652.62,-1.844,
GISP2,10657.40,-1.877,
GISP2,10662.18,-1.914,
GISP2,10666.95,-1.948,
GISP2,10671.73,-1.975,
GISP2,10676.51,-1.995,
GISP2,10681.28,-2.012,
GISP2,10686.06,-2.033,
GISP2,10690.84,-2.062,
GISP2,10695.62,-2.102,
GISP2,10700.41,-2.156,
GISP2,10705.19,-2.219,
GISP2,10709.97,-2.287,
GISP2,10714.76,-2.350,
GISP2,10719.55,-2.403,
GISP2,10724.34,-2.442,
GISP2,10729.13,-2.473,
GISP2,10733.93,-2.499,
GISP2,10738.72,-2.528,
GISP2,10743.53,-2.570,
GISP2,10748.33,-2.632,
GISP2,10753.13,-2.713,
GISP2,10757.94,-2.810,
GISP2,10762.75,-2.915,
GISP2,10767.56,-3.018,
GISP2,10772.38,-3.113,
GISP2,10777.20,-3.195,
GISP2,10782.02,-3.266,
GISP2,10786.85,-3.328,
GISP2,10791.68,-3.387,
GISP2,10796.51,-3.451,
GISP2,10801.35,-3.522,
GISP2,10806.19,-3.603,
GISP2,10811.04,-3.687,
GISP2,10815.89,-3.767,
GISP2,10820.75,-3.829,
GISP2,10825.61,-3.859,
GISP2,10830.47,-3.856,
GISP2,10835.34,-3.825,
GISP2,10840.22,-3.776,
GISP2,10845.09,-3.716,
GISP2,10849.98,-3.640,
GISP2,10854.87,-3.545,
GISP2,10859.77,-3.437,
GISP2,10864.66,-3.325,
GISP2,10869.57,-3.208,
GISP2,10874.48,-3.085,
GISP2,10879.40,-2.960,
GISP2,10884.33,-2.845,
GISP2,10889.26,-2.754,
GISP2,10894.19,-2.696,
GISP2,10899.14,-2.672,
GISP2,10904.09,-2.680,
GISP2,10909.05,-2.716,
GISP2,10914.01,-2.770,
GISP2,10918.98,-2.836,
GISP2,10923.95,-2.912,
GISP2,10928.94,-2.999,
GISP2,10933.93,-3.094,
GISP2,10938.93,-3.192,
GISP2,10943.94,-3.290,
GISP2,10948.96,-3.390,
GISP2,10953.98,-3.489,
GISP2,10959.01,-3.584,
GISP2,10964.04,-3.667,
GISP2,10969.10,-3.733,
GISP2,10974.15,-3.779,
GISP2,10979.21,-3.805,
GISP2,10984.28,-3.815,
GISP2,10989.36,-3.813,
GISP2,10994.44,-3.807,
GISP2,10999.53,-3.802,
GISP2,11004.62,-3.809,
GISP2,11009.73,-3.834,
GISP2,11014.84,-3.877,
GISP2,11019.95,-3.930,
GISP2,11025.07,-3.978,
GISP2,11030.20,-4.012,
GISP2,11035.33,-4.027,
GISP2,11040.47,-4.020,
GISP2,11045.61,-3.994,
GISP2,11050.76,-3.957,
GISP2,11055.91,-3.918,
GISP2,11061.07,-3.884,
GISP2,11066.23,-3.859,
GISP2,11071.39,-3.838,
GISP2,11076.56,-3.815,
GISP2,11081.73,-3.774,
GISP2,11086.91,-3.702,
GISP2,11092.09,-3.592,
GISP2,11097.27,-3.439,
GISP2,11102.46,-3.251,
GISP2,11107.65,-3.045,
GISP2,11112.84,-2.842,
GISP2,11118.03,-2.659,
GISP2,11123.23,-2.510,
GISP2,11128.43,-2.416,
GISP2,11133.63,-2.392,
GISP2,11138.84,-2.445,
GISP2,11144.04,-2.566,
GISP2,11149.25,-2.734,
GISP2,11154.46,-2.943,
GISP2,11159.68,-3.184,
GISP2,11164.89,-3.425,
GISP2,11170.11,-3.625,
GISP2,11175.32,-3.759,
GISP2,11180.54,-3.836,
GISP2,11185.76,-3.866,
GISP2,11190.98,-3.858,
GISP2,11196.20,-3.832,
GISP2,11201.42,-3.821,
GISP2,11206.65,-3.848,
GISP2,11211.87,-3.913,
GISP2,11217.09,-4.004,
GISP2,11222.31,-4.115,
GISP2,11227.53,-4.251,
GISP2,11232.76,-4.411,
GISP2,11237.98,-4.595,
GISP2,11243.20,-4.814,
GISP2,11248.42,-5.088,
GISP2,11253.64,-5.417,
GISP2,11258.85,-5.774,
GISP2,11264.07,-6.149,
GISP2,11269.28,-8.071,
GISP2,11274.50,-8.439,
GISP2,11279.71,-8.759,
GISP2,11284.92,-8.999,
GISP2,11290.13,-9.172,
GISP2,11295.33,-9.303,
GISP2,11300.53,-9.402,
GISP2,11305.74,-9.428,
GISP2,11310.93,-9.351,
GISP2,11316.13,-9.182,
GISP2,11321.32,-8.949,
GISP2,11326.51,-8.671,
GISP2,11331.69,-8.347,
GISP2,11336.88,-7.968,
GISP2,11342.05,-6.020,
GISP2,11347.23,-5.635,
GISP2,11352.40,-5.324,
GISP2,11357.57,-5.087,
GISP2,11362.73,-4.901,
GISP2,11367.90,-4.752,
GISP2,11373.06,-4.645,
GISP2,11378.22,-4.574,
GISP2,11383.37,-4.509,
GISP2,11388.52,-4.417,
GISP2,11393.67,-4.295,
GISP2,11398.82,-4.164,
GISP2,11403.97,-4.035,
GISP2,11409.11,-3.907,
GISP2,11414.26,-3.778,
GISP2,11419.40,-3.661,
GISP2,11424.54,-3.561,
GISP2,11429.68,-3.463,
GISP2,11434.82,-3.351,
GISP2,11439.97,-3.233,
GISP2,11445.10,-3.141,
GISP2,11450.24,-3.089,
GISP2,11455.38,-3.082,
GISP2,11460.52,-3.112,
GISP2,11465.66,-3.191,
GISP2,11470.80,-3.308,
GISP2,11475.94,-3.457,
GISP2,11481.07,-3.600,
GISP2,11486.21,-3.727,
GISP2,11491.35,-3.826,
GISP2,11496.49,-3.908,
GISP2,11501.62,-3.986,
GISP2,11506.76,-4.080,
GISP2,11511.90,-4.215,
GISP2,11517.03,-4.423,
GISP2,11522.17,-4.723,
GISP2,11527.31,-5.128,
GISP2,11532.45,-5.650,
GISP2,11537.59,-6.294,
GISP2,11542.72,-6.430,
GISP2,11563.28,-9.376,
GISP2,11583.84,-14.127,
GISP2,11604.41,-13.578,
GISP2,11624.98,-13.112,
GISP2,11645.57,-13.739,
GISP2,11666.17,-14.313,
GISP2,11686.79,-14.824,
GISP2,11707.42,-15.101,
GISP2,11728.07,-16.235,
GISP2,11748.74,-16.001,
GISP2,11769.44,-16.562,
GISP2,11790.16,-16.666,
GISP2,11810.90,-16.458,
GISP2,11831.67,-16.047,
GISP2,11852.48,-16.058,
GISP2,11873.31,-15.702,
GISP2,11894.18,-15.624,
GISP2,11915.09,-15.005,
GISP2,11936.03,-15.246,
GISP2,11957.01,-15.766,
GISP2,11978.03,-15.528,
GISP2,11999.10,-16.503,
GISP2,12020.21,-16.493,
GISP2,12041.37,-16.520,
GISP2,12062.58,-17.333,
GISP2,12083.84,-16.484,
GISP2,12105.16,-16.786,
GISP2,12126.55,-16.597,
GISP2,12148.02,-16.457,
GISP2,12169.57,-16.274,
GISP2,12191.20,-15.859,
GISP2,12212.88,-16.992,
GISP2,12234.61,-16.371,
GISP2,12256.37,-16.506,
GISP2,12278.16,-16.280,
GISP2,12299.96,-16.479,
GISP2,12321.77,-16.262,
GISP2,12343.56,-16.105,
GISP2,12365.34,-16.187,
GISP2,12387.08,-16.278,
GISP2,12408.78,-16.991,
GISP2,12430.43,-17.277,
GISP2,12452.01,-17.187,
GISP2,12473.52,-17.798,
GISP2,12494.94,-17.582,
GISP2,12516.25,-17.517,
GISP2,12537.46,-18.343,
GISP2,12558.55,-17.623,
GISP2,12579.50,-17.661,
GISP2,12600.31,-17.779,
GISP2,12620.97,-17.531,
GISP2,12641.45,-16.855,
GISP2,12661.76,-17.209,
GISP2,12681.88,-16.148,
GISP2,12701.80,-15.966,
GISP2,12721.54,-15.020,
GISP2,12741.12,-13.809,
GISP2,12760.56,-13.002,
GISP2,12779.88,-12.299,
GISP2,12799.12,-11.113,
GISP2,12818.28,-10.423,
GISP2,12837.39,-9.465,
GISP2,12856.48,-8.955,
GISP2,12875.58,-8.677,
GISP2,12894.75,-8.957,
GISP2,12914.00,-8.905,
GISP2,12933.36,-9.618,
GISP2,12952.84,-10.074,
GISP2,12972.42,-9.954,
GISP2,12992.09,-10.420,
GISP2,13011.80,-11.487,
GISP2,13031.55,-12.359,
GISP2,13051.30,-12.368,
GISP2,13071.02,-13.082,
GISP2,13090.68,-12.426,
GISP2,13110.26,-12.071,
GISP2,13129.74,-11.887,
GISP2,13149.08,-11.925,
GISP2,13168.30,-10.671,
GISP2,13187.39,-10.249,
GISP2,13206.36,-9.510,
GISP2,13225.22,-8.943,
GISP2,13243.99,-8.414,
GISP2,13262.65,-8.401,
GISP2,13281.24,-7.967,
GISP2,13299.74,-7.650,
GISP2,13318.17,-7.649,
GISP2,13336.53,-7.825,
GISP2,13354.84,-7.314,
GISP2,13373.10,-7.347,
GISP2,13391.32,-7.641,
GISP2,13409.50,-7.269,
GISP2,13427.65,-6.765,
GISP2,13445.79,-7.054,
GISP2,13463.91,-8.076,
GISP2,13482.02,-8.682,
GISP2,13500.14,-9.286,
GISP2,13518.27,-9.545,
GISP2,13536.41,-8.780,
GISP2,13554.57,-7.728,
GISP2,13572.75,-7.106,
GISP2,13590.95,-6.925,
GISP2,13609.18,-6.984,
GISP2,13627.43,-7.568,
GISP2,13645.72,-6.941,
GISP2,13664.03,-7.609,
GISP2,13682.39,-7.215,
GISP2,13700.78,-7.343,
GISP2,13719.22,-7.382,
GISP2,13737.69,-7.293,
GISP2,13756.22,-7.054,
GISP2,13774.79,-6.928,
GISP2,13793.42,-6.514,
GISP2,13812.10,-7.331,
GISP2,13830.84,-8.476,
GISP2,13849.63,-9.165,
GISP2,13868.49,-10.620,
GISP2,13887.42,-11.085,
GISP2,13906.41,-9.698,
GISP2,13925.47,-8.291,
GISP2,13944.61,-6.964,
GISP2,13963.82,-6.687,
GISP2,13983.11,-6.127,
GISP2,14002.49,-6.481,
GISP2,14021.94,-7.196,
GISP2,14041.48,-6.254,
GISP2,14061.11,-5.973,
GISP2,14080.84,-5.123,
GISP2,14100.65,-4.793,
GISP2,14120.57,-4.827,
GISP2,14140.58,-4.201,
GISP2,14160.70,-4.174,
GISP2,14180.92,-3.904,
GISP2,14201.25,-4.032,
GISP2,14221.69,-4.449,
GISP2,14242.24,-4.418,
GISP2,14262.91,-4.255,
GISP2,14283.70,-4.061,
GISP2,14304.61,-3.514,
GISP2,14325.64,-2.817,
GISP2,14346.79,-2.590,
GISP2,14368.08,-2.813,
GISP2,14389.48,-2.462,
GISP2,14410.98,-2.988,
GISP2,14432.56,-3.203,
GISP2,14454.18,-3.079,
GISP2,14475.82,-3.771,
GISP2,14497.47,-5.851,
GISP2,14519.10,-4.279,
GISP2,14540.69,-7.209,
GISP2,14562.21,-10.360,
GISP2,14583.64,-12.073,
GISP2,14604.97,-15.000,
GISP2,14626.20,-15.660,
GISP2,14647.34,-15.941,
GISP2,14668.41,-15.812,
GISP2,14689.40,-16.157,
GISP2,14710.32,-16.297,
GISP2,14731.18,-17.032,
GISP2,14751.99,-17.365,
GISP2,14772.74,-17.241,
GISP2,14793.46,-16.906,
GISP2,14814.13,-17.141,
GISP2,14834.78,-17.516,
GISP2,14855.40,-17.439,
GISP2,14876.00,-18.046,
GISP2,14896.56,-17.827,
GISP2,14917.09,-17.654,
GISP2,14937.56,-18.084,
GISP2,14957.96,-18.289,
GISP2,14978.30,-17.442,
GISP2,14998.55,-17.182,
GISP2,15018.71,-17.149,
GISP2,15038.76,-16.751,
GISP2,15058.69,-16.688,
GISP2,15078.51,-17.754,
GISP2,15098.18,-17.268,
GISP2,15117.71,-16.975,
GISP2,15137.09,-16.807,
GISP2,15156.30,-16.848,
GISP2,15175.33,-18.341,
GISP2,15194.17,-17.533,
GISP2,15212.84,-17.380,
GISP2,15231.34,-17.540,
GISP2,15249.70,-17.987,
GISP2,15267.93,-18.255,
GISP2,15286.04,-17.947,
GISP2,15304.05,-18.348,
GISP2,15321.98,-18.125,
GISP2,15339.84,-17.699,
GISP2,15357.65,-17.788,
GISP2,15375.42,-18.423,
GISP2,15393.18,-18.738,
GISP2,15410.93,-18.969,
GISP2,15428.69,-19.545,
GISP2,15446.48,-18.329,
GISP2,15464.28,-18.108,
GISP2,15482.11,-17.616,
GISP2,15499.96,-17.440,
GISP2,15517.83,-17.280,
GISP2,15535.73,-17.639,
GISP2,15553.65,-17.874,
GISP2,15571.61,-18.202,
GISP2,15589.59,-18.914,
GISP2,15607.61,-19.411,
GISP2,15625.70,-19.849,
GISP2,15643.88,-19.825,
GISP2,15662.21,-19.230,
GISP2,15680.74,-19.149,
GISP2,15699.55,-18.724,
GISP2,15718.71,-18.545,
GISP2,15738.31,-18.472,
GISP2,15758.42,-18.465,
GISP2,15779.06,-18.458,
GISP2,15800.27,-18.450,
GISP2,15822.03,-18.443,
GISP2,15844.30,-18.435,
GISP2,15867.04,-18.427,
GISP2,15890.16,-18.419,
GISP2,15913.59,-18.410,
GISP2,15937.26,-18.401,
GISP2,15961.11,-18.382,
GISP2,15985.11,-18.351,
GISP2,16009.21,-18.319,
GISP2,16033.39,-18.287,
GISP2,16057.66,-18.255,
GISP2,16082.00,-18.223,
GISP2,16106.43,-18.593,
GISP2,16130.93,-18.663,
GISP2,16155.53,-18.360,
GISP2,16180.20,-18.739,
GISP2,16204.97,-18.699,
GISP2,16229.83,-18.993,
GISP2,16254.79,-18.848,
GISP2,16279.83,-19.039,
GISP2,16304.98,-18.571,
GISP2,16330.22,-18.355,
GISP2,16355.57,-19.300,
GISP2,16381.02,-18.732,
GISP2,16406.57,-18.881,
GISP2,16432.23,-19.303,
GISP2,16457.99,-18.308,
GISP2,16483.85,-18.662,
GISP2,16509.81,-18.424,
GISP2,16535.86,-18.281,
GISP2,16562.00,-18.289,
GISP2,16588.23,-18.919,
GISP2,16614.54,-18.946,
GISP2,16640.93,-18.738,
GISP2,16667.40,-18.824,
GISP2,16693.93,-19.252,
GISP2,16720.54,-19.437,
GISP2,16747.22,-20.052,
GISP2,16773.95,-19.951,
GISP2,16800.75,-19.775,
GISP2,16827.60,-19.260,
GISP2,16854.51,-19.277,
GISP2,16881.46,-19.061,
GISP2,16908.47,-18.909,
GISP2,16935.51,-19.579,
GISP2,16962.60,-19.525,
GISP2,16989.72,-19.951,
GISP2,17016.87,-19.879,
GISP2,17044.06,-20.386,
GISP2,17071.27,-19.970,
GISP2,17098.51,-19.646,
GISP2,17125.76,-19.284,
GISP2,17153.04,-18.386,
GISP2,17180.32,-18.013,
GISP2,17207.62,-17.979,
GISP2,17234.93,-17.986,
GISP2,17262.24,-17.739,
GISP2,17289.56,-18.567,
GISP2,17316.87,-18.753,
GISP2,17344.18,-18.921,
GISP2,17371.48,-18.631,
GISP2,17398.77,-18.666,
GISP2,17426.04,-18.813,
GISP2,17453.30,-19.183,
GISP2,17480.54,-19.339,
GISP2,17507.76,-19.066,
GISP2,17534.95,-18.851,
GISP2,17562.11,-18.738,
GISP2,17589.24,-19.020,
GISP2,17616.32,-18.678,
GISP2,17643.32,-19.391,
GISP2,17670.22,-19.486,
GISP2,17696.97,-19.693,
GISP2,17723.50,-19.248,
GISP2,17749.74,-19.227,
GISP2,17775.62,-19.130,
GISP2,17801.05,-18.874,
GISP2,17825.98,-18.384,
GISP2,17850.38,-17.805,
GISP2,17874.25,-16.888,
GISP2,17897.58,-16.641,
GISP2,17920.43,-15.949,
GISP2,17942.85,-15.668,
GISP2,17964.94,-14.971,
GISP2,17986.75,-15.377,
GISP2,18008.38,-15.295,
GISP2,18029.86,-15.802,
GISP2,18051.25,-15.942,
GISP2,18072.58,-16.163,
GISP2,18093.86,-15.688,
GISP2,18115.11,-15.388,
GISP2,18136.32,-14.912,
GISP2,18157.51,-15.568,
GISP2,18178.66,-15.153,
GISP2,18199.78,-15.557,
GISP2,18220.87,-15.892,
GISP2,18241.93,-16.011,
GISP2,18262.96,-16.014,
GISP2,18283.96,-16.929,
GISP2,18304.92,-16.404,
GISP2,18325.86,-16.685,
GISP2,18346.76,-17.104,
GISP2,18367.63,-17.130,
GISP2,18388.48,-16.922,
GISP2,18409.29,-16.570,
GISP2,18430.07,-16.268,
GISP2,18450.82,-15.977,
GISP2,18471.55,-15.752,
GISP2,18492.24,-15.010,
GISP2,18512.91,-14.636,
GISP2,18533.54,-14.745,
GISP2,18554.15,-15.616,
GISP2,18574.72,-16.527,
GISP2,18595.27,-16.442,
GISP2,18615.79,-16.475,
GISP2,18636.28,-16.892,
GISP2,18656.74,-17.127,
GISP2,18677.18,-16.780,
GISP2,18697.58,-16.090,
GISP2,18717.96,-15.757,
GISP2,18738.31,-15.754,
GISP2,18758.63,-14.948,
GISP2,18778.93,-15.080,
GISP2,18799.20,-15.392,
GISP2,18819.44,-15.339,
GISP2,18839.65,-15.332,
GISP2,18859.84,-15.925,
GISP2,18880.00,-16.140,
GISP2,18900.13,-15.515,
GISP2,18920.24,-16.346,
GISP2,18940.32,-15.936,
GISP2,18960.38,-16.666,
GISP2,18980.41,-15.992,
GISP2,19000.41,-16.166,
GISP2,19020.39,-15.789,
GISP2,19040.34,-16.439,
GISP2,19060.26,-16.467,
GISP2,19080.17,-16.219,
GISP2,19100.04,-16.739,
GISP2,19119.89,-16.934,
GISP2,19139.72,-16.960,
GISP2,19159.52,-17.172,
GISP2,19179.30,-17.093,
GISP2,19199.05,-16.966,
GISP2,19218.78,-17.314,
GISP2,19238.49,-17.434,
GISP2,19258.17,-16.765,
GISP2,19277.83,-16.295,
GISP2,19297.46,-16.183,
GISP2,19317.07,-16.161,
GISP2,19336.66,-16.129,
GISP2,19356.23,-16.398,
GISP2,19375.77,-16.331,
GISP2,19395.29,-16.923,
GISP2,19414.78,-16.180,
GISP2,19434.26,-16.863,
GISP2,19453.71,-15.903,
GISP2,19473.14,-16.099,
GISP2,19492.55,-16.270,
GISP2,19511.93,-16.486,
GISP2,19531.29,-15.809,
GISP2,19550.64,-16.415,
GISP2,19569.96,-16.424,
GISP2,19589.26,-16.213,
GISP2,19608.53,-16.142,
GISP2,19627.79,-16.295,
GISP2,19647.03,-15.450,
GISP2,19666.24,-15.420,
GISP2,19685.44,-14.865,
GISP2,19704.61,-15.381,
GISP2,19723.77,-15.601,
GISP2,19742.90,-15.771,
GISP2,19762.02,-16.352,
GISP2,19781.11,-16.516,
GISP2,19800.19,-16.929,
GISP2,19819.25,-17.284,
GISP2,19838.28,-17.318,
GISP2,19857.30,-17.034,
GISP2,19876.30,-16.868,
GISP2,19895.28,-16.443,
GISP2,19914.24,-15.796,
GISP2,19933.18,-16.263,
GISP2,19952.11,-16.116,
GISP2,19971.01,-16.423,
GISP2,19989.90,-16.001,
GISP2,20008.77,-17.077,
NGRIP,-20,0.435,
NGRIP,-10,0.549,
NGRIP,0,0.650,
NGRIP,10,0.739,
NGRIP,20,0.817,
NGRIP,30,0.887,
NGRIP,40,0.953,
NGRIP,50,1.019,
NGRIP,60,1.087,
NGRIP,70,1.149,
NGRIP,80,1.084,
NGRIP,90,0.973,
NGRIP,100,0.835,
NGRIP,110,0.696,
NGRIP,120,0.570,
NGRIP,130,0.458,
NGRIP,140,0.354,
NGRIP,150,0.247,
NGRIP,160,0.138,
NGRIP,170,0.033,
NGRIP,180,-0.058,
NGRIP,190,-0.135,
NGRIP,200,-0.202,
NGRIP,210,-0.263,
NGRIP,220,-0.330,
NGRIP,230,-0.410,
NGRIP,240,-0.494,
NGRIP,250,-0.564,
NGRIP,260,-0.610,
NGRIP,270,-0.624,
NGRIP,280,-0.606,
NGRIP,290,-0.568,
NGRIP,300,-0.521,
NGRIP,310,-0.467,
NGRIP,320,-0.408,
NGRIP,330,-0.341,
NGRIP,340,-0.273,
NGRIP,350,-0.211,
NGRIP,360,-0.161,
NGRIP,370,-0.114,
NGRIP,380,-0.057,
NGRIP,390,0.011,
NGRIP,400,0.073,
NGRIP,410,0.114,
NGRIP,420,0.134,
NGRIP,430,0.145,
NGRIP,440,0.156,
NGRIP,450,0.180,
NGRIP,460,0.223,
NGRIP,470,0.288,
NGRIP,480,0.368,
NGRIP,490,0.446,
NGRIP,500,0.504,
NGRIP,510,0.539,
NGRIP,520,0.560,
NGRIP,530,0.577,
NGRIP,540,0.591,
NGRIP,550,0.587,
NGRIP,560,0.552,
NGRIP,570,0.485,
NGRIP,580,0.396,
NGRIP,590,0.303,
NGRIP,600,0.222,
NGRIP,610,0.159,
NGRIP,620,0.108,
NGRIP,630,0.056,
NGRIP,640,-0.004,
NGRIP,650,-0.066,
NGRIP,660,-0.115,
NGRIP,670,-0.136,
NGRIP,680,-0.119,
NGRIP,690,-0.079,
NGRIP,700,-0.036,
NGRIP,710,-0.014,
NGRIP,720,-0.026,
NGRIP,730,-0.065,
NGRIP,740,-0.107,
NGRIP,750,-0.131,
NGRIP,760,-0.138,
NGRIP,770,-0.135,
NGRIP,780,-0.129,
NGRIP,790,-0.122,
NGRIP,800,-0.113,
NGRIP,810,-0.103,
NGRIP,820,-0.093,
NGRIP,830,-0.084,
NGRIP,840,-0.083,
NGRIP,850,-0.096,
NGRIP,860,-0.116,
NGRIP,870,-0.129,
NGRIP,880,-0.122,
NGRIP,890,-0.093,
NGRIP,900,-0.048,
NGRIP,910,0.008,
NGRIP,920,0.072,
NGRIP,930,0.143,
NGRIP,940,0.222,
NGRIP,950,0.314,
NGRIP,960,0.415,
NGRIP,970,0.513,
NGRIP,980,0.590,
NGRIP,990,0.630,
NGRIP,1000,0.629,
NGRIP,1010,0.587,
NGRIP,1020,0.510,
NGRIP,1030,0.408,
NGRIP,1040,0.296,
NGRIP,1050,0.182,
NGRIP,1060,0.072,
NGRIP,1070,-0.029,
NGRIP,1080,-0.112,
NGRIP,1090,-0.169,
NGRIP,1100,-0.195,
NGRIP,1110,-0.188,
NGRIP,1120,-0.151,
NGRIP,1130,-0.093,
NGRIP,1140,-0.024,
NGRIP,1150,0.045,
NGRIP,1160,0.109,
NGRIP,1170,0.167,
NGRIP,1180,0.218,
NGRIP,1190,0.260,
NGRIP,1200,0.294,
NGRIP,1210,0.330,
NGRIP,1220,0.376,
NGRIP,1230,0.431,
NGRIP,1240,0.486,
NGRIP,1250,0.528,
NGRIP,1260,0.554,
NGRIP,1270,0.566,
NGRIP,1280,0.574,
NGRIP,1290,0.583,
NGRIP,1300,0.597,
NGRIP,1310,0.617,
NGRIP,1320,0.649,
NGRIP,1330,0.685,
NGRIP,1340,0.707,
NGRIP,1350,0.701,
NGRIP,1360,0.667,
NGRIP,1370,0.610,
NGRIP,1380,0.538,
NGRIP,1390,0.460,
NGRIP,1400,0.384,
NGRIP,1410,0.311,
NGRIP,1420,0.236,
NGRIP,1430,0.154,
NGRIP,1440,0.063,
NGRIP,1450,-0.028,
NGRIP,1460,-0.096,
NGRIP,1470,-0.119,
NGRIP,1480,-0.078,
NGRIP,1490,0.025,
NGRIP,1500,0.170,
NGRIP,1510,0.316,
NGRIP,1520,0.427,
NGRIP,1530,0.493,
NGRIP,1540,0.519,
NGRIP,1550,0.516,
NGRIP,1560,0.494,
NGRIP,1570,0.462,
NGRIP,1580,0.413,
NGRIP,1590,0.338,
NGRIP,1600,0.237,
NGRIP,1610,0.118,
NGRIP,1620,-0.004,
NGRIP,1630,-0.109,
NGRIP,1640,-0.187,
NGRIP,1650,-0.237,
NGRIP,1660,-0.268,
NGRIP,1670,-0.285,
NGRIP,1680,-0.296,
NGRIP,1690,-0.306,
NGRIP,1700,-0.315,
NGRIP,1710,-0.319,
NGRIP,1720,-0.311,
NGRIP,1730,-0.290,
NGRIP,1740,-0.260,
NGRIP,1750,-0.220,
NGRIP,1760,-0.159,
NGRIP,1770,-0.059,
NGRIP,1780,0.082,
NGRIP,1790,0.249,
NGRIP,1800,0.431,
NGRIP,1810,0.616,
NGRIP,1820,0.795,
NGRIP,1830,0.961,
NGRIP,1840,1.106,
NGRIP,1850,1.221,
NGRIP,1860,1.297,
NGRIP,1870,1.332,
NGRIP,1880,1.332,
NGRIP,1890,1.307,
NGRIP,1900,1.268,
NGRIP,1910,1.217,
NGRIP,1920,1.152,
NGRIP,1930,1.076,
NGRIP,1940,0.993,
NGRIP,1950,0.911,
NGRIP,1960,0.839,
NGRIP,1970,0.790,
NGRIP,1980,0.773,
NGRIP,1990,0.780,
NGRIP,2000,0.796,
NGRIP,2010,0.801,
NGRIP,2020,0.787,
NGRIP,2030,0.748,
NGRIP,2040,0.680,
NGRIP,2050,0.579,
NGRIP,2060,0.450,
NGRIP,2070,0.306,
NGRIP,2080,0.160,
NGRIP,2090,0.023,
NGRIP,2100,-0.098,
NGRIP,2110,-0.194,
NGRIP,2120,-0.252,
NGRIP,2130,-0.263,
NGRIP,2140,-0.224,
NGRIP,2150,-0.134,
NGRIP,2160,0.000,
NGRIP,2170,0.165,
NGRIP,2180,0.347,
NGRIP,2190,0.534,
NGRIP,2200,0.714,
NGRIP,2210,0.873,
NGRIP,2220,0.994,
NGRIP,2230,1.073,
NGRIP,2240,1.111,
NGRIP,2250,1.112,
NGRIP,2260,1.081,
NGRIP,2270,1.028,
NGRIP,2280,0.965,
NGRIP,2290,0.908,
NGRIP,2300,0.871,
NGRIP,2310,0.856,
NGRIP,2320,0.855,
NGRIP,2330,0.849,
NGRIP,2340,0.821,
NGRIP,2350,0.761,
NGRIP,2360,0.672,
NGRIP,2370,0.567,
NGRIP,2380,0.454,
NGRIP,2390,0.341,
NGRIP,2400,0.235,
NGRIP,2410,0.141,
NGRIP,2420,0.057,
NGRIP,2430,-0.012,
NGRIP,2440,-0.059,
NGRIP,2450,-0.073,
NGRIP,2460,-0.051,
NGRIP,2470,0.001,
NGRIP,2480,0.078,
NGRIP,2490,0.172,
NGRIP,2500,0.265,
NGRIP,2510,0.343,
NGRIP,2520,0.397,
NGRIP,2530,0.428,
NGRIP,2540,0.438,
NGRIP,2550,0.425,
NGRIP,2560,0.392,
NGRIP,2570,0.347,
NGRIP,2580,0.299,
NGRIP,2590,0.254,
NGRIP,2600,0.218,
NGRIP,2610,0.199,
NGRIP,2620,0.200,
NGRIP,2630,0.218,
NGRIP,2640,0.251,
NGRIP,2650,0.298,
NGRIP,2660,0.358,
NGRIP,2670,0.425,
NGRIP,2680,0.495,
NGRIP,2690,0.568,
NGRIP,2700,0.648,
NGRIP,2710,0.737,
NGRIP,2720,0.828,
NGRIP,2730,0.905,
NGRIP,2740,0.953,
NGRIP,2750,0.966,
NGRIP,2760,0.948,
NGRIP,2770,0.910,
NGRIP,2780,0.865,
NGRIP,2790,0.825,
NGRIP,2800,0.802,
NGRIP,2810,0.807,
NGRIP,2820,0.838,
NGRIP,2830,0.888,
NGRIP,2840,0.945,
NGRIP,2850,1.005,
NGRIP,2860,1.066,
NGRIP,2870,1.134,
NGRIP,2880,1.204,
NGRIP,2890,1.263,
NGRIP,2900,1.294,
NGRIP,2910,1.287,
NGRIP,2920,1.244,
NGRIP,2930,1.175,
NGRIP,2940,1.090,
NGRIP,2950,0.995,
NGRIP,2960,0.898,
NGRIP,2970,0.809,
NGRIP,2980,0.737,
NGRIP,2990,0.689,
NGRIP,3000,0.663,
NGRIP,3010,0.655,
NGRIP,3020,0.660,
NGRIP,3030,0.675,
NGRIP,3040,0.703,
NGRIP,3050,0.742,
NGRIP,3060,0.780,
NGRIP,3070,0.805,
NGRIP,3080,0.812,
NGRIP,3090,0.804,
NGRIP,3100,0.787,
NGRIP,3110,0.766,
NGRIP,3120,0.739,
NGRIP,3130,0.702,
NGRIP,3140,0.656,
NGRIP,3150,0.602,
NGRIP,3160,0.543,
NGRIP,3170,0.480,
NGRIP,3180,0.420,
NGRIP,3190,0.377,
NGRIP,3200,0.365,
NGRIP,3210,0.398,
NGRIP,3220,0.469,
NGRIP,3230,0.556,
NGRIP,3240,0.632,
NGRIP,3250,0.686,
NGRIP,3260,0.727,
NGRIP,3270,0.772,
NGRIP,3280,0.836,
NGRIP,3290,0.914,
NGRIP,3300,0.995,
NGRIP,3310,1.064,
NGRIP,3320,1.108,
NGRIP,3330,1.117,
NGRIP,3340,1.086,
NGRIP,3350,1.026,
NGRIP,3360,0.960,
NGRIP,3370,0.914,
NGRIP,3380,0.896,
NGRIP,3390,0.896,
NGRIP,3400,0.889,
NGRIP,3410,0.854,
NGRIP,3420,0.788,
NGRIP,3430,0.707,
NGRIP,3440,0.638,
NGRIP,3450,0.600,
NGRIP,3460,0.600,
NGRIP,3470,0.630,
NGRIP,3480,0.676,
NGRIP,3490,0.716,
NGRIP,3500,0.739,
NGRIP,3510,0.743,
NGRIP,3520,0.744,
NGRIP,3530,0.763,
NGRIP,3540,0.818,
NGRIP,3550,0.905,
NGRIP,3560,1.006,
NGRIP,3570,1.098,
NGRIP,3580,1.172,
NGRIP,3590,1.231,
NGRIP,3600,1.292,
NGRIP,3610,1.367,
NGRIP,3620,1.457,
NGRIP,3630,1.546,
NGRIP,3640,1.605,
NGRIP,3650,1.614,
NGRIP,3660,1.569,
NGRIP,3670,1.479,
NGRIP,3680,1.366,
NGRIP,3690,1.249,
NGRIP,3700,1.142,
NGRIP,3710,1.044,
NGRIP,3720,0.948,
NGRIP,3730,0.842,
NGRIP,3740,0.724,
NGRIP,3750,0.609,
NGRIP,3760,0.517,
NGRIP,3770,0.458,
NGRIP,3780,0.430,
NGRIP,3790,0.418,
NGRIP,3800,0.408,
NGRIP,3810,0.390,
NGRIP,3820,0.367,
NGRIP,3830,0.347,
NGRIP,3840,0.338,
NGRIP,3850,0.346,
NGRIP,3860,0.370,
NGRIP,3870,0.403,
NGRIP,3880,0.437,
NGRIP,3890,0.473,
NGRIP,3900,0.516,
NGRIP,3910,0.574,
NGRIP,3920,0.643,
NGRIP,3930,0.715,
NGRIP,3940,0.779,
NGRIP,3950,0.826,
NGRIP,3960,0.852,
NGRIP,3970,0.853,
NGRIP,3980,0.832,
NGRIP,3990,0.796,
NGRIP,4000,0.755,
NGRIP,4010,0.711,
NGRIP,4020,0.665,
NGRIP,4030,0.616,
NGRIP,4040,0.565,
NGRIP,4050,0.518,
NGRIP,4060,0.484,
NGRIP,4070,0.478,
NGRIP,4080,0.506,
NGRIP,4090,0.570,
NGRIP,4100,0.661,
NGRIP,4110,0.768,
NGRIP,4120,0.882,
NGRIP,4130,0.986,
NGRIP,4140,1.062,
NGRIP,4150,1.099,
NGRIP,4160,1.103,
NGRIP,4170,1.086,
NGRIP,4180,1.063,
NGRIP,4190,1.042,
NGRIP,4200,1.021,
NGRIP,4210,0.999,
NGRIP,4220,0.977,
NGRIP,4230,0.958,
NGRIP,4240,0.941,
NGRIP,4250,0.928,
NGRIP,4260,0.918,
NGRIP,4270,0.904,
NGRIP,4280,0.881,
NGRIP,4290,0.847,
NGRIP,4300,0.804,
NGRIP,4310,0.761,
NGRIP,4320,0.729,
NGRIP,4330,0.722,
NGRIP,4340,0.740,
NGRIP,4350,0.776,
NGRIP,4360,0.814,
NGRIP,4370,0.848,
NGRIP,4380,0.879,
NGRIP,4390,0.910,
NGRIP,4400,0.944,
NGRIP,4410,0.982,
NGRIP,4420,1.024,
NGRIP,4430,1.065,
NGRIP,4440,1.101,
NGRIP,4450,1.128,
NGRIP,4460,1.147,
NGRIP,4470,1.162,
NGRIP,4480,1.182,
NGRIP,4490,1.212,
NGRIP,4500,1.256,
NGRIP,4510,1.308,
NGRIP,4520,1.359,
NGRIP,4530,1.398,
NGRIP,4540,1.414,
NGRIP,4550,1.402,
NGRIP,4560,1.358,
NGRIP,4570,1.285,
NGRIP,4580,1.193,
NGRIP,4590,1.096,
NGRIP,4600,1.010,
NGRIP,4610,0.940,
NGRIP,4620,0.889,
NGRIP,4630,0.857,
NGRIP,4640,0.849,
NGRIP,4650,0.864,
NGRIP,4660,0.898,
NGRIP,4670,0.943,
NGRIP,4680,0.996,
NGRIP,4690,1.049,
NGRIP,4700,1.095,
NGRIP,4710,1.132,
NGRIP,4720,1.165,
NGRIP,4730,1.195,
NGRIP,4740,1.225,
NGRIP,4750,1.251,
NGRIP,4760,1.272,
NGRIP,4770,1.285,
NGRIP,4780,1.292,
NGRIP,4790,1.298,
NGRIP,4800,1.313,
NGRIP,4810,1.343,
NGRIP,4820,1.390,
NGRIP,4830,1.449,
NGRIP,4840,1.510,
NGRIP,4850,1.561,
NGRIP,4860,1.594,
NGRIP,4870,1.611,
NGRIP,4880,1.622,
NGRIP,4890,1.632,
NGRIP,4900,1.639,
NGRIP,4910,1.635,
NGRIP,4920,1.619,
NGRIP,4930,1.588,
NGRIP,4940,1.542,
NGRIP,4950,1.483,
NGRIP,4960,1.420,
NGRIP,4970,1.360,
NGRIP,4980,1.304,
NGRIP,4990,1.257,
NGRIP,5000,1.219,
NGRIP,5010,1.183,
NGRIP,5020,1.142,
NGRIP,5030,1.100,
NGRIP,5040,1.076,
NGRIP,5050,1.087,
NGRIP,5060,1.130,
NGRIP,5070,1.190,
NGRIP,5080,1.250,
NGRIP,5090,1.300,
NGRIP,5100,1.336,
NGRIP,5110,1.364,
NGRIP,5120,1.390,
NGRIP,5130,1.419,
NGRIP,5140,1.440,
NGRIP,5150,1.435,
NGRIP,5160,1.391,
NGRIP,5170,1.312,
NGRIP,5180,1.206,
NGRIP,5190,1.082,
NGRIP,5200,0.949,
NGRIP,5210,0.825,
NGRIP,5220,0.722,
NGRIP,5230,0.642,
NGRIP,5240,0.579,
NGRIP,5250,0.529,
NGRIP,5260,0.491,
NGRIP,5270,0.471,
NGRIP,5280,0.483,
NGRIP,5290,0.527,
NGRIP,5300,0.594,
NGRIP,5310,0.667,
NGRIP,5320,0.736,
NGRIP,5330,0.803,
NGRIP,5340,0.876,
NGRIP,5350,0.960,
NGRIP,5360,1.051,
NGRIP,5370,1.139,
NGRIP,5380,1.215,
NGRIP,5390,1.280,
NGRIP,5400,1.339,
NGRIP,5410,1.397,
NGRIP,5420,1.456,
NGRIP,5430,1.515,
NGRIP,5440,1.566,
NGRIP,5450,1.605,
NGRIP,5460,1.626,
NGRIP,5470,1.617,
NGRIP,5480,1.574,
NGRIP,5490,1.508,
NGRIP,5500,1.445,
NGRIP,5510,1.401,
NGRIP,5520,1.371,
NGRIP,5530,1.332,
NGRIP,5540,1.269,
NGRIP,5550,1.182,
NGRIP,5560,1.087,
NGRIP,5570,1.002,
NGRIP,5580,0.937,
NGRIP,5590,0.898,
NGRIP,5600,0.878,
NGRIP,5610,0.867,
NGRIP,5620,0.854,
NGRIP,5630,0.840,
NGRIP,5640,0.829,
NGRIP,5650,0.829,
NGRIP,5660,0.851,
NGRIP,5670,1.318,
NGRIP,5680,1.396,
NGRIP,5690,1.479,
NGRIP,5700,1.543,
NGRIP,5710,1.583,
NGRIP,5720,1.606,
NGRIP,5730,1.631,
NGRIP,5740,1.670,
NGRIP,5750,1.726,
NGRIP,5760,1.796,
NGRIP,5770,1.876,
NGRIP,5780,1.955,
NGRIP,5790,2.021,
NGRIP,5800,2.064,
NGRIP,5810,2.085,
NGRIP,5820,2.094,
NGRIP,5830,2.098,
NGRIP,5840,2.099,
NGRIP,5850,2.087,
NGRIP,5860,2.048,
NGRIP,5870,1.972,
NGRIP,5880,1.860,
NGRIP,5890,1.725,
NGRIP,5900,1.585,
NGRIP,5910,1.456,
NGRIP,5920,1.342,
NGRIP,5930,1.249,
NGRIP,5940,1.184,
NGRIP,5950,1.147,
NGRIP,5960,1.128,
NGRIP,5970,1.118,
NGRIP,5980,1.116,
NGRIP,5990,1.130,
NGRIP,6000,1.164,
NGRIP,6010,1.219,
NGRIP,6020,1.293,
NGRIP,6030,1.378,
NGRIP,6040,1.462,
NGRIP,6050,1.536,
NGRIP,6060,1.598,
NGRIP,6070,1.648,
NGRIP,6080,1.686,
NGRIP,6090,1.713,
NGRIP,6100,1.732,
NGRIP,6110,1.745,
NGRIP,6120,1.743,
NGRIP,6130,1.716,
NGRIP,6140,1.669,
NGRIP,6150,1.613,
NGRIP,6160,1.557,
NGRIP,6170,1.512,
NGRIP,6180,1.486,
NGRIP,6190,1.482,
NGRIP,6200,1.492,
NGRIP,6210,1.504,
NGRIP,6220,1.512,
NGRIP,6230,1.511,
NGRIP,6240,1.503,
NGRIP,6250,1.497,
NGRIP,6260,1.506,
NGRIP,6270,1.537,
NGRIP,6280,1.583,
NGRIP,6290,1.642,
NGRIP,6300,1.715,
NGRIP,6310,1.800,
NGRIP,6320,1.879,
NGRIP,6330,1.936,
NGRIP,6340,1.979,
NGRIP,6350,2.023,
NGRIP,6360,2.076,
NGRIP,6370,2.136,
NGRIP,6380,2.193,
NGRIP,6390,2.232,
NGRIP,6400,2.237,
NGRIP,6410,2.200,
NGRIP,6420,2.124,
NGRIP,6430,2.026,
NGRIP,6440,1.917,
NGRIP,6450,1.809,
NGRIP,6460,1.715,
NGRIP,6470,1.648,
NGRIP,6480,1.611,
NGRIP,6490,1.594,
NGRIP,6500,1.589,
NGRIP,6510,1.595,
NGRIP,6520,1.616,
NGRIP,6530,1.653,
NGRIP,6540,1.703,
NGRIP,6550,1.765,
NGRIP,6560,1.836,
NGRIP,6570,1.912,
NGRIP,6580,1.985,
NGRIP,6590,2.048,
NGRIP,6600,2.092,
NGRIP,6610,2.117,
NGRIP,6620,2.124,
NGRIP,6630,2.119,
NGRIP,6640,2.105,
NGRIP,6650,2.081,
NGRIP,6660,2.045,
NGRIP,6670,2.003,
NGRIP,6680,1.962,
NGRIP,6690,1.931,
NGRIP,6700,1.915,
NGRIP,6710,1.913,
NGRIP,6720,1.916,
NGRIP,6730,1.919,
NGRIP,6740,1.919,
NGRIP,6750,1.919,
NGRIP,6760,1.920,
NGRIP,6770,1.922,
NGRIP,6780,1.929,
NGRIP,6790,1.946,
NGRIP,6800,1.976,
NGRIP,6810,2.010,
NGRIP,6820,2.033,
NGRIP,6830,2.027,
NGRIP,6840,1.993,
NGRIP,6850,1.941,
NGRIP,6860,1.889,
NGRIP,6870,1.851,
NGRIP,6880,1.834,
NGRIP,6890,1.831,
NGRIP,6900,1.831,
NGRIP,6910,1.819,
NGRIP,6920,1.792,
NGRIP,6930,1.749,
NGRIP,6940,1.698,
NGRIP,6950,1.656,
NGRIP,6960,1.635,
NGRIP,6970,1.635,
NGRIP,6980,1.645,
NGRIP,6990,1.647,
NGRIP,7000,1.633,
NGRIP,7010,1.610,
NGRIP,7020,1.589,
NGRIP,7030,1.570,
NGRIP,7040,1.553,
NGRIP,7050,1.535,
NGRIP,7060,1.513,
NGRIP,7070,1.486,
NGRIP,7080,1.456,
NGRIP,7090,1.425,
NGRIP,7100,1.397,
NGRIP,7110,1.377,
NGRIP,7120,1.373,
NGRIP,7130,1.391,
NGRIP,7140,1.430,
NGRIP,7150,1.480,
NGRIP,7160,1.529,
NGRIP,7170,1.572,
NGRIP,7180,1.606,
NGRIP,7190,1.628,
NGRIP,7200,1.634,
NGRIP,7210,1.632,
NGRIP,7220,1.633,
NGRIP,7230,1.644,
NGRIP,7240,1.660,
NGRIP,7250,1.676,
NGRIP,7260,1.689,
NGRIP,7270,1.701,
NGRIP,7280,1.717,
NGRIP,7290,1.743,
NGRIP,7300,1.788,
NGRIP,7310,1.851,
NGRIP,7320,1.920,
NGRIP,7330,1.988,
NGRIP,7340,2.054,
NGRIP,7350,2.125,
NGRIP,7360,2.205,
NGRIP,7370,2.284,
NGRIP,7380,2.348,
NGRIP,7390,2.384,
NGRIP,7400,2.387,
NGRIP,7410,2.357,
NGRIP,7420,2.303,
NGRIP,7430,2.243,
NGRIP,7440,2.190,
NGRIP,7450,2.148,
NGRIP,7460,2.113,
NGRIP,7470,2.084,
NGRIP,7480,2.065,
NGRIP,7490,2.064,
NGRIP,7500,2.084,
NGRIP,7510,2.125,
NGRIP,7520,2.185,
NGRIP,7530,2.266,
NGRIP,7540,2.368,
NGRIP,7550,2.486,
NGRIP,7560,2.609,
NGRIP,7570,2.722,
NGRIP,7580,2.809,
NGRIP,7590,2.858,
NGRIP,7600,2.875,
NGRIP,7610,2.874,
NGRIP,7620,2.862,
NGRIP,7630,2.840,
NGRIP,7640,2.810,
NGRIP,7650,2.779,
NGRIP,7660,2.750,
NGRIP,7670,2.726,
NGRIP,7680,2.706,
NGRIP,7690,2.696,
NGRIP,7700,2.706,
NGRIP,7710,2.742,
NGRIP,7720,2.797,
NGRIP,7730,2.852,
NGRIP,7740,2.892,
NGRIP,7750,2.909,
NGRIP,7760,2.904,
NGRIP,7770,2.879,
NGRIP,7780,2.837,
NGRIP,7790,2.776,
NGRIP,7800,2.691,
NGRIP,7810,2.579,
NGRIP,7820,2.445,
NGRIP,7830,2.299,
NGRIP,7840,2.159,
NGRIP,7850,2.054,
NGRIP,7860,2.009,
NGRIP,7870,2.030,
NGRIP,7880,2.106,
NGRIP,7890,2.214,
NGRIP,7900,2.335,
NGRIP,7910,2.453,
NGRIP,7920,2.554,
NGRIP,7930,2.626,
NGRIP,7940,2.665,
NGRIP,7950,2.674,
NGRIP,7960,2.663,
NGRIP,7970,2.635,
NGRIP,7980,2.593,
NGRIP,7990,2.537,
NGRIP,8000,2.460,
NGRIP,8010,2.352,
NGRIP,8020,2.210,
NGRIP,8030,2.041,
NGRIP,8040,1.848,
NGRIP,8050,1.638,
NGRIP,8060,1.416,
NGRIP,8070,1.180,
NGRIP,8080,0.929,
NGRIP,8090,0.656,
NGRIP,8100,0.354,
NGRIP,8110,0.033,
NGRIP,8120,-0.278,
NGRIP,8130,-0.547,
NGRIP,8140,-0.755,
NGRIP,8150,-0.885,
NGRIP,8160,-0.921,
NGRIP,8170,-0.865,
NGRIP,8180,-0.735,
NGRIP,8190,-0.556,
NGRIP,8200,-0.344,
NGRIP,8210,-0.116,
NGRIP,8220,0.116,
NGRIP,8230,0.343,
NGRIP,8240,0.557,
NGRIP,8250,0.752,
NGRIP,8260,0.915,
NGRIP,8270,1.034,
NGRIP,8280,1.110,
NGRIP,8290,1.152,
NGRIP,8300,1.172,
NGRIP,8310,1.169,
NGRIP,8320,1.145,
NGRIP,8330,1.112,
NGRIP,8340,1.084,
NGRIP,8350,1.068,
NGRIP,8360,1.067,
NGRIP,8370,1.076,
NGRIP,8380,1.091,
NGRIP,8390,1.104,
NGRIP,8400,1.111,
NGRIP,8410,1.114,
NGRIP,8420,1.114,
NGRIP,8430,1.112,
NGRIP,8440,1.110,
NGRIP,8450,1.114,
NGRIP,8460,1.127,
NGRIP,8470,1.147,
NGRIP,8480,1.169,
NGRIP,8490,1.179,
NGRIP,8500,1.163,
NGRIP,8510,1.119,
NGRIP,8520,1.049,
NGRIP,8530,0.957,
NGRIP,8540,0.855,
NGRIP,8550,0.759,
NGRIP,8560,0.679,
NGRIP,8570,0.617,
NGRIP,8580,0.565,
NGRIP,8590,0.520,
NGRIP,8600,0.480,
NGRIP,8610,0.436,
NGRIP,8620,0.394,
NGRIP,8630,0.369,
NGRIP,8640,0.375,
NGRIP,8650,0.402,
NGRIP,8660,0.421,
NGRIP,8670,0.407,
NGRIP,8680,0.358,
NGRIP,8690,0.288,
NGRIP,8700,0.211,
NGRIP,8710,0.140,
NGRIP,8720,0.088,
NGRIP,8730,0.065,
NGRIP,8740,0.069,
NGRIP,8750,0.100,
NGRIP,8760,0.160,
NGRIP,8770,0.247,
NGRIP,8780,0.350,
NGRIP,8790,0.454,
NGRIP,8800,0.554,
NGRIP,8810,0.642,
NGRIP,8820,0.704,
NGRIP,8830,0.731,
NGRIP,8840,0.733,
NGRIP,8850,0.712,
NGRIP,8860,0.663,
NGRIP,8870,0.570,
NGRIP,8880,0.422,
NGRIP,8890,0.230,
NGRIP,8900,0.024,
NGRIP,8910,-0.167,
NGRIP,8920,-0.324,
NGRIP,8930,-0.442,
NGRIP,8940,-0.528,
NGRIP,8950,-0.595,
NGRIP,8960,-0.653,
NGRIP,8970,-0.695,
NGRIP,8980,-0.706,
NGRIP,8990,-0.672,
NGRIP,9000,-0.590,
NGRIP,9010,-0.473,
NGRIP,9020,-0.348,
NGRIP,9030,-0.243,
NGRIP,9040,-0.178,
NGRIP,9050,-0.157,
NGRIP,9060,-0.178,
NGRIP,9070,-0.242,
NGRIP,9080,-0.349,
NGRIP,9090,-0.498,
NGRIP,9100,-0.689,
NGRIP,9110,-0.924,
NGRIP,9120,-1.194,
NGRIP,9130,-1.481,
NGRIP,9140,-1.756,
NGRIP,9150,-1.994,
NGRIP,9160,-2.179,
NGRIP,9170,-2.305,
NGRIP,9180,-0.873,
NGRIP,9190,-0.882,
NGRIP,9200,-0.835,
NGRIP,9210,-0.738,
NGRIP,9220,-0.598,
NGRIP,9230,-0.428,
NGRIP,9240,-0.244,
NGRIP,9250,-0.067,
NGRIP,9260,0.085,
NGRIP,9270,0.196,
NGRIP,9280,0.254,
NGRIP,9290,0.261,
NGRIP,9300,0.229,
NGRIP,9310,0.173,
NGRIP,9320,0.109,
NGRIP,9330,0.046,
NGRIP,9340,-0.010,
NGRIP,9350,-0.057,
NGRIP,9360,-0.090,
NGRIP,9370,-0.109,
NGRIP,9380,-0.115,
NGRIP,9390,-0.115,
NGRIP,9400,-0.113,
NGRIP,9410,-0.112,
NGRIP,9420,-0.116,
NGRIP,9430,-0.127,
NGRIP,9440,-0.147,
NGRIP,9450,-0.174,
NGRIP,9460,-0.207,
NGRIP,9470,-0.245,
NGRIP,9480,-0.286,
NGRIP,9490,-0.329,
NGRIP,9500,-0.368,
NGRIP,9510,-0.400,
NGRIP,9520,-0.422,
NGRIP,9530,-0.425,
NGRIP,9540,-0.404,
NGRIP,9550,-0.366,
NGRIP,9560,-0.325,
NGRIP,9570,-0.292,
NGRIP,9580,-0.271,
NGRIP,9590,-0.260,
NGRIP,9600,-0.250,
NGRIP,9610,-0.232,
NGRIP,9620,-0.211,
NGRIP,9630,-0.199,
NGRIP,9640,-0.213,
NGRIP,9650,-0.264,
NGRIP,9660,-0.354,
NGRIP,9670,-0.472,
NGRIP,9680,-0.601,
NGRIP,9690,-0.718,
NGRIP,9700,-0.813,
NGRIP,9710,-0.889,
NGRIP,9720,-0.962,
NGRIP,9730,-1.045,
NGRIP,9740,-1.138,
NGRIP,9750,-1.232,
NGRIP,9760,-1.316,
NGRIP,9770,-1.380,
NGRIP,9780,-1.416,
NGRIP,9790,-1.424,
NGRIP,9800,-1.418,
NGRIP,9810,-1.415,
NGRIP,9820,-1.427,
NGRIP,9830,-1.453,
NGRIP,9840,-1.490,
NGRIP,9850,-1.533,
NGRIP,9860,-1.581,
NGRIP,9870,-1.639,
NGRIP,9880,-1.711,
NGRIP,9890,-1.796,
NGRIP,9900,-1.889,
NGRIP,9910,-1.984,
NGRIP,9920,-2.078,
NGRIP,9930,-2.175,
NGRIP,9940,-2.281,
NGRIP,9950,-2.388,
NGRIP,9960,-2.480,
NGRIP,9970,-2.543,
NGRIP,9980,-2.572,
NGRIP,9990,-2.568,
NGRIP,10000,-2.531,
NGRIP,10010,-1.436,
NGRIP,10020,-1.401,
NGRIP,10030,-1.403,
NGRIP,10040,-1.449,
NGRIP,10050,-1.536,
NGRIP,10060,-1.661,
NGRIP,10070,-1.826,
NGRIP,10080,-2.029,
NGRIP,10090,-2.266,
NGRIP,10100,-2.526,
NGRIP,10110,-2.799,
NGRIP,10120,-3.060,
NGRIP,10130,-3.282,
NGRIP,10140,-3.439,
NGRIP,10150,-3.534,
NGRIP,10160,-3.582,
NGRIP,10170,-3.599,
NGRIP,10180,-3.602,
NGRIP,10190,-3.602,
NGRIP,10200,-3.602,
NGRIP,10210,-3.593,
NGRIP,10220,-3.574,
NGRIP,10230,-3.558,
NGRIP,10240,-3.558,
NGRIP,10250,-3.578,
NGRIP,10260,-3.615,
NGRIP,10270,-3.654,
NGRIP,10280,-3.685,
NGRIP,10290,-3.702,
NGRIP,10300,-3.695,
NGRIP,10310,-3.651,
NGRIP,10320,-3.570,
NGRIP,10330,-3.468,
NGRIP,10340,-3.359,
NGRIP,10350,-3.254,
NGRIP,10360,-3.163,
NGRIP,10370,-3.092,
NGRIP,10380,-3.043,
NGRIP,10390,-3.012,
NGRIP,10400,-2.996,
NGRIP,10410,-2.998,
NGRIP,10420,-3.016,
NGRIP,10430,-3.048,
NGRIP,10440,-3.092,
NGRIP,10450,-3.146,
NGRIP,10460,-3.205,
NGRIP,10470,-3.255,
NGRIP,10480,-3.279,
NGRIP,10490,-3.272,
NGRIP,10500,-3.246,
NGRIP,10510,-3.216,
NGRIP,10520,-3.198,
NGRIP,10530,-3.196,
NGRIP,10540,-3.206,
NGRIP,10550,-3.216,
NGRIP,10560,-3.222,
NGRIP,10570,-3.233,
NGRIP,10580,-3.265,
NGRIP,10590,-3.329,
NGRIP,10600,-3.417,
NGRIP,10610,-3.519,
NGRIP,10620,-3.629,
NGRIP,10630,-3.731,
NGRIP,10640,-3.810,
NGRIP,10650,-3.873,
NGRIP,10660,-3.943,
NGRIP,10670,-4.047,
NGRIP,10680,-4.197,
NGRIP,10690,-4.392,
NGRIP,10700,-4.615,
NGRIP,10710,-4.845,
NGRIP,10720,-5.061,
NGRIP,10730,-5.260,
NGRIP,10740,-5.451,
NGRIP,10750,-5.653,
NGRIP,10760,-5.867,
NGRIP,10770,-6.069,
NGRIP,10780,-6.226,
NGRIP,10790,-6.322,
NGRIP,10800,-6.349,
NGRIP,10810,-6.301,
NGRIP,10820,-6.187,
NGRIP,10830,-6.037,
NGRIP,10840,-5.880,
NGRIP,10850,-5.734,
NGRIP,10860,-5.605,
NGRIP,10870,-5.491,
NGRIP,10880,-5.389,
NGRIP,10890,-5.293,
NGRIP,10900,-5.198,
NGRIP,10910,-5.108,
NGRIP,10920,-5.032,
NGRIP,10930,-4.985,
NGRIP,10940,-4.968,
NGRIP,10950,-4.969,
NGRIP,10960,-4.983,
NGRIP,10970,-5.009,
NGRIP,10980,-5.044,
NGRIP,10990,-5.085,
NGRIP,11000,-5.135,
NGRIP,11010,-5.202,
NGRIP,11020,-5.291,
NGRIP,11030,-5.393,
NGRIP,11040,-5.489,
NGRIP,11050,-5.556,
NGRIP,11060,-5.575,
NGRIP,11070,-5.541,
NGRIP,11080,-5.464,
NGRIP,11090,-5.369,
NGRIP,11100,-5.284,
NGRIP,11110,-5.218,
NGRIP,11120,-5.157,
NGRIP,11130,-5.082,
NGRIP,11140,-4.994,
NGRIP,11150,-4.907,
NGRIP,11160,-4.851,
NGRIP,11170,-4.851,
NGRIP,11180,-4.926,
NGRIP,11190,-5.072,
NGRIP,11200,-5.260,
NGRIP,11210,-5.456,
NGRIP,11220,-5.644,
NGRIP,11230,-5.828,
NGRIP,11240,-6.021,
NGRIP,11250,-6.236,
NGRIP,11260,-6.489,
NGRIP,11270,-6.778,
NGRIP,11280,-7.075,
NGRIP,11290,-7.333,
NGRIP,11300,-7.519,
NGRIP,11310,-7.629,
NGRIP,11320,-7.670,
NGRIP,11330,-7.646,
NGRIP,11340,-7.556,
NGRIP,11350,-7.395,
NGRIP,11360,-7.157,
NGRIP,11370,-6.846,
NGRIP,11380,-6.476,
NGRIP,11390,-6.074,
NGRIP,11400,-5.670,
NGRIP,11410,-5.277,
NGRIP,11420,-4.904,
NGRIP,11430,-4.560,
NGRIP,11440,-4.257,
NGRIP,11450,-3.999,
NGRIP,11460,-3.799,
NGRIP,11470,-3.687,
NGRIP,11480,-5.197,
NGRIP,11490,-5.345,
NGRIP,11500,-5.628,
NGRIP,11510,-6.034,
NGRIP,11520,-6.549,
NGRIP,11530,-7.157,
NGRIP,11540,-7.847,
NGRIP,11550,-8.605,
NGRIP,11560,-9.418,
NGRIP,11570,-10.259,
NGRIP,11580,-11.093,
NGRIP,11590,-11.881,
NGRIP,11600,-12.587,
NGRIP,11610,-13.184,
NGRIP,11620,-13.658,
NGRIP,11630,-14.017,
NGRIP,11640,-14.281,
NGRIP,11650,-14.467,
NGRIP,11660,-14.580,
NGRIP,11670,-14.621,
NGRIP,11680,-14.599,
NGRIP,11690,-14.534,
NGRIP,11700,-14.458,
NGRIP,11710,-14.392,
NGRIP,11720,-14.350,
NGRIP,11730,-14.343,
NGRIP,11740,-14.368,
NGRIP,11750,-14.417,
NGRIP,11760,-14.471,
NGRIP,11770,-14.525,
NGRIP,11780,-14.583,
NGRIP,11790,-14.660,
NGRIP,11800,-14.761,
NGRIP,11810,-14.876,
NGRIP,11820,-14.973,
NGRIP,11830,-15.019,
NGRIP,11840,-14.997,
NGRIP,11850,-14.911,
NGRIP,11860,-14.777,
NGRIP,11870,-14.618,
NGRIP,11880,-14.452,
NGRIP,11890,-14.294,
NGRIP,11900,-14.159,
NGRIP,11910,-14.065,
NGRIP,11920,-14.020,
NGRIP,11930,-14.026,
NGRIP,11940,-14.084,
NGRIP,11950,-14.192,
NGRIP,11960,-14.345,
NGRIP,11970,-14.540,
NGRIP,11980,-14.766,
NGRIP,11990,-15.007,
NGRIP,12000,-15.238,
NGRIP,12010,-15.427,
NGRIP,12020,-15.554,
NGRIP,12030,-15.613,
NGRIP,12040,-15.621,
NGRIP,12050,-15.600,
NGRIP,12060,-15.567,
NGRIP,12070,-15.525,
NGRIP,12080,-15.471,
NGRIP,12090,-15.401,
NGRIP,12100,-15.317,
NGRIP,12110,-15.229,
NGRIP,12120,-15.152,
NGRIP,12130,-15.100,
NGRIP,12140,-15.088,
NGRIP,12150,-15.118,
NGRIP,12160,-15.183,
NGRIP,12170,-15.266,
NGRIP,12180,-15.350,
NGRIP,12190,-15.431,
NGRIP,12200,-15.515,
NGRIP,12210,-15.608,
NGRIP,12220,-15.705,
NGRIP,12230,-15.791,
NGRIP,12240,-15.854,
NGRIP,12250,-15.890,
NGRIP,12260,-15.900,
NGRIP,12270,-15.891,
NGRIP,12280,-15.868,
NGRIP,12290,-15.834,
NGRIP,12300,-15.789,
NGRIP,12310,-15.729,
NGRIP,12320,-15.656,
NGRIP,12330,-15.582,
NGRIP,12340,-15.529,
NGRIP,12350,-15.514,
NGRIP,12360,-15.538,
NGRIP,12370,-15.583,
NGRIP,12380,-15.629,
NGRIP,12390,-15.659,
NGRIP,12400,-15.671,
NGRIP,12410,-15.676,
NGRIP,12420,-15.684,
NGRIP,12430,-15.705,
NGRIP,12440,-15.745,
NGRIP,12450,-15.811,
NGRIP,12460,-15.911,
NGRIP,12470,-16.043,
NGRIP,12480,-16.193,
NGRIP,12490,-16.346,
NGRIP,12500,-16.502,
NGRIP,12510,-16.663,
NGRIP,12520,-16.830,
NGRIP,12530,-16.991,
NGRIP,12540,-17.139,
NGRIP,12550,-17.268,
NGRIP,12560,-17.376,
NGRIP,12570,-17.463,
NGRIP,12580,-17.527,
NGRIP,12590,-17.564,
NGRIP,12600,-17.566,
NGRIP,12610,-17.529,
NGRIP,12620,-17.451,
NGRIP,12630,-17.333,
NGRIP,12640,-17.172,
NGRIP,12650,-16.961,
NGRIP,12660,-16.700,
NGRIP,12670,-16.394,
NGRIP,12680,-16.049,
NGRIP,12690,-15.660,
NGRIP,12700,-15.221,
NGRIP,12710,-14.733,
NGRIP,12720,-14.214,
NGRIP,12730,-13.690,
NGRIP,12740,-13.189,
NGRIP,12750,-12.736,
NGRIP,12760,-12.344,
NGRIP,12770,-12.004,
NGRIP,12780,-11.693,
NGRIP,12790,-11.381,
NGRIP,12800,-11.055,
NGRIP,12810,-10.724,
NGRIP,12820,-10.408,
NGRIP,12830,-10.129,
NGRIP,12840,-9.900,
NGRIP,12850,-9.722,
NGRIP,12860,-9.591,
NGRIP,12870,-9.500,
NGRIP,12880,-9.443,
NGRIP,12890,-9.423,
NGRIP,12900,-9.444,
NGRIP,12910,-9.517,
NGRIP,12920,-9.645,
NGRIP,12930,-9.822,
NGRIP,12940,-10.033,
NGRIP,12950,-10.260,
NGRIP,12960,-10.490,
NGRIP,12970,-10.714,
NGRIP,12980,-10.927,
NGRIP,12990,-11.131,
NGRIP,13000,-11.328,
NGRIP,13010,-11.514,
NGRIP,13020,-11.685,
NGRIP,13030,-11.840,
NGRIP,13040,-11.981,
NGRIP,13050,-12.108,
NGRIP,13060,-12.215,
NGRIP,13070,-12.301,
NGRIP,13080,-12.361,
NGRIP,13090,-12.389,
NGRIP,13100,-12.373,
NGRIP,13110,-12.301,
NGRIP,13120,-12.167,
NGRIP,13130,-11.979,
NGRIP,13140,-11.747,
NGRIP,13150,-11.488,
NGRIP,13160,-11.219,
NGRIP,13170,-10.956,
NGRIP,13180,-10.706,
NGRIP,13190,-10.462,
NGRIP,13200,-10.220,
NGRIP,13210,-9.983,
NGRIP,13220,-9.757,
NGRIP,13230,-9.552,
NGRIP,13240,-9.377,
NGRIP,13250,-9.235,
NGRIP,13260,-9.121,
NGRIP,13270,-9.019,
NGRIP,13280,-8.920,
NGRIP,13290,-8.823,
NGRIP,13300,-8.730,
NGRIP,13310,-8.644,
NGRIP,13320,-8.569,
NGRIP,13330,-8.502,
NGRIP,13340,-8.440,
NGRIP,13350,-8.379,
NGRIP,13360,-8.316,
NGRIP,13370,-8.253,
NGRIP,13380,-8.197,
NGRIP,13390,-8.159,
NGRIP,13400,-8.151,
NGRIP,13410,-8.187,
NGRIP,13420,-8.271,
NGRIP,13430,-8.403,
NGRIP,13440,-8.580,
NGRIP,13450,-8.796,
NGRIP,13460,-9.042,
NGRIP,13470,-9.302,
NGRIP,13480,-9.560,
NGRIP,13490,-9.793,
NGRIP,13500,-9.983,
NGRIP,13510,-10.115,
NGRIP,13520,-10.180,
NGRIP,13530,-10.172,
NGRIP,13540,-10.082,
NGRIP,13550,-9.915,
NGRIP,13560,-9.688,
NGRIP,13570,-9.431,
NGRIP,13580,-9.175,
NGRIP,13590,-8.947,
NGRIP,13600,-8.759,
NGRIP,13610,-8.611,
NGRIP,13620,-8.499,
NGRIP,13630,-8.421,
NGRIP,13640,-8.370,
NGRIP,13650,-8.338,
NGRIP,13660,-8.318,
NGRIP,13670,-8.304,
NGRIP,13680,-8.291,
NGRIP,13690,-8.275,
NGRIP,13700,-8.246,
NGRIP,13710,-8.197,
NGRIP,13720,-8.135,
NGRIP,13730,-8.073,
NGRIP,13740,-8.027,
NGRIP,13750,-8.017,
NGRIP,13760,-8.058,
NGRIP,13770,-8.158,
NGRIP,13780,-8.315,
NGRIP,13790,-8.527,
NGRIP,13800,-8.794,
NGRIP,13810,-9.113,
NGRIP,13820,-9.467,
NGRIP,13830,-9.841,
NGRIP,13840,-10.218,
NGRIP,13850,-10.582,
NGRIP,13860,-10.909,
NGRIP,13870,-11.163,
NGRIP,13880,-11.311,
NGRIP,13890,-11.338,
NGRIP,13900,-11.246,
NGRIP,13910,-11.047,
NGRIP,13920,-10.764,
NGRIP,13930,-10.429,
NGRIP,13940,-10.066,
NGRIP,13950,-9.684,
NGRIP,13960,-9.289,
NGRIP,13970,-8.895,
NGRIP,13980,-8.517,
NGRIP,13990,-8.173,
NGRIP,14000,-7.878,
NGRIP,14010,-7.647,
NGRIP,14020,-7.489,
NGRIP,14030,-7.392,
NGRIP,14040,-7.331,
NGRIP,14050,-7.276,
NGRIP,14060,-7.209,
NGRIP,14070,-7.119,
NGRIP,14080,-7.009,
NGRIP,14090,-6.885,
NGRIP,14100,-6.766,
NGRIP,14110,-6.664,
NGRIP,14120,-6.578,
NGRIP,14130,-6.499,
NGRIP,14140,-6.419,
NGRIP,14150,-6.333,
NGRIP,14160,-6.242,
NGRIP,14170,-6.147,
NGRIP,14180,-6.055,
NGRIP,14190,-5.979,
NGRIP,14200,-5.926,
NGRIP,14210,-5.900,
NGRIP,14220,-5.895,
NGRIP,14230,-5.904,
NGRIP,14240,-5.915,
NGRIP,14250,-5.921,
NGRIP,14260,-5.918,
NGRIP,14270,-5.904,
NGRIP,14280,-5.881,
NGRIP,14290,-5.849,
NGRIP,14300,-5.807,
NGRIP,14310,-5.754,
NGRIP,14320,-5.688,
NGRIP,14330,-5.606,
NGRIP,14340,-5.504,
NGRIP,14350,-5.385,
NGRIP,14360,-5.267,
NGRIP,14370,-5.163,
NGRIP,14380,-5.075,
NGRIP,14390,-5.004,
NGRIP,14400,-4.953,
NGRIP,14410,-4.930,
NGRIP,14420,-4.946,
NGRIP,14430,-5.009,
NGRIP,14440,-5.122,
NGRIP,14450,-5.280,
NGRIP,14460,-5.479,
NGRIP,14470,-5.716,
NGRIP,14480,-6.002,
NGRIP,14490,-6.357,
NGRIP,14500,-6.807,
NGRIP,14510,-7.372,
NGRIP,14520,-8.056,
NGRIP,14530,-8.844,
NGRIP,14540,-9.704,
NGRIP,14550,-10.588,
NGRIP,14560,-11.453,
NGRIP,14570,-12.274,
NGRIP,14580,-13.037,
NGRIP,14590,-13.729,
NGRIP,14600,-14.331,
NGRIP,14610,-14.825,
NGRIP,14620,-15.200,
NGRIP,14630,-15.456,
NGRIP,14640,-15.609,
NGRIP,14650,-15.684,
NGRIP,14660,-15.704,
NGRIP,14670,-15.697,
NGRIP,14680,-15.683,
NGRIP,14690,-15.676,
NGRIP,14700,-15.681,
NGRIP,14710,-15.702,
NGRIP,14720,-15.743,
NGRIP,14730,-15.808,
NGRIP,14740,-15.896,
NGRIP,14750,-15.998,
NGRIP,14760,-16.099,
NGRIP,14770,-16.181,
NGRIP,14780,-16.237,
NGRIP,14790,-16.275,
NGRIP,14800,-16.321,
NGRIP,14810,-16.403,
NGRIP,14820,-16.534,
NGRIP,14830,-16.705,
NGRIP,14840,-16.896,
NGRIP,14850,-17.086,
NGRIP,14860,-17.260,
NGRIP,14870,-17.407,
NGRIP,14880,-17.518,
NGRIP,14890,-17.595,
NGRIP,14900,-17.654,
NGRIP,14910,-17.717,
NGRIP,14920,-17.792,
NGRIP,14930,-17.870,
NGRIP,14940,-17.921,
NGRIP,14950,-17.926,
NGRIP,14960,-17.886,
NGRIP,14970,-17.826,
NGRIP,14980,-17.777,
NGRIP,14990,-17.765,
NGRIP,15000,-17.792,
NGRIP,15010,-17.840,
NGRIP,15020,-17.887,
NGRIP,15030,-17.920,
NGRIP,15040,-17.943,
NGRIP,15050,-17.955,
NGRIP,15060,-17.959,
NGRIP,15070,-17.973,
NGRIP,15080,-18.032,
NGRIP,15090,-18.147,
NGRIP,15100,-18.293,
NGRIP,15110,-18.424,
NGRIP,15120,-18.505,
NGRIP,15130,-18.526,
NGRIP,15140,-18.499,
NGRIP,15150,-18.437,
NGRIP,15160,-18.346,
NGRIP,15170,-18.225,
NGRIP,15180,-18.066,
NGRIP,15190,-17.866,
NGRIP,15200,-17.635,
NGRIP,15210,-17.404,
NGRIP,15220,-17.203,
NGRIP,15230,-17.047,
NGRIP,15240,-16.949,
NGRIP,15250,-16.926,
NGRIP,15260,-16.976,
NGRIP,15270,-17.078,
NGRIP,15280,-17.203,
NGRIP,15290,-17.343,
NGRIP,15300,-17.502,
NGRIP,15310,-17.683,
NGRIP,15320,-17.871,
NGRIP,15330,-18.045,
NGRIP,15340,-18.194,
NGRIP,15350,-18.317,
NGRIP,15360,-18.421,
NGRIP,15370,-18.511,
NGRIP,15380,-18.594,
NGRIP,15390,-18.671,
NGRIP,15400,-18.734,
NGRIP,15410,-18.776,
NGRIP,15420,-18.796,
NGRIP,15430,-18.794,
NGRIP,15440,-18.766,
NGRIP,15450,-18.711,
NGRIP,15460,-18.636,
NGRIP,15470,-18.555,
NGRIP,15480,-18.481,
NGRIP,15490,-18.420,
NGRIP,15500,-18.386,
NGRIP,15510,-18.401,
NGRIP,15520,-18.481,
NGRIP,15530,-18.620,
NGRIP,15540,-18.801,
NGRIP,15550,-19.007,
NGRIP,15560,-19.222,
NGRIP,15570,-19.429,
NGRIP,15580,-19.602,
NGRIP,15590,-19.712,
NGRIP,15600,-19.739,
NGRIP,15610,-19.675,
NGRIP,15620,-19.529,
NGRIP,15630,-19.319,
NGRIP,15640,-19.068,
NGRIP,15650,-18.790,
NGRIP,15660,-18.498,
NGRIP,15670,-18.209,
NGRIP,15680,-17.954,
NGRIP,15690,-17.760,
NGRIP,15700,-17.641,
NGRIP,15710,-17.601,
NGRIP,15720,-17.631,
NGRIP,15730,-17.707,
NGRIP,15740,-17.796,
NGRIP,15750,-17.873,
NGRIP,15760,-17.926,
NGRIP,15770,-17.967,
NGRIP,15780,-18.011,
NGRIP,15790,-18.063,
NGRIP,15800,-18.117,
NGRIP,15810,-18.154,
NGRIP,15820,-18.165,
NGRIP,15830,-18.147,
NGRIP,15840,-18.113,
NGRIP,15850,-18.086,
NGRIP,15860,-18.084,
NGRIP,15870,-18.121,
NGRIP,15880,-18.200,
NGRIP,15890,-18.326,
NGRIP,15900,-18.496,
NGRIP,15910,-18.706,
NGRIP,15920,-18.936,
NGRIP,15930,-19.163,
NGRIP,15940,-19.362,
NGRIP,15950,-19.517,
NGRIP,15960,-19.634,
NGRIP,15970,-19.735,
NGRIP,15980,-19.835,
NGRIP,15990,-19.933,
NGRIP,16000,-20.010,
NGRIP,16010,-20.044,
NGRIP,16020,-20.022,
NGRIP,16030,-19.947,
NGRIP,16040,-19.835,
NGRIP,16050,-19.700,
NGRIP,16060,-19.557,
NGRIP,16070,-19.426,
NGRIP,16080,-19.318,
NGRIP,16090,-19.236,
NGRIP,16100,-19.163,
NGRIP,16110,-19.078,
NGRIP,16120,-18.969,
NGRIP,16130,-18.840,
NGRIP,16140,-18.708,
NGRIP,16150,-18.588,
NGRIP,16160,-18.487,
NGRIP,16170,-18.412,
NGRIP,16180,-18.370,
NGRIP,16190,-18.362,
NGRIP,16200,-18.379,
NGRIP,16210,-18.397,
NGRIP,16220,-18.397,
NGRIP,16230,-18.375,
NGRIP,16240,-18.355,
NGRIP,16250,-18.361,
NGRIP,16260,-18.396,
NGRIP,16270,-18.442,
NGRIP,16280,-18.473,
NGRIP,16290,-18.472,
NGRIP,16300,-18.443,
NGRIP,16310,-18.410,
NGRIP,16320,-18.398,
NGRIP,16330,-18.420,
NGRIP,16340,-18.470,
NGRIP,16350,-18.531,
NGRIP,16360,-18.575,
NGRIP,16370,-18.570,
NGRIP,16380,-18.489,
NGRIP,16390,-18.329,
NGRIP,16400,-18.113,
NGRIP,16410,-17.878,
NGRIP,16420,-17.657,
NGRIP,16430,-17.469,
NGRIP,16440,-17.322,
NGRIP,16450,-17.216,
NGRIP,16460,-17.145,
NGRIP,16470,-17.107,
NGRIP,16480,-17.104,
NGRIP,16490,-17.150,
NGRIP,16500,-17.259,
NGRIP,16510,-17.445,
NGRIP,16520,-17.704,
NGRIP,16530,-18.016,
NGRIP,16540,-18.339,
NGRIP,16550,-18.621,
NGRIP,16560,-18.825,
NGRIP,16570,-18.941,
NGRIP,16580,-18.987,
NGRIP,16590,-18.989,
NGRIP,16600,-18.970,
NGRIP,16610,-18.944,
NGRIP,16620,-18.914,
NGRIP,16630,-18.876,
NGRIP,16640,-18.820,
NGRIP,16650,-18.734,
NGRIP,16660,-18.612,
NGRIP,16670,-18.466,
NGRIP,16680,-18.318,
NGRIP,16690,-18.192,
NGRIP,16700,-18.103,
NGRIP,16710,-18.056,
NGRIP,16720,-18.040,
NGRIP,16730,-18.036,
NGRIP,16740,-18.019,
NGRIP,16750,-17.973,
NGRIP,16760,-17.890,
NGRIP,16770,-17.775,
NGRIP,16780,-17.647,
NGRIP,16790,-17.524,
NGRIP,16800,-17.416,
NGRIP,16810,-17.317,
NGRIP,16820,-17.207,
NGRIP,16830,-17.074,
NGRIP,16840,-16.921,
NGRIP,16850,-16.770,
NGRIP,16860,-16.648,
NGRIP,16870,-16.582,
NGRIP,16880,-16.591,
NGRIP,16890,-16.678,
NGRIP,16900,-16.832,
NGRIP,16910,-17.033,
NGRIP,16920,-17.267,
NGRIP,16930,-17.519,
NGRIP,16940,-17.778,
NGRIP,16950,-18.034,
NGRIP,16960,-18.277,
NGRIP,16970,-18.499,
NGRIP,16980,-18.688,
NGRIP,16990,-18.832,
NGRIP,17000,-18.923,
NGRIP,17010,-18.964,
NGRIP,17020,-18.962,
NGRIP,17030,-18.928,
NGRIP,17040,-18.867,
NGRIP,17050,-18.781,
NGRIP,17060,-18.668,
NGRIP,17070,-18.523,
NGRIP,17080,-18.347,
NGRIP,17090,-18.146,
NGRIP,17100,-17.933,
NGRIP,17110,-17.724,
NGRIP,17120,-17.542,
NGRIP,17130,-17.406,
NGRIP,17140,-17.317,
NGRIP,17150,-17.262,
NGRIP,17160,-17.217,
NGRIP,17170,-17.167,
NGRIP,17180,-17.115,
NGRIP,17190,-17.080,
NGRIP,17200,-17.077,
NGRIP,17210,-17.112,
NGRIP,17220,-17.179,
NGRIP,17230,-17.261,
NGRIP,17240,-17.338,
NGRIP,17250,-17.394,
NGRIP,17260,-17.419,
NGRIP,17270,-17.423,
NGRIP,17280,-17.429,
NGRIP,17290,-17.468,
NGRIP,17300,-17.558,
NGRIP,17310,-17.690,
NGRIP,17320,-17.830,
NGRIP,17330,-17.943,
NGRIP,17340,-18.008,
NGRIP,17350,-18.026,
NGRIP,17360,-18.013,
NGRIP,17370,-17.996,
NGRIP,17380,-17.996,
NGRIP,17390,-18.016,
NGRIP,17400,-18.045,
NGRIP,17410,-18.066,
NGRIP,17420,-18.066,
NGRIP,17430,-18.041,
NGRIP,17440,-18.001,
NGRIP,17450,-17.967,
NGRIP,17460,-17.964,
NGRIP,17470,-18.007,
NGRIP,17480,-18.101,
NGRIP,17490,-18.237,
NGRIP,17500,-18.404,
NGRIP,17510,-18.587,
NGRIP,17520,-18.779,
NGRIP,17530,-18.975,
NGRIP,17540,-19.170,
NGRIP,17550,-19.355,
NGRIP,17560,-19.519,
NGRIP,17570,-19.650,
NGRIP,17580,-19.737,
NGRIP,17590,-19.777,
NGRIP,17600,-19.764,
NGRIP,17610,-19.700,
NGRIP,17620,-19.587,
NGRIP,17630,-19.433,
NGRIP,17640,-19.243,
NGRIP,17650,-19.025,
NGRIP,17660,-18.783,
NGRIP,17670,-18.533,
NGRIP,17680,-18.295,
NGRIP,17690,-18.091,
NGRIP,17700,-17.936,
NGRIP,17710,-17.830,
NGRIP,17720,-17.756,
NGRIP,17730,-17.685,
NGRIP,17740,-17.595,
NGRIP,17750,-17.477,
NGRIP,17760,-17.342,
NGRIP,17770,-17.215,
NGRIP,17780,-17.119,
NGRIP,17790,-17.064,
NGRIP,17800,-17.039,
NGRIP,17810,-17.020,
NGRIP,17820,-16.982,
NGRIP,17830,-16.920,
NGRIP,17840,-16.843,
NGRIP,17850,-16.775,
NGRIP,17860,-16.735,
NGRIP,17870,-16.742,
NGRIP,17880,-16.789,
NGRIP,17890,-16.858,
NGRIP,17900,-16.921,
NGRIP,17910,-16.962,
NGRIP,17920,-16.976,
NGRIP,17930,-16.965,
NGRIP,17940,-16.934,
NGRIP,17950,-16.875,
NGRIP,17960,-16.774,
NGRIP,17970,-16.614,
NGRIP,17980,-16.386,
NGRIP,17990,-16.108,
NGRIP,18000,-15.815,
NGRIP,18010,-15.552,
NGRIP,18020,-15.357,
NGRIP,18030,-15.250,
NGRIP,18040,-15.232,
NGRIP,18050,-15.292,
NGRIP,18060,-15.413,
NGRIP,18070,-15.571,
NGRIP,18080,-15.747,
NGRIP,18090,-15.924,
NGRIP,18100,-16.093,
NGRIP,18110,-16.250,
NGRIP,18120,-16.391,
NGRIP,18130,-16.508,
NGRIP,18140,-16.586,
NGRIP,18150,-16.613,
NGRIP,18160,-16.593,
NGRIP,18170,-16.544,
NGRIP,18180,-16.491,
NGRIP,18190,-16.453,
NGRIP,18200,-16.444,
NGRIP,18210,-16.470,
NGRIP,18220,-16.529,
NGRIP,18230,-16.608,
NGRIP,18240,-16.689,
NGRIP,18250,-16.753,
NGRIP,18260,-16.786,
NGRIP,18270,-16.772,
NGRIP,18280,-16.710,
NGRIP,18290,-16.611,
NGRIP,18300,-16.500,
NGRIP,18310,-16.393,
NGRIP,18320,-16.297,
NGRIP,18330,-16.218,
NGRIP,18340,-16.160,
NGRIP,18350,-16.126,
NGRIP,18360,-16.113,
NGRIP,18370,-16.117,
NGRIP,18380,-16.131,
NGRIP,18390,-16.143,
NGRIP,18400,-16.138,
NGRIP,18410,-16.099,
NGRIP,18420,-16.014,
NGRIP,18430,-15.879,
NGRIP,18440,-15.701,
NGRIP,18450,-15.501,
NGRIP,18460,-15.303,
NGRIP,18470,-15.131,
NGRIP,18480,-14.995,
NGRIP,18490,-14.899,
NGRIP,18500,-14.845,
NGRIP,18510,-14.834,
NGRIP,18520,-14.874,
NGRIP,18530,-14.974,
NGRIP,18540,-15.141,
NGRIP,18550,-15.363,
NGRIP,18560,-15.611,
NGRIP,18570,-15.848,
NGRIP,18580,-16.037,
NGRIP,18590,-16.164,
NGRIP,18600,-16.236,
NGRIP,18610,-16.276,
NGRIP,18620,-16.309,
NGRIP,18630,-16.349,
NGRIP,18640,-16.398,
NGRIP,18650,-16.447,
NGRIP,18660,-16.477,
NGRIP,18670,-16.470,
NGRIP,18680,-16.419,
NGRIP,18690,-16.335,
NGRIP,18700,-16.242,
NGRIP,18710,-16.160,
NGRIP,18720,-16.099,
NGRIP,18730,-16.050,
NGRIP,18740,-15.996,
NGRIP,18750,-15.913,
NGRIP,18760,-15.788,
NGRIP,18770,-15.627,
NGRIP,18780,-15.454,
NGRIP,18790,-15.289,
NGRIP,18800,-15.138,
NGRIP,18810,-15.000,
NGRIP,18820,-14.866,
NGRIP,18830,-14.729,
NGRIP,18840,-14.586,
NGRIP,18850,-14.449,
NGRIP,18860,-14.337,
NGRIP,18870,-14.264,
NGRIP,18880,-14.233,
NGRIP,18890,-14.231,
NGRIP,18900,-14.240,
NGRIP,18910,-14.244,
NGRIP,18920,-14.233,
NGRIP,18930,-14.204,
NGRIP,18940,-14.166,
NGRIP,18950,-14.136,
NGRIP,18960,-14.127,
NGRIP,18970,-14.133,
NGRIP,18980,-14.139,
NGRIP,18990,-14.129,
NGRIP,19000,-14.102,
NGRIP,19010,-14.075,
NGRIP,19020,-14.074,
NGRIP,19030,-14.123,
NGRIP,19040,-14.225,
NGRIP,19050,-14.368,
NGRIP,19060,-14.526,
NGRIP,19070,-14.675,
NGRIP,19080,-14.798,
NGRIP,19090,-14.885,
NGRIP,19100,-14.929,
NGRIP,19110,-14.932,
NGRIP,19120,-14.902,
NGRIP,19130,-14.852,
NGRIP,19140,-14.788,
NGRIP,19150,-14.705,
NGRIP,19160,-14.595,
NGRIP,19170,-14.466,
NGRIP,19180,-14.342,
NGRIP,19190,-14.254,
NGRIP,19200,-14.223,
NGRIP,19210,-14.252,
NGRIP,19220,-14.322,
NGRIP,19230,-14.411,
NGRIP,19240,-14.501,
NGRIP,19250,-14.588,
NGRIP,19260,-14.674,
NGRIP,19270,-14.761,
NGRIP,19280,-14.850,
NGRIP,19290,-14.935,
NGRIP,19300,-14.999,
NGRIP,19310,-15.021,
NGRIP,19320,-14.995,
NGRIP,19330,-14.930,
NGRIP,19340,-14.848,
NGRIP,19350,-14.775,
NGRIP,19360,-14.732,
NGRIP,19370,-14.724,
NGRIP,19380,-14.743,
NGRIP,19390,-14.775,
NGRIP,19400,-14.821,
NGRIP,19410,-14.889,
NGRIP,19420,-14.993,
NGRIP,19430,-15.129,
NGRIP,19440,-15.287,
NGRIP,19450,-15.454,
NGRIP,19460,-15.626,
NGRIP,19470,-15.792,
NGRIP,19480,-15.943,
NGRIP,19490,-16.066,
NGRIP,19500,-16.156,
NGRIP,19510,-16.216,
NGRIP,19520,-16.249,
NGRIP,19530,-16.257,
NGRIP,19540,-16.243,
NGRIP,19550,-16.208,
NGRIP,19560,-16.150,
NGRIP,19570,-16.060,
NGRIP,19580,-15.930,
NGRIP,19590,-15.757,
NGRIP,19600,-15.550,
NGRIP,19610,-15.324,
NGRIP,19620,-15.104,
NGRIP,19630,-14.916,
NGRIP,19640,-14.777,
NGRIP,19650,-14.687,
NGRIP,19660,-14.639,
NGRIP,19670,-14.631,
NGRIP,19680,-14.669,
NGRIP,19690,-14.756,
NGRIP,19700,-14.875,
NGRIP,19710,-15.004,
NGRIP,19720,-15.125,
NGRIP,19730,-15.228,
NGRIP,19740,-15.306,
NGRIP,19750,-15.354,
NGRIP,19760,-15.369,
NGRIP,19770,-15.353,
NGRIP,19780,-15.308,
NGRIP,19790,-15.235,
NGRIP,19800,-15.136,
NGRIP,19810,-15.022,
NGRIP,19820,-14.916,
NGRIP,19830,-14.839,
NGRIP,19840,-14.800,
NGRIP,19850,-14.787,
NGRIP,19860,-14.783,
NGRIP,19870,-14.767,
NGRIP,19880,-14.728,
NGRIP,19890,-14.664,
NGRIP,19900,-14.590,
NGRIP,19910,-14.516,
NGRIP,19920,-14.445,
NGRIP,19930,-14.376,
NGRIP,19940,-14.312,
NGRIP,19950,-14.265,
NGRIP,19960,-14.249,
NGRIP,19970,-14.265,
NGRIP,19980,-14.311,
NGRIP,19990,-14.387,
NGRIP,20000,-14.488,
NEEM,-60,0.175,
NEEM,80,0.124,
NEEM,90,0.059,
NEEM,100,-0.033,
NEEM,110,-0.005,
NEEM,120,0.022,
NEEM,130,0.012,
NEEM,140,-0.022,
NEEM,150,-0.026,
NEEM,160,-0.050,
NEEM,170,-0.070,
NEEM,180,-0.073,
NEEM,190,-0.128,
NEEM,200,-0.218,
NEEM,210,-0.290,
NEEM,220,-0.349,
NEEM,230,-0.407,
NEEM,240,-0.399,
NEEM,250,-0.302,
NEEM,260,-0.272,
NEEM,270,-0.327,
NEEM,280,-0.298,
NEEM,290,-0.191,
NEEM,300,-0.106,
NEEM,310,-0.007,
NEEM,320,0.077,
NEEM,330,0.053,
NEEM,340,0.018,
NEEM,350,0.099,
NEEM,360,0.197,
NEEM,370,0.160,
NEEM,380,0.014,
NEEM,390,-0.114,
NEEM,400,-0.120,
NEEM,410,-0.007,
NEEM,420,0.099,
NEEM,430,0.103,
NEEM,440,0.002,
NEEM,450,-0.047,
NEEM,460,0.050,
NEEM,470,0.208,
NEEM,480,0.355,
NEEM,490,0.407,
NEEM,500,0.324,
NEEM,510,0.225,
NEEM,520,0.175,
NEEM,530,0.189,
NEEM,540,0.256,
NEEM,550,0.291,
NEEM,560,0.242,
NEEM,570,0.113,
NEEM,580,-0.098,
NEEM,590,-0.294,
NEEM,600,-0.343,
NEEM,610,-0.263,
NEEM,620,-0.137,
NEEM,630,-0.042,
NEEM,640,-0.023,
NEEM,650,-0.039,
NEEM,660,-0.021,
NEEM,670,0.101,
NEEM,680,0.281,
NEEM,690,0.355,
NEEM,700,0.323,
NEEM,710,0.250,
NEEM,720,0.116,
NEEM,730,-0.032,
NEEM,740,-0.091,
NEEM,750,-0.073,
NEEM,760,-0.048,
NEEM,770,-0.050,
NEEM,780,-0.062,
NEEM,790,-0.092,
NEEM,800,-0.108,
NEEM,810,-0.048,
NEEM,820,0.080,
NEEM,830,0.191,
NEEM,840,0.233,
NEEM,850,0.229,
NEEM,860,0.206,
NEEM,870,0.174,
NEEM,880,0.133,
NEEM,890,0.097,
NEEM,900,0.094,
NEEM,910,0.105,
NEEM,920,0.108,
NEEM,930,0.158,
NEEM,940,0.268,
NEEM,950,0.400,
NEEM,960,0.531,
NEEM,970,0.680,
NEEM,980,0.822,
NEEM,990,0.891,
NEEM,1000,0.897,
NEEM,1010,0.869,
NEEM,1020,0.750,
NEEM,1030,0.589,
NEEM,1040,0.462,
NEEM,1050,0.343,
NEEM,1060,0.192,
NEEM,1070,0.056,
NEEM,1080,-0.049,
NEEM,1090,-0.148,
NEEM,1100,-0.200,
NEEM,1110,-0.154,
NEEM,1120,-0.059,
NEEM,1130,0.009,
NEEM,1140,0.094,
NEEM,1150,0.221,
NEEM,1160,0.335,
NEEM,1170,0.413,
NEEM,1180,0.487,
NEEM,1190,0.528,
NEEM,1200,0.511,
NEEM,1210,0.439,
NEEM,1220,0.349,
NEEM,1230,0.275,
NEEM,1240,0.227,
NEEM,1250,0.203,
NEEM,1260,0.211,
NEEM,1270,0.218,
NEEM,1280,0.205,
NEEM,1290,0.213,
NEEM,1300,0.253,
NEEM,1310,0.302,
NEEM,1320,0.311,
NEEM,1330,0.289,
NEEM,1340,0.245,
NEEM,1350,0.207,
NEEM,1360,0.220,
NEEM,1370,0.237,
NEEM,1380,0.188,
NEEM,1390,0.119,
NEEM,1400,0.068,
NEEM,1410,0.014,
NEEM,1420,-0.056,
NEEM,1430,-0.103,
NEEM,1440,-0.152,
NEEM,1450,-0.222,
NEEM,1460,-0.250,
NEEM,1470,-0.225,
NEEM,1480,-0.221,
NEEM,1490,-0.160,
NEEM,1500,0.018,
NEEM,1510,0.233,
NEEM,1520,0.406,
NEEM,1530,0.498,
NEEM,1540,0.508,
NEEM,1550,0.475,
NEEM,1560,0.448,
NEEM,1570,0.454,
NEEM,1580,0.390,
NEEM,1590,0.236,
NEEM,1600,0.091,
NEEM,1610,-0.034,
NEEM,1620,-0.109,
NEEM,1630,-0.063,
NEEM,1640,0.068,
NEEM,1650,0.175,
NEEM,1660,0.200,
NEEM,1670,0.187,
NEEM,1680,0.179,
NEEM,1690,0.182,
NEEM,1700,0.194,
NEEM,1710,0.197,
NEEM,1720,0.125,
NEEM,1730,-0.004,
NEEM,1740,-0.092,
NEEM,1750,-0.078,
NEEM,1760,0.006,
NEEM,1770,0.080,
NEEM,1780,0.101,
NEEM,1790,0.136,
NEEM,1800,0.240,
NEEM,1810,0.377,
NEEM,1820,0.512,
NEEM,1830,0.692,
NEEM,1840,0.904,
NEEM,1850,1.074,
NEEM,1860,1.222,
NEEM,1870,1.341,
NEEM,1880,1.382,
NEEM,1890,1.339,
NEEM,1900,1.294,
NEEM,1910,1.263,
NEEM,1920,1.169,
NEEM,1930,1.007,
NEEM,1940,0.875,
NEEM,1950,0.769,
NEEM,1960,0.638,
NEEM,1970,0.499,
NEEM,1980,0.409,
NEEM,1990,0.378,
NEEM,2000,0.405,
NEEM,2010,0.464,
NEEM,2020,0.511,
NEEM,2030,0.505,
NEEM,2040,0.460,
NEEM,2050,0.470,
NEEM,2060,0.537,
NEEM,2070,0.569,
NEEM,2080,0.484,
NEEM,2090,0.307,
NEEM,2100,0.123,
NEEM,2110,-0.020,
NEEM,2120,-0.089,
NEEM,2130,-0.105,
NEEM,2140,-0.120,
NEEM,2150,-0.132,
NEEM,2160,-0.081,
NEEM,2170,0.076,
NEEM,2180,0.304,
NEEM,2190,0.538,
NEEM,2200,0.736,
NEEM,2210,0.858,
NEEM,2220,0.908,
NEEM,2230,0.920,
NEEM,2240,0.905,
NEEM,2250,0.846,
NEEM,2260,0.758,
NEEM,2270,0.645,
NEEM,2280,0.494,
NEEM,2290,0.339,
NEEM,2300,0.240,
NEEM,2310,0.258,
NEEM,2320,0.379,
NEEM,2330,0.521,
NEEM,2340,0.628,
NEEM,2350,0.687,
NEEM,2360,0.708,
NEEM,2370,0.712,
NEEM,2380,0.681,
NEEM,2390,0.605,
NEEM,2400,0.461,
NEEM,2410,0.250,
NEEM,2420,0.039,
NEEM,2430,-0.069,
NEEM,2440,-0.065,
NEEM,2450,-0.016,
NEEM,2460,0.063,
NEEM,2470,0.211,
NEEM,2480,0.410,
NEEM,2490,0.587,
NEEM,2500,0.710,
NEEM,2510,0.802,
NEEM,2520,0.837,
NEEM,2530,0.807,
NEEM,2540,0.754,
NEEM,2550,0.689,
NEEM,2560,0.597,
NEEM,2570,0.456,
NEEM,2580,0.329,
NEEM,2590,0.260,
NEEM,2600,0.222,
NEEM,2610,0.190,
NEEM,2620,0.133,
NEEM,2630,0.096,
NEEM,2640,0.105,
NEEM,2650,0.141,
NEEM,2660,0.199,
NEEM,2670,0.263,
NEEM,2680,0.322,
NEEM,2690,0.369,
NEEM,2700,0.406,
NEEM,2710,0.458,
NEEM,2720,0.488,
NEEM,2730,0.500,
NEEM,2740,0.523,
NEEM,2750,0.588,
NEEM,2760,0.651,
NEEM,2770,0.646,
NEEM,2780,0.610,
NEEM,2790,0.585,
NEEM,2800,0.581,
NEEM,2810,0.599,
NEEM,2820,0.594,
NEEM,2830,0.557,
NEEM,2840,0.516,
NEEM,2850,0.547,
NEEM,2860,0.673,
NEEM,2870,0.796,
NEEM,2880,0.867,
NEEM,2890,0.894,
NEEM,2900,0.919,
NEEM,2910,0.951,
NEEM,2920,0.932,
NEEM,2930,0.823,
NEEM,2940,0.651,
NEEM,2950,0.483,
NEEM,2960,0.371,
NEEM,2970,0.312,
NEEM,2980,0.271,
NEEM,2990,0.228,
NEEM,3000,0.217,
NEEM,3010,0.278,
NEEM,3020,0.397,
NEEM,3030,0.494,
NEEM,3040,0.534,
NEEM,3050,0.522,
NEEM,3060,0.487,
NEEM,3070,0.508,
NEEM,3080,0.600,
NEEM,3090,0.671,
NEEM,3100,0.664,
NEEM,3110,0.617,
NEEM,3120,0.597,
NEEM,3130,0.633,
NEEM,3140,0.736,
NEEM,3150,0.865,
NEEM,3160,0.928,
NEEM,3170,0.906,
NEEM,3180,0.875,
NEEM,3190,0.885,
NEEM,3200,0.916,
NEEM,3210,0.954,
NEEM,3220,0.993,
NEEM,3230,1.029,
NEEM,3240,1.078,
NEEM,3250,1.138,
NEEM,3260,1.158,
NEEM,3270,1.126,
NEEM,3280,1.064,
NEEM,3290,1.011,
NEEM,3300,0.987,
NEEM,3310,0.964,
NEEM,3320,0.895,
NEEM,3330,0.783,
NEEM,3340,0.693,
NEEM,3350,0.668,
NEEM,3360,0.652,
NEEM,3370,0.638,
NEEM,3380,0.611,
NEEM,3390,0.556,
NEEM,3400,0.533,
NEEM,3410,0.576,
NEEM,3420,0.626,
NEEM,3430,0.631,
NEEM,3440,0.585,
NEEM,3450,0.522,
NEEM,3460,0.502,
NEEM,3470,0.539,
NEEM,3480,0.610,
NEEM,3490,0.647,
NEEM,3500,0.614,
NEEM,3510,0.535,
NEEM,3520,0.458,
NEEM,3530,0.435,
NEEM,3540,0.490,
NEEM,3550,0.564,
NEEM,3560,0.620,
NEEM,3570,0.649,
NEEM,3580,0.663,
NEEM,3590,0.679,
NEEM,3600,0.741,
NEEM,3610,0.855,
NEEM,3620,0.982,
NEEM,3630,1.097,
NEEM,3640,1.182,
NEEM,3650,1.217,
NEEM,3660,1.214,
NEEM,3670,1.179,
NEEM,3680,1.136,
NEEM,3690,1.080,
NEEM,3700,0.990,
NEEM,3710,0.899,
NEEM,3720,0.819,
NEEM,3730,0.739,
NEEM,3740,0.684,
NEEM,3750,0.652,
NEEM,3760,0.656,
NEEM,3770,0.677,
NEEM,3780,0.687,
NEEM,3790,0.703,
NEEM,3800,0.696,
NEEM,3810,0.640,
NEEM,3820,0.579,
NEEM,3830,0.541,
NEEM,3840,0.521,
NEEM,3850,0.515,
NEEM,3860,0.552,
NEEM,3870,0.620,
NEEM,3880,0.684,
NEEM,3890,0.743,
NEEM,3900,0.823,
NEEM,3910,0.900,
NEEM,3920,0.951,
NEEM,3930,1.007,
NEEM,3940,1.059,
NEEM,3950,1.045,
NEEM,3960,0.985,
NEEM,3970,0.934,
NEEM,3980,0.944,
NEEM,3990,0.987,
NEEM,4000,1.002,
NEEM,4010,0.985,
NEEM,4020,0.948,
NEEM,4030,0.916,
NEEM,4040,0.927,
NEEM,4050,0.989,
NEEM,4060,1.038,
NEEM,4070,1.008,
NEEM,4080,0.962,
NEEM,4090,0.985,
NEEM,4100,1.052,
NEEM,4110,1.100,
NEEM,4120,1.131,
NEEM,4130,1.170,
NEEM,4140,1.194,
NEEM,4150,1.222,
NEEM,4160,1.253,
NEEM,4170,1.253,
NEEM,4180,1.224,
NEEM,4190,1.201,
NEEM,4200,1.201,
NEEM,4210,1.178,
NEEM,4220,1.120,
NEEM,4230,1.083,
NEEM,4240,1.068,
NEEM,4250,1.072,
NEEM,4260,1.088,
NEEM,4270,1.080,
NEEM,4280,1.031,
NEEM,4290,0.944,
NEEM,4300,0.847,
NEEM,4310,0.760,
NEEM,4320,0.683,
NEEM,4330,0.610,
NEEM,4340,0.572,
NEEM,4350,0.586,
NEEM,4360,0.689,
NEEM,4370,0.848,
NEEM,4380,0.963,
NEEM,4390,1.039,
NEEM,4400,1.085,
NEEM,4410,1.105,
NEEM,4420,1.122,
NEEM,4430,1.083,
NEEM,4440,0.987,
NEEM,4450,0.865,
NEEM,4460,0.760,
NEEM,4470,0.767,
NEEM,4480,0.875,
NEEM,4490,1.017,
NEEM,4500,1.143,
NEEM,4510,1.243,
NEEM,4520,1.348,
NEEM,4530,1.420,
NEEM,4540,1.432,
NEEM,4550,1.411,
NEEM,4560,1.342,
NEEM,4570,1.198,
NEEM,4580,1.047,
NEEM,4590,0.936,
NEEM,4600,0.860,
NEEM,4610,0.820,
NEEM,4620,0.830,
NEEM,4630,0.859,
NEEM,4640,0.858,
NEEM,4650,0.831,
NEEM,4660,0.852,
NEEM,4670,0.902,
NEEM,4680,0.930,
NEEM,4690,0.926,
NEEM,4700,0.909,
NEEM,4710,0.917,
NEEM,4720,0.943,
NEEM,4730,0.976,
NEEM,4740,1.043,
NEEM,4750,1.123,
NEEM,4760,1.171,
NEEM,4770,1.204,
NEEM,4780,1.256,
NEEM,4790,1.312,
NEEM,4800,1.349,
NEEM,4810,1.376,
NEEM,4820,1.416,
NEEM,4830,1.455,
NEEM,4840,1.470,
NEEM,4850,1.508,
NEEM,4860,1.583,
NEEM,4870,1.639,
NEEM,4880,1.641,
NEEM,4890,1.613,
NEEM,4900,1.591,
NEEM,4910,1.577,
NEEM,4920,1.575,
NEEM,4930,1.576,
NEEM,4940,1.552,
NEEM,4950,1.510,
NEEM,4960,1.487,
NEEM,4970,1.495,
NEEM,4980,1.502,
NEEM,4990,1.502,
NEEM,5000,1.502,
NEEM,5010,1.484,
NEEM,5020,1.447,
NEEM,5030,1.421,
NEEM,5040,1.397,
NEEM,5050,1.350,
NEEM,5060,1.307,
NEEM,5070,1.330,
NEEM,5080,1.425,
NEEM,5090,1.512,
NEEM,5100,1.551,
NEEM,5110,1.570,
NEEM,5120,1.564,
NEEM,5130,1.537,
NEEM,5140,1.530,
NEEM,5150,1.539,
NEEM,5160,1.506,
NEEM,5170,1.375,
NEEM,5180,1.193,
NEEM,5190,1.053,
NEEM,5200,0.964,
NEEM,5210,0.914,
NEEM,5220,0.892,
NEEM,5230,0.834,
NEEM,5240,0.746,
NEEM,5250,0.682,
NEEM,5260,0.658,
NEEM,5270,0.687,
NEEM,5280,0.730,
NEEM,5290,0.747,
NEEM,5300,0.748,
NEEM,5310,0.782,
NEEM,5320,0.885,
NEEM,5330,1.005,
NEEM,5340,1.087,
NEEM,5350,1.148,
NEEM,5360,1.200,
NEEM,5370,1.268,
NEEM,5380,1.372,
NEEM,5390,1.471,
NEEM,5400,1.503,
NEEM,5410,1.464,
NEEM,5420,1.420,
NEEM,5430,1.413,
NEEM,5440,1.447,
NEEM,5450,1.508,
NEEM,5460,1.556,
NEEM,5470,1.554,
NEEM,5480,1.516,
NEEM,5490,1.487,
NEEM,5500,1.508,
NEEM,5510,1.548,
NEEM,5520,1.557,
NEEM,5530,1.565,
NEEM,5540,1.603,
NEEM,5550,1.600,
NEEM,5560,1.552,
NEEM,5570,1.529,
NEEM,5580,1.524,
NEEM,5590,1.521,
NEEM,5600,1.541,
NEEM,5610,1.531,
NEEM,5620,1.435,
NEEM,5630,1.300,
NEEM,5640,1.232,
NEEM,5650,1.258,
NEEM,5660,1.317,
NEEM,5670,1.391,
NEEM,5680,1.457,
NEEM,5690,1.502,
NEEM,5700,1.592,
NEEM,5710,1.724,
NEEM,5720,1.823,
NEEM,5730,1.855,
NEEM,5740,1.838,
NEEM,5750,1.806,
NEEM,5760,1.763,
NEEM,5770,1.727,
NEEM,5780,1.707,
NEEM,5790,1.685,
NEEM,5800,1.656,
NEEM,5810,1.631,
NEEM,5820,1.622,
NEEM,5830,1.637,
NEEM,5840,1.639,
NEEM,5850,1.628,
NEEM,5860,1.599,
NEEM,5870,1.543,
NEEM,5880,1.474,
NEEM,5890,1.419,
NEEM,5900,1.370,
NEEM,5910,1.323,
NEEM,5920,1.268,
NEEM,5930,1.206,
NEEM,5940,1.139,
NEEM,5950,1.046,
NEEM,5960,0.934,
NEEM,5970,0.880,
NEEM,5980,0.891,
NEEM,5990,0.875,
NEEM,6000,0.826,
NEEM,6010,0.836,
NEEM,6020,0.918,
NEEM,6030,1.044,
NEEM,6040,1.218,
NEEM,6050,1.405,
NEEM,6060,1.527,
NEEM,6070,1.550,
NEEM,6080,1.588,
NEEM,6090,1.661,
NEEM,6100,1.683,
NEEM,6110,1.655,
NEEM,6120,1.588,
NEEM,6130,1.484,
NEEM,6140,1.377,
NEEM,6150,1.261,
NEEM,6160,1.166,
NEEM,6170,1.127,
NEEM,6180,1.106,
NEEM,6190,1.032,
NEEM,6200,0.921,
NEEM,6210,0.850,
NEEM,6220,0.825,
NEEM,6230,0.818,
NEEM,6240,0.847,
NEEM,6250,0.894,
NEEM,6260,0.901,
NEEM,6270,0.896,
NEEM,6280,0.948,
NEEM,6290,1.073,
NEEM,6300,1.212,
NEEM,6310,1.320,
NEEM,6320,1.398,
NEEM,6330,1.462,
NEEM,6340,1.532,
NEEM,6350,1.561,
NEEM,6360,1.530,
NEEM,6370,1.496,
NEEM,6380,1.459,
NEEM,6390,1.380,
NEEM,6400,1.300,
NEEM,6410,1.239,
NEEM,6420,1.168,
NEEM,6430,1.058,
NEEM,6440,0.963,
NEEM,6450,0.911,
NEEM,6460,0.861,
NEEM,6470,0.783,
NEEM,6480,0.714,
NEEM,6490,0.675,
NEEM,6500,0.674,
NEEM,6510,0.690,
NEEM,6520,0.724,
NEEM,6530,0.778,
NEEM,6540,0.837,
NEEM,6550,0.907,
NEEM,6560,0.984,
NEEM,6570,1.041,
NEEM,6580,1.049,
NEEM,6590,1.010,
NEEM,6600,0.985,
NEEM,6610,0.994,
NEEM,6620,1.016,
NEEM,6630,1.038,
NEEM,6640,1.047,
NEEM,6650,1.042,
NEEM,6660,1.049,
NEEM,6670,1.085,
NEEM,6680,1.117,
NEEM,6690,1.105,
NEEM,6700,1.092,
NEEM,6710,1.106,
NEEM,6720,1.154,
NEEM,6730,1.226,
NEEM,6740,1.280,
NEEM,6750,1.306,
NEEM,6760,1.282,
NEEM,6770,1.232,
NEEM,6780,1.195,
NEEM,6790,1.142,
NEEM,6800,1.063,
NEEM,6810,0.957,
NEEM,6820,0.866,
NEEM,6830,0.819,
NEEM,6840,0.795,
NEEM,6850,0.807,
NEEM,6860,0.818,
NEEM,6870,0.792,
NEEM,6880,0.774,
NEEM,6890,0.767,
NEEM,6900,0.759,
NEEM,6910,0.724,
NEEM,6920,0.641,
NEEM,6930,0.536,
NEEM,6940,0.421,
NEEM,6950,0.328,
NEEM,6960,0.282,
NEEM,6970,0.230,
NEEM,6980,0.194,
NEEM,6990,0.181,
NEEM,7000,0.145,
NEEM,7010,0.120,
NEEM,7020,0.116,
NEEM,7030,0.125,
NEEM,7040,0.159,
NEEM,7050,0.200,
NEEM,7060,0.178,
NEEM,7070,0.094,
NEEM,7080,0.036,
NEEM,7090,0.043,
NEEM,7100,0.070,
NEEM,7110,0.088,
NEEM,7120,0.085,
NEEM,7130,0.054,
NEEM,7140,0.014,
NEEM,7150,0.037,
NEEM,7160,0.141,
NEEM,7170,0.247,
NEEM,7180,0.288,
NEEM,7190,0.283,
NEEM,7200,0.271,
NEEM,7210,0.278,
NEEM,7220,0.320,
NEEM,7230,0.383,
NEEM,7240,0.452,
NEEM,7250,0.485,
NEEM,7260,0.459,
NEEM,7270,0.429,
NEEM,7280,0.423,
NEEM,7290,0.447,
NEEM,7300,0.491,
NEEM,7310,0.514,
NEEM,7320,0.514,
NEEM,7330,0.495,
NEEM,7340,0.468,
NEEM,7350,0.456,
NEEM,7360,0.461,
NEEM,7370,0.470,
NEEM,7380,0.468,
NEEM,7390,0.471,
NEEM,7400,0.462,
NEEM,7410,0.393,
NEEM,7420,0.293,
NEEM,7430,0.195,
NEEM,7440,0.098,
NEEM,7450,-0.001,
NEEM,7460,-0.093,
NEEM,7470,-0.155,
NEEM,7480,-0.219,
NEEM,7490,-0.272,
NEEM,7500,-0.256,
NEEM,7510,-0.166,
NEEM,7520,-0.040,
NEEM,7530,0.089,
NEEM,7540,0.207,
NEEM,7550,0.282,
NEEM,7560,0.291,
NEEM,7570,0.337,
NEEM,7580,0.427,
NEEM,7590,0.505,
NEEM,7600,0.526,
NEEM,7610,0.485,
NEEM,7620,0.430,
NEEM,7630,0.433,
NEEM,7640,0.511,
NEEM,7650,0.630,
NEEM,7660,0.663,
NEEM,7670,0.613,
NEEM,7680,0.574,
NEEM,7690,0.560,
NEEM,7700,0.592,
NEEM,7710,0.654,
NEEM,7720,0.702,
NEEM,7730,0.746,
NEEM,7740,0.771,
NEEM,7750,0.793,
NEEM,7760,0.840,
NEEM,7770,0.865,
NEEM,7780,0.850,
NEEM,7790,0.777,
NEEM,7800,0.642,
NEEM,7810,0.442,
NEEM,7820,0.210,
NEEM,7830,0.009,
NEEM,7840,-0.144,
NEEM,7850,-0.273,
NEEM,7860,-0.376,
NEEM,7870,-0.431,
NEEM,7880,-0.388,
NEEM,7890,-0.237,
NEEM,7900,-0.047,
NEEM,7910,0.111,
NEEM,7920,0.197,
NEEM,7930,0.215,
NEEM,7940,0.194,
NEEM,7950,0.140,
NEEM,7960,0.044,
NEEM,7970,-0.135,
NEEM,7980,-0.368,
NEEM,7990,-0.564,
NEEM,8000,-0.712,
NEEM,8010,-0.822,
NEEM,8020,-0.872,
NEEM,8030,-0.889,
NEEM,8040,-0.993,
NEEM,8050,-1.169,
NEEM,8060,-1.358,
NEEM,8070,-1.609,
NEEM,8080,-1.934,
NEEM,8090,-2.297,
NEEM,8100,-2.707,
NEEM,8110,-3.164,
NEEM,8120,-3.612,
NEEM,8130,-3.944,
NEEM,8140,-4.166,
NEEM,8150,-4.277,
NEEM,8160,-4.248,
NEEM,8170,-4.143,
NEEM,8180,-3.986,
NEEM,8190,-3.702,
NEEM,8200,-3.290,
NEEM,8210,-2.841,
NEEM,8220,-2.408,
NEEM,8230,-2.001,
NEEM,8240,-1.682,
NEEM,8250,-1.482,
NEEM,8260,-1.346,
NEEM,8270,-1.235,
NEEM,8280,-1.184,
NEEM,8290,-1.256,
NEEM,8300,-1.417,
NEEM,8310,-1.549,
NEEM,8320,-1.625,
NEEM,8330,-1.655,
NEEM,8340,-1.647,
NEEM,8350,-1.646,
NEEM,8360,-1.684,
NEEM,8370,-1.715,
NEEM,8380,-1.692,
NEEM,8390,-1.604,
NEEM,8400,-1.523,
NEEM,8410,-1.501,
NEEM,8420,-1.518,
NEEM,8430,-1.553,
NEEM,8440,-1.561,
NEEM,8450,-1.503,
NEEM,8460,-1.434,
NEEM,8470,-1.365,
NEEM,8480,-1.301,
NEEM,8490,-1.277,
NEEM,8500,-1.248,
NEEM,8510,-1.175,
NEEM,8520,-1.103,
NEEM,8530,-1.091,
NEEM,8540,-1.162,
NEEM,8550,-1.310,
NEEM,8560,-1.504,
NEEM,8570,-1.697,
NEEM,8580,-1.818,
NEEM,8590,-1.855,
NEEM,8600,-1.913,
NEEM,8610,-2.002,
NEEM,8620,-2.030,
NEEM,8630,-1.968,
NEEM,8640,-1.872,
NEEM,8650,-1.799,
NEEM,8660,-1.717,
NEEM,8670,-1.634,
NEEM,8680,-1.676,
NEEM,8690,-1.797,
NEEM,8700,-1.873,
NEEM,8710,-1.921,
NEEM,8720,-1.952,
NEEM,8730,-1.921,
NEEM,8740,-1.893,
NEEM,8750,-1.927,
NEEM,8760,-1.965,
NEEM,8770,-1.907,
NEEM,8780,-1.742,
NEEM,8790,-1.552,
NEEM,8800,-1.380,
NEEM,8810,-1.270,
NEEM,8820,-1.241,
NEEM,8830,-1.178,
NEEM,8840,-1.070,
NEEM,8850,-1.006,
NEEM,8860,-0.983,
NEEM,8870,-1.009,
NEEM,8880,-1.089,
NEEM,8890,-1.224,
NEEM,8900,-1.407,
NEEM,8910,-1.571,
NEEM,8920,-1.716,
NEEM,8930,-1.850,
NEEM,8940,-1.959,
NEEM,8950,-2.045,
NEEM,8960,-2.100,
NEEM,8970,-2.128,
NEEM,8980,-2.111,
NEEM,8990,-2.046,
NEEM,9000,-1.968,
NEEM,9010,-1.859,
NEEM,9020,-1.738,
NEEM,9030,-1.638,
NEEM,9040,-1.586,
NEEM,9050,-1.600,
NEEM,9060,-1.652,
NEEM,9070,-1.722,
NEEM,9080,-1.793,
NEEM,9090,-1.869,
NEEM,9100,-2.000,
NEEM,9110,-2.210,
NEEM,9120,-2.464,
NEEM,9130,-2.736,
NEEM,9140,-3.002,
NEEM,9150,-3.258,
NEEM,9160,-3.461,
NEEM,9170,-3.593,
NEEM,9180,-3.693,
NEEM,9190,-3.748,
NEEM,9200,-3.713,
NEEM,9210,-3.589,
NEEM,9220,-3.367,
NEEM,9230,-3.064,
NEEM,9240,-2.736,
NEEM,9250,-2.461,
NEEM,9260,-2.252,
NEEM,9270,-2.075,
NEEM,9280,-1.933,
NEEM,9290,-1.844,
NEEM,9300,-1.829,
NEEM,9310,-1.891,
NEEM,9320,-2.005,
NEEM,9330,-2.131,
NEEM,9340,-2.250,
NEEM,9350,-2.376,
NEEM,9360,-2.504,
NEEM,9370,-2.620,
NEEM,9380,-2.737,
NEEM,9390,-2.843,
NEEM,9400,-2.911,
NEEM,9410,-2.966,
NEEM,9420,-3.035,
NEEM,9430,-3.112,
NEEM,9440,-3.180,
NEEM,9450,-3.236,
NEEM,9460,-3.282,
NEEM,9470,-3.296,
NEEM,9480,-3.280,
NEEM,9490,-3.272,
NEEM,9500,-3.275,
NEEM,9510,-3.254,
NEEM,9520,-3.200,
NEEM,9530,-3.119,
NEEM,9540,-3.027,
NEEM,9550,-2.940,
NEEM,9560,-2.863,
NEEM,9570,-2.814,
NEEM,9580,-2.800,
NEEM,9590,-2.796,
NEEM,9600,-2.804,
NEEM,9610,-2.838,
NEEM,9620,-2.888,
NEEM,9630,-2.944,
NEEM,9640,-3.003,
NEEM,9650,-3.057,
NEEM,9660,-3.117,
NEEM,9670,-3.172,
NEEM,9680,-3.230,
NEEM,9690,-3.292,
NEEM,9700,-3.348,
NEEM,9710,-3.413,
NEEM,9720,-3.465,
NEEM,9730,-3.508,
NEEM,9740,-3.593,
NEEM,9750,-3.695,
NEEM,9760,-3.798,
NEEM,9770,-3.908,
NEEM,9780,-3.992,
NEEM,9790,-4.050,
NEEM,9800,-4.123,
NEEM,9810,-4.228,
NEEM,9820,-4.303,
NEEM,9830,-4.312,
NEEM,9840,-4.306,
NEEM,9850,-4.302,
NEEM,9860,-4.273,
NEEM,9870,-4.254,
NEEM,9880,-4.268,
NEEM,9890,-4.286,
NEEM,9900,-4.334,
NEEM,9910,-4.430,
NEEM,9920,-4.526,
NEEM,9930,-4.593,
NEEM,9940,-4.650,
NEEM,9950,-4.720,
NEEM,9960,-4.810,
NEEM,9970,-4.915,
NEEM,9980,-5.023,
NEEM,9990,-5.084,
NEEM,10000,-5.112,
NEEM,10010,-5.162,
NEEM,10020,-4.128,
NEEM,10030,-4.164,
NEEM,10040,-4.191,
NEEM,10050,-4.262,
NEEM,10060,-4.368,
NEEM,10070,-4.453,
NEEM,10080,-4.549,
NEEM,10090,-4.708,
NEEM,10100,-4.900,
NEEM,10110,-5.095,
NEEM,10120,-5.289,
NEEM,10130,-5.451,
NEEM,10140,-5.527,
NEEM,10150,-5.544,
NEEM,10160,-5.551,
NEEM,10170,-5.523,
NEEM,10180,-5.454,
NEEM,10190,-5.421,
NEEM,10200,-5.440,
NEEM,10210,-5.488,
NEEM,10220,-5.588,
NEEM,10230,-5.736,
NEEM,10240,-5.888,
NEEM,10250,-6.029,
NEEM,10260,-6.194,
NEEM,10270,-6.359,
NEEM,10280,-6.453,
NEEM,10290,-6.484,
NEEM,10300,-6.467,
NEEM,10310,-6.396,
NEEM,10320,-6.322,
NEEM,10330,-6.293,
NEEM,10340,-6.258,
NEEM,10350,-6.179,
NEEM,10360,-6.098,
NEEM,10370,-6.040,
NEEM,10380,-6.003,
NEEM,10390,-6.003,
NEEM,10400,-6.041,
NEEM,10410,-6.062,
NEEM,10420,-6.028,
NEEM,10430,-6.007,
NEEM,10440,-6.039,
NEEM,10450,-6.069,
NEEM,10460,-6.080,
NEEM,10470,-6.080,
NEEM,10480,-6.073,
NEEM,10490,-6.056,
NEEM,10500,-6.004,
NEEM,10510,-5.941,
NEEM,10520,-5.904,
NEEM,10530,-5.879,
NEEM,10540,-5.865,
NEEM,10550,-5.873,
NEEM,10560,-5.905,
NEEM,10570,-5.936,
NEEM,10580,-5.944,
NEEM,10590,-5.979,
NEEM,10600,-6.050,
NEEM,10610,-6.125,
NEEM,10620,-6.216,
NEEM,10630,-6.260,
NEEM,10640,-6.232,
NEEM,10650,-6.203,
NEEM,10660,-6.205,
NEEM,10670,-6.218,
NEEM,10680,-6.222,
NEEM,10690,-6.275,
NEEM,10700,-6.368,
NEEM,10710,-6.450,
NEEM,10720,-6.578,
NEEM,10730,-6.747,
NEEM,10740,-6.881,
NEEM,10750,-6.975,
NEEM,10760,-7.080,
NEEM,10770,-7.194,
NEEM,10780,-7.258,
NEEM,10790,-7.317,
NEEM,10800,-7.347,
NEEM,10810,-7.275,
NEEM,10820,-7.174,
NEEM,10830,-7.100,
NEEM,10840,-7.020,
NEEM,10850,-6.905,
NEEM,10860,-6.785,
NEEM,10870,-6.665,
NEEM,10880,-6.502,
NEEM,10890,-6.363,
NEEM,10900,-6.324,
NEEM,10910,-6.341,
NEEM,10920,-6.340,
NEEM,10930,-6.328,
NEEM,10940,-6.332,
NEEM,10950,-6.324,
NEEM,10960,-6.310,
NEEM,10970,-6.321,
NEEM,10980,-6.332,
NEEM,10990,-6.315,
NEEM,11000,-6.295,
NEEM,11010,-6.317,
NEEM,11020,-6.388,
NEEM,11030,-6.490,
NEEM,11040,-6.622,
NEEM,11050,-6.750,
NEEM,11060,-6.804,
NEEM,11070,-6.762,
NEEM,11080,-6.655,
NEEM,11090,-6.493,
NEEM,11100,-6.266,
NEEM,11110,-6.033,
NEEM,11120,-5.828,
NEEM,11130,-5.682,
NEEM,11140,-5.595,
NEEM,11150,-5.522,
NEEM,11160,-5.497,
NEEM,11170,-5.562,
NEEM,11180,-5.697,
NEEM,11190,-5.895,
NEEM,11200,-6.122,
NEEM,11210,-6.360,
NEEM,11220,-6.579,
NEEM,11230,-6.887,
NEEM,11240,-7.223,
NEEM,11250,-7.620,
NEEM,11260,-8.090,
NEEM,11270,-8.571,
NEEM,11280,-8.989,
NEEM,11290,-9.339,
NEEM,11300,-9.569,
NEEM,11310,-9.692,
NEEM,11320,-9.586,
NEEM,11330,-9.412,
NEEM,11340,-9.205,
NEEM,11350,-8.899,
NEEM,11360,-8.486,
NEEM,11370,-8.025,
NEEM,11380,-7.549,
NEEM,11390,-7.125,
NEEM,11400,-6.787,
NEEM,11410,-6.493,
NEEM,11420,-6.188,
NEEM,11430,-5.929,
NEEM,11440,-5.704,
NEEM,11450,-5.535,
NEEM,11460,-5.376,
NEEM,11470,-5.307,
NEEM,11480,-5.346,
NEEM,11490,-5.465,
NEEM,11500,-5.713,
NEEM,11510,-6.177,
NEEM,11520,-6.784,
NEEM,11530,-7.535,
NEEM,11540,-8.441,
NEEM,11550,-9.584,
NEEM,11560,-10.695,
NEEM,11570,-11.746,
NEEM,11580,-12.806,
NEEM,11590,-12.841,
NEEM,11600,-12.876,
NEEM,11610,-12.911,
NEEM,11620,-12.946,
NEEM,11630,-12.981,
NEEM,11640,-13.016,
NEEM,11650,-13.051,
NEEM,11660,-13.086,
NEEM,11670,-13.121,
NEEM,11680,-13.156,
NEEM,11690,-13.691,
NEEM,11700,-13.680,
NEEM,11710,-13.631,
NEEM,11720,-13.658,
NEEM,11730,-13.791,
NEEM,11740,-13.889,
NEEM,11750,-13.914,
NEEM,11760,-13.915,
NEEM,11770,-13.969,
NEEM,11780,-14.077,
NEEM,11790,-14.251,
NEEM,11800,-14.371,
NEEM,11810,-14.421,
NEEM,11820,-14.401,
NEEM,11830,-14.330,
NEEM,11840,-14.293,
NEEM,11850,-14.291,
NEEM,11860,-14.225,
NEEM,11870,-14.079,
NEEM,11880,-13.939,
NEEM,11890,-13.914,
NEEM,11900,-13.932,
NEEM,11910,-13.958,
NEEM,11920,-14.070,
NEEM,11930,-14.130,
NEEM,11940,-14.131,
NEEM,11950,-14.183,
NEEM,11960,-14.360,
NEEM,11970,-14.519,
NEEM,11980,-14.625,
NEEM,11990,-14.685,
NEEM,12000,-14.844,
NEEM,12010,-15.017,
NEEM,12020,-15.244,
NEEM,12030,-15.462,
NEEM,12040,-15.572,
NEEM,12050,-15.490,
NEEM,12060,-15.411,
NEEM,12070,-15.418,
NEEM,12080,-15.524,
NEEM,12090,-15.538,
NEEM,12100,-15.447,
NEEM,12110,-15.241,
NEEM,12120,-15.058,
NEEM,12130,-15.014,
NEEM,12140,-15.102,
NEEM,12150,-15.273,
NEEM,12160,-15.371,
NEEM,12170,-15.430,
NEEM,12180,-15.482,
NEEM,12190,-15.531,
NEEM,12200,-15.620,
NEEM,12210,-15.736,
NEEM,12220,-15.855,
NEEM,12230,-16.008,
NEEM,12240,-16.092,
NEEM,12250,-16.136,
NEEM,12260,-16.143,
NEEM,12270,-16.073,
NEEM,12280,-15.989,
NEEM,12290,-15.928,
NEEM,12300,-15.833,
NEEM,12310,-15.655,
NEEM,12320,-15.441,
NEEM,12330,-15.299,
NEEM,12340,-15.253,
NEEM,12350,-15.215,
NEEM,12360,-15.262,
NEEM,12370,-15.403,
NEEM,12380,-15.587,
NEEM,12390,-15.802,
NEEM,12400,-16.034,
NEEM,12410,-16.216,
NEEM,12420,-16.333,
NEEM,12430,-16.464,
NEEM,12440,-16.660,
NEEM,12450,-16.847,
NEEM,12460,-16.939,
NEEM,12470,-16.968,
NEEM,12480,-17.071,
NEEM,12490,-17.262,
NEEM,12500,-17.508,
NEEM,12510,-17.743,
NEEM,12520,-17.907,
NEEM,12530,-17.990,
NEEM,12540,-18.067,
NEEM,12550,-18.130,
NEEM,12560,-18.126,
NEEM,12570,-18.029,
NEEM,12580,-17.902,
NEEM,12590,-17.802,
NEEM,12600,-17.730,
NEEM,12610,-17.656,
NEEM,12620,-17.594,
NEEM,12630,-17.490,
NEEM,12640,-17.365,
NEEM,12650,-17.290,
NEEM,12660,-17.345,
NEEM,12670,-17.284,
NEEM,12680,-17.224,
NEEM,12690,-17.163,
NEEM,12700,-17.103,
NEEM,12710,-17.042,
NEEM,12720,-16.981,
NEEM,12730,-16.921,
NEEM,12740,-16.860,
NEEM,12750,-16.800,
NEEM,12760,-16.739,
NEEM,12770,-16.679,
NEEM,12780,-15.984,
NEEM,12790,-15.379,
NEEM,12800,-14.837,
NEEM,12810,-14.370,
NEEM,12820,-13.830,
NEEM,12830,-13.288,
NEEM,12840,-12.805,
NEEM,12850,-12.459,
NEEM,12860,-12.226,
NEEM,12870,-12.056,
NEEM,12880,-11.889,
NEEM,12890,-11.756,
NEEM,12900,-11.711,
NEEM,12910,-11.946,
NEEM,12920,-12.339,
NEEM,12930,-12.664,
NEEM,12940,-12.896,
NEEM,12950,-13.118,
NEEM,12960,-13.433,
NEEM,12970,-13.807,
NEEM,12980,-14.142,
NEEM,12990,-14.482,
NEEM,13000,-14.665,
NEEM,13010,-14.766,
NEEM,13020,-15.038,
NEEM,13030,-15.421,
NEEM,13040,-15.839,
NEEM,13050,-16.093,
NEEM,13060,-16.211,
NEEM,13070,-16.286,
NEEM,13080,-16.250,
NEEM,13090,-16.202,
NEEM,13100,-16.168,
NEEM,13110,-16.051,
NEEM,13120,-15.863,
NEEM,13130,-15.552,
NEEM,13140,-15.238,
NEEM,13150,-14.906,
NEEM,13160,-14.531,
NEEM,13170,-14.161,
NEEM,13180,-13.805,
NEEM,13190,-13.470,
NEEM,13200,-13.166,
NEEM,13210,-12.873,
NEEM,13220,-12.609,
NEEM,13230,-12.373,
NEEM,13240,-12.165,
NEEM,13250,-11.957,
NEEM,13260,-11.819,
NEEM,13270,-11.704,
NEEM,13280,-11.549,
NEEM,13290,-11.449,
NEEM,13300,-11.388,
NEEM,13310,-11.331,
NEEM,13320,-11.257,
NEEM,13330,-11.246,
NEEM,13340,-11.317,
NEEM,13350,-11.361,
NEEM,13360,-11.337,
NEEM,13370,-11.295,
NEEM,13380,-11.204,
NEEM,13390,-11.073,
NEEM,13400,-10.943,
NEEM,13410,-10.863,
NEEM,13420,-10.861,
NEEM,13430,-10.946,
NEEM,13440,-11.036,
NEEM,13450,-11.242,
NEEM,13460,-11.554,
NEEM,13470,-11.967,
NEEM,13480,-12.380,
NEEM,13490,-12.783,
NEEM,13500,-13.118,
NEEM,13510,-13.287,
NEEM,13520,-13.289,
NEEM,13530,-13.217,
NEEM,13540,-12.994,
NEEM,13550,-12.711,
NEEM,13560,-12.336,
NEEM,13570,-11.980,
NEEM,13580,-11.661,
NEEM,13590,-11.450,
NEEM,13600,-11.352,
NEEM,13610,-11.327,
NEEM,13620,-11.387,
NEEM,13630,-11.497,
NEEM,13640,-11.554,
NEEM,13650,-11.620,
NEEM,13660,-11.678,
NEEM,13670,-11.720,
NEEM,13680,-11.676,
NEEM,13690,-11.620,
NEEM,13700,-11.550,
NEEM,13710,-11.453,
NEEM,13720,-11.369,
NEEM,13730,-11.324,
NEEM,13740,-11.236,
NEEM,13750,-11.159,
NEEM,13760,-11.108,
NEEM,13770,-11.138,
NEEM,13780,-11.232,
NEEM,13790,-11.410,
NEEM,13800,-11.681,
NEEM,13810,-11.999,
NEEM,13820,-12.344,
NEEM,13830,-12.773,
NEEM,13840,-13.267,
NEEM,13850,-13.773,
NEEM,13860,-14.249,
NEEM,13870,-14.666,
NEEM,13880,-14.931,
NEEM,13890,-15.014,
NEEM,13900,-14.900,
NEEM,13910,-14.634,
NEEM,13920,-14.262,
NEEM,13930,-13.770,
NEEM,13940,-13.174,
NEEM,13950,-12.535,
NEEM,13960,-11.925,
NEEM,13970,-11.488,
NEEM,13980,-11.220,
NEEM,13990,-11.107,
NEEM,14000,-11.021,
NEEM,14010,-10.905,
NEEM,14020,-10.759,
NEEM,14030,-10.718,
NEEM,14040,-10.703,
NEEM,14050,-10.642,
NEEM,14060,-10.463,
NEEM,14070,-10.200,
NEEM,14080,-9.926,
NEEM,14090,-9.739,
NEEM,14100,-9.592,
NEEM,14110,-9.518,
NEEM,14120,-9.399,
NEEM,14130,-9.315,
NEEM,14140,-9.212,
NEEM,14150,-9.201,
NEEM,14160,-9.201,
NEEM,14170,-9.164,
NEEM,14180,-9.128,
NEEM,14190,-9.188,
NEEM,14200,-9.226,
NEEM,14210,-9.232,
NEEM,14220,-9.189,
NEEM,14230,-9.192,
NEEM,14240,-9.179,
NEEM,14250,-9.148,
NEEM,14260,-9.125,
NEEM,14270,-9.092,
NEEM,14280,-8.966,
NEEM,14290,-8.823,
NEEM,14300,-8.669,
NEEM,14310,-8.522,
NEEM,14320,-8.389,
NEEM,14330,-8.241,
NEEM,14340,-8.121,
NEEM,14350,-7.995,
NEEM,14360,-7.880,
NEEM,14370,-7.753,
NEEM,14380,-7.658,
NEEM,14390,-7.687,
NEEM,14400,-7.766,
NEEM,14410,-7.773,
NEEM,14420,-7.725,
NEEM,14430,-7.695,
NEEM,14440,-7.773,
NEEM,14450,-7.935,
NEEM,14460,-8.212,
NEEM,14470,-8.591,
NEEM,14480,-8.936,
NEEM,14490,-9.251,
NEEM,14500,-9.633,
NEEM,14510,-10.129,
NEEM,14520,-10.715,
NEEM,14530,-11.452,
NEEM,14540,-12.332,
NEEM,14550,-13.282,
NEEM,14560,-14.216,
NEEM,14570,-15.181,
NEEM,14580,-16.166,
NEEM,14590,-17.068,
NEEM,14600,-17.879,
NEEM,14610,-18.631,
NEEM,14620,-19.093,
NEEM,14630,-19.307,
NEEM,14640,-19.363,
NEEM,14650,-19.339,
NEEM,14660,-19.300,
NEEM,14670,-19.266,
NEEM,14680,-19.345,
NEEM,14690,-19.426,
NEEM,14700,-19.405,
NEEM,14710,-19.444,
NEEM,14720,-19.528,
NEEM,14730,-19.569,
NEEM,14740,-19.586,
NEEM,14750,-19.565,
NEEM,14760,-19.573,
NEEM,14770,-19.557,
NEEM,14780,-19.525,
NEEM,14790,-19.502,
NEEM,14800,-19.492,
NEEM,14810,-19.463,
NEEM,14820,-19.484,
NEEM,14830,-19.568,
NEEM,14840,-19.723,
NEEM,14850,-19.897,
NEEM,14860,-20.028,
NEEM,14870,-20.139,
NEEM,14880,-20.238,
NEEM,14890,-20.335,
NEEM,14900,-20.506,
NEEM,14910,-20.675,
NEEM,14920,-20.740,
NEEM,14930,-20.717,
NEEM,14940,-20.683,
NEEM,14950,-20.688,
NEEM,14960,-20.722,
NEEM,14970,-20.713,
NEEM,14980,-20.608,
NEEM,14990,-20.453,
NEEM,15000,-20.279,
NEEM,15010,-20.179,
NEEM,15020,-20.108,
NEEM,15030,-19.981,
NEEM,15040,-19.867,
NEEM,15050,-19.715,
NEEM,15060,-19.597,
NEEM,15070,-19.564,
NEEM,15080,-19.597,
NEEM,15090,-19.625,
NEEM,15100,-19.612,
NEEM,15110,-19.653,
NEEM,15120,-19.797,
NEEM,15130,-19.893,
NEEM,15140,-19.985,
NEEM,15150,-20.129,
NEEM,15160,-20.208,
NEEM,15170,-20.161,
NEEM,15180,-20.153,
NEEM,15190,-20.159,
NEEM,15200,-20.126,
NEEM,15210,-19.991,
NEEM,15220,-19.848,
NEEM,15230,-19.756,
NEEM,15240,-19.674,
NEEM,15250,-19.719,
NEEM,15260,-19.865,
NEEM,15270,-19.978,
NEEM,15280,-20.143,
NEEM,15290,-20.280,
NEEM,15300,-20.388,
NEEM,15310,-20.501,
NEEM,15320,-20.554,
NEEM,15330,-20.641,
NEEM,15340,-20.707,
NEEM,15350,-20.688,
NEEM,15360,-20.664,
NEEM,15370,-20.638,
NEEM,15380,-20.661,
NEEM,15390,-20.730,
NEEM,15400,-20.775,
NEEM,15410,-20.812,
NEEM,15420,-20.787,
NEEM,15430,-20.707,
NEEM,15440,-20.659,
NEEM,15450,-20.636,
NEEM,15460,-20.628,
NEEM,15470,-20.564,
NEEM,15480,-20.400,
NEEM,15490,-20.271,
NEEM,15500,-20.239,
NEEM,15510,-20.265,
NEEM,15520,-20.332,
NEEM,15530,-20.396,
NEEM,15540,-20.500,
NEEM,15550,-20.593,
NEEM,15560,-20.681,
NEEM,15570,-20.902,
NEEM,15580,-21.194,
NEEM,15590,-21.503,
NEEM,15600,-21.716,
NEEM,15610,-21.840,
NEEM,15620,-21.797,
NEEM,15630,-21.692,
NEEM,15640,-21.535,
NEEM,15650,-21.386,
NEEM,15660,-21.190,
NEEM,15670,-20.892,
NEEM,15680,-20.538,
NEEM,15690,-20.268,
NEEM,15700,-20.063,
NEEM,15710,-20.068,
NEEM,15720,-20.161,
NEEM,15730,-20.310,
NEEM,15740,-20.423,
NEEM,15750,-20.474,
NEEM,15760,-20.526,
NEEM,15770,-20.568,
NEEM,15780,-20.555,
NEEM,15790,-20.543,
NEEM,15800,-20.495,
NEEM,15810,-20.403,
NEEM,15820,-20.313,
NEEM,15830,-20.287,
NEEM,15840,-20.278,
NEEM,15850,-20.296,
NEEM,15860,-20.325,
NEEM,15870,-20.380,
NEEM,15880,-20.430,
NEEM,15890,-20.471,
NEEM,15900,-20.526,
NEEM,15910,-20.590,
NEEM,15920,-20.673,
NEEM,15930,-20.893,
NEEM,15940,-21.169,
NEEM,15950,-21.455,
NEEM,15960,-21.720,
NEEM,15970,-21.922,
NEEM,15980,-22.083,
NEEM,15990,-22.185,
NEEM,16000,-22.245,
NEEM,16010,-22.262,
NEEM,16020,-22.168,
NEEM,16030,-21.964,
NEEM,16040,-21.725,
NEEM,16050,-21.487,
NEEM,16060,-21.338,
NEEM,16070,-21.291,
NEEM,16080,-21.285,
NEEM,16090,-21.236,
NEEM,16100,-21.133,
NEEM,16110,-21.020,
NEEM,16120,-20.941,
NEEM,16130,-20.907,
NEEM,16140,-20.908,
NEEM,16150,-20.842,
NEEM,16160,-20.690,
NEEM,16170,-20.556,
NEEM,16180,-20.471,
NEEM,16190,-20.452,
NEEM,16200,-20.471,
NEEM,16210,-20.483,
NEEM,16220,-20.453,
NEEM,16230,-20.430,
NEEM,16240,-20.467,
NEEM,16250,-20.481,
NEEM,16260,-20.508,
NEEM,16270,-20.572,
NEEM,16280,-20.622,
NEEM,16290,-20.638,
NEEM,16300,-20.665,
NEEM,16310,-20.725,
NEEM,16320,-20.753,
NEEM,16330,-20.729,
NEEM,16340,-20.753,
NEEM,16350,-20.768,
NEEM,16360,-20.748,
NEEM,16370,-20.723,
NEEM,16380,-20.718,
NEEM,16390,-20.713,
NEEM,16400,-20.680,
NEEM,16410,-20.632,
NEEM,16420,-20.567,
NEEM,16430,-20.443,
NEEM,16440,-20.275,
NEEM,16450,-20.103,
NEEM,16460,-19.949,
NEEM,16470,-19.823,
NEEM,16480,-19.718,
NEEM,16490,-19.649,
NEEM,16500,-19.599,
NEEM,16510,-19.560,
NEEM,16520,-19.570,
NEEM,16530,-19.651,
NEEM,16540,-19.779,
NEEM,16550,-19.913,
NEEM,16560,-20.039,
NEEM,16570,-20.130,
NEEM,16580,-20.186,
NEEM,16590,-20.232,
NEEM,16600,-20.302,
NEEM,16610,-20.384,
NEEM,16620,-20.443,
NEEM,16630,-20.476,
NEEM,16640,-20.479,
NEEM,16650,-20.451,
NEEM,16660,-20.462,
NEEM,16670,-20.526,
NEEM,16680,-20.591,
NEEM,16690,-20.615,
NEEM,16700,-20.597,
NEEM,16710,-20.554,
NEEM,16720,-20.505,
NEEM,16730,-20.477,
NEEM,16740,-20.489,
NEEM,16750,-20.488,
NEEM,16760,-20.424,
NEEM,16770,-20.352,
NEEM,16780,-20.302,
NEEM,16790,-20.250,
NEEM,16800,-20.194,
NEEM,16810,-20.140,
NEEM,16820,-20.091,
NEEM,16830,-20.006,
NEEM,16840,-19.892,
NEEM,16850,-19.791,
NEEM,16860,-19.724,
NEEM,16870,-19.732,
NEEM,16880,-19.835,
NEEM,16890,-19.959,
NEEM,16900,-20.064,
NEEM,16910,-20.151,
NEEM,16920,-20.293,
NEEM,16930,-20.462,
NEEM,16940,-20.656,
NEEM,16950,-20.875,
NEEM,16960,-21.096,
NEEM,16970,-21.250,
NEEM,16980,-21.330,
NEEM,16990,-21.371,
NEEM,17000,-21.401,
NEEM,17010,-21.392,
NEEM,17020,-21.391,
NEEM,17030,-21.414,
NEEM,17040,-21.350,
NEEM,17050,-21.265,
NEEM,17060,-21.227,
NEEM,17070,-21.229,
NEEM,17080,-21.222,
NEEM,17090,-21.156,
NEEM,17100,-21.004,
NEEM,17110,-20.765,
NEEM,17120,-20.468,
NEEM,17130,-20.206,
NEEM,17140,-19.939,
NEEM,17150,-19.696,
NEEM,17160,-19.552,
NEEM,17170,-19.497,
NEEM,17180,-19.496,
NEEM,17190,-19.517,
NEEM,17200,-19.582,
NEEM,17210,-19.670,
NEEM,17220,-19.759,
NEEM,17230,-19.894,
NEEM,17240,-20.019,
NEEM,17250,-20.072,
NEEM,17260,-20.085,
NEEM,17270,-20.110,
NEEM,17280,-20.178,
NEEM,17290,-20.282,
NEEM,17300,-20.389,
NEEM,17310,-20.518,
NEEM,17320,-20.611,
NEEM,17330,-20.665,
NEEM,17340,-20.701,
NEEM,17350,-20.699,
NEEM,17360,-20.664,
NEEM,17370,-20.611,
NEEM,17380,-20.556,
NEEM,17390,-20.541,
NEEM,17400,-20.564,
NEEM,17410,-20.582,
NEEM,17420,-20.565,
NEEM,17430,-20.523,
NEEM,17440,-20.484,
NEEM,17450,-20.474,
NEEM,17460,-20.491,
NEEM,17470,-20.509,
NEEM,17480,-20.498,
NEEM,17490,-20.463,
NEEM,17500,-20.443,
NEEM,17510,-20.485,
NEEM,17520,-20.607,
NEEM,17530,-20.805,
NEEM,17540,-21.030,
NEEM,17550,-21.257,
NEEM,17560,-21.458,
NEEM,17570,-21.639,
NEEM,17580,-21.781,
NEEM,17590,-21.831,
NEEM,17600,-21.838,
NEEM,17610,-21.780,
NEEM,17620,-21.651,
NEEM,17630,-21.496,
NEEM,17640,-21.362,
NEEM,17650,-21.272,
NEEM,17660,-21.187,
NEEM,17670,-21.081,
NEEM,17680,-20.998,
NEEM,17690,-20.861,
NEEM,17700,-20.715,
NEEM,17710,-20.662,
NEEM,17720,-20.644,
NEEM,17730,-20.644,
NEEM,17740,-20.652,
NEEM,17750,-20.649,
NEEM,17760,-20.612,
NEEM,17770,-20.578,
NEEM,17780,-20.605,
NEEM,17790,-20.675,
NEEM,17800,-20.700,
NEEM,17810,-20.676,
NEEM,17820,-20.558,
NEEM,17830,-20.371,
NEEM,17840,-20.166,
NEEM,17850,-20.013,
NEEM,17860,-19.923,
NEEM,17870,-19.861,
NEEM,17880,-19.791,
NEEM,17890,-19.727,
NEEM,17900,-19.701,
NEEM,17910,-19.692,
NEEM,17920,-19.644,
NEEM,17930,-19.583,
NEEM,17940,-19.533,
NEEM,17950,-19.443,
NEEM,17960,-19.290,
NEEM,17970,-19.126,
NEEM,17980,-18.969,
NEEM,17990,-18.735,
NEEM,18000,-18.520,
NEEM,18010,-18.324,
NEEM,18020,-18.216,
NEEM,18030,-18.172,
NEEM,18040,-18.176,
NEEM,18050,-18.248,
NEEM,18060,-18.347,
NEEM,18070,-18.430,
NEEM,18080,-18.587,
NEEM,18090,-18.761,
NEEM,18100,-18.958,
NEEM,18110,-19.069,
NEEM,18120,-19.107,
NEEM,18130,-19.112,
NEEM,18140,-19.121,
NEEM,18150,-19.124,
NEEM,18160,-19.168,
NEEM,18170,-19.159,
NEEM,18180,-19.101,
NEEM,18190,-19.063,
NEEM,18200,-19.097,
NEEM,18210,-19.241,
NEEM,18220,-19.427,
NEEM,18230,-19.599,
NEEM,18240,-19.784,
NEEM,18250,-19.891,
NEEM,18260,-20.027,
NEEM,18270,-20.198,
NEEM,18280,-20.353,
NEEM,18290,-20.473,
NEEM,18300,-20.472,
NEEM,18310,-20.439,
NEEM,18320,-20.426,
NEEM,18330,-20.419,
NEEM,18340,-20.451,
NEEM,18350,-20.495,
NEEM,18360,-20.551,
NEEM,18370,-20.596,
NEEM,18380,-20.626,
NEEM,18390,-20.689,
NEEM,18400,-20.753,
NEEM,18410,-20.760,
NEEM,18420,-20.680,
NEEM,18430,-20.542,
NEEM,18440,-20.343,
NEEM,18450,-20.103,
NEEM,18460,-19.895,
NEEM,18470,-19.714,
NEEM,18480,-19.585,
NEEM,18490,-19.453,
NEEM,18500,-19.333,
NEEM,18510,-19.297,
NEEM,18520,-19.352,
NEEM,18530,-19.476,
NEEM,18540,-19.636,
NEEM,18550,-19.794,
NEEM,18560,-19.945,
NEEM,18570,-20.073,
NEEM,18580,-20.228,
NEEM,18590,-20.365,
NEEM,18600,-20.411,
NEEM,18610,-20.354,
NEEM,18620,-20.260,
NEEM,18630,-20.161,
NEEM,18640,-20.127,
NEEM,18650,-20.125,
NEEM,18660,-20.051,
NEEM,18670,-19.937,
NEEM,18680,-19.824,
NEEM,18690,-19.751,
NEEM,18700,-19.736,
NEEM,18710,-19.708,
NEEM,18720,-19.660,
NEEM,18730,-19.588,
NEEM,18740,-19.523,
NEEM,18750,-19.530,
NEEM,18760,-19.538,
NEEM,18770,-19.602,
NEEM,18780,-19.650,
NEEM,18790,-19.598,
NEEM,18800,-19.587,
NEEM,18810,-19.601,
NEEM,18820,-19.604,
NEEM,18830,-19.555,
NEEM,18840,-19.422,
NEEM,18850,-19.229,
NEEM,18860,-19.001,
NEEM,18870,-18.886,
NEEM,18880,-18.915,
NEEM,18890,-18.987,
NEEM,18900,-19.057,
NEEM,18910,-19.070,
NEEM,18920,-19.065,
NEEM,18930,-19.052,
NEEM,18940,-19.072,
NEEM,18950,-19.056,
NEEM,18960,-18.986,
NEEM,18970,-18.869,
NEEM,18980,-18.664,
NEEM,18990,-18.484,
NEEM,19000,-18.388,
NEEM,19010,-18.337,
NEEM,19020,-18.344,
NEEM,19030,-18.371,
NEEM,19040,-18.460,
NEEM,19050,-18.555,
NEEM,19060,-18.692,
NEEM,19070,-18.824,
NEEM,19080,-18.932,
NEEM,19090,-18.945,
NEEM,19100,-18.909,
NEEM,19110,-18.886,
NEEM,19120,-18.841,
NEEM,19130,-18.759,
NEEM,19140,-18.624,
NEEM,19150,-18.430,
NEEM,19160,-18.327,
NEEM,19170,-18.276,
NEEM,19180,-18.295,
NEEM,19190,-18.296,
NEEM,19200,-18.240,
NEEM,19210,-18.279,
NEEM,19220,-18.341,
NEEM,19230,-18.441,
NEEM,19240,-18.557,
NEEM,19250,-18.622,
NEEM,19260,-18.618,
NEEM,19270,-18.565,
NEEM,19280,-18.573,
NEEM,19290,-18.600,
NEEM,19300,-18.550,
NEEM,19310,-18.477,
NEEM,19320,-18.389,
NEEM,19330,-18.231,
NEEM,19340,-18.028,
NEEM,19350,-17.895,
NEEM,19360,-17.873,
NEEM,19370,-17.875,
NEEM,19380,-17.896,
NEEM,19390,-17.929,
NEEM,19400,-17.985,
NEEM,19410,-18.024,
NEEM,19420,-18.109,
NEEM,19430,-18.274,
NEEM,19440,-18.395,
NEEM,19450,-18.413,
NEEM,19460,-18.421,
NEEM,19470,-18.385,
NEEM,19480,-18.268,
NEEM,19490,-18.133,
NEEM,19500,-18.060,
NEEM,19510,-18.027,
NEEM,19520,-17.936,
NEEM,19530,-17.812,
NEEM,19540,-17.731,
NEEM,19550,-17.694,
NEEM,19560,-17.711,
NEEM,19570,-17.758,
NEEM,19580,-17.799,
NEEM,19590,-17.817,
NEEM,19600,-17.750,
NEEM,19610,-17.656,
NEEM,19620,-17.584,
NEEM,19630,-17.505,
NEEM,19640,-17.346,
NEEM,19650,-17.153,
NEEM,19660,-17.049,
NEEM,19670,-16.951,
NEEM,19680,-16.849,
NEEM,19690,-16.833,
NEEM,19700,-16.898,
NEEM,19710,-16.981,
NEEM,19720,-17.007,
NEEM,19730,-17.015,
NEEM,19740,-17.031,
NEEM,19750,-17.011,
NEEM,19760,-17.060,
NEEM,19770,-17.103,
NEEM,19780,-17.142,
NEEM,19790,-17.159,
NEEM,19800,-17.135,
NEEM,19810,-17.111,
NEEM,19820,-17.101,
NEEM,19830,-17.093,
NEEM,19840,-17.041,
NEEM,19850,-16.970,
NEEM,19860,-16.931,
NEEM,19870,-16.912,
NEEM,19880,-16.844,
NEEM,19890,-16.727,
NEEM,19900,-16.676,
NEEM,19910,-16.671,
NEEM,19920,-16.675,
NEEM,19930,-16.695,
NEEM,19940,-16.657,
NEEM,19950,-16.535,
NEEM,19960,-16.377,
NEEM,19970,-16.248,
NEEM,19980,-16.244,
NEEM,19990,-16.261,
NEEM,20000,-16.268,